time,volume,open,close
2019-11-27 00:00:00+00:00,3604600,"Quotation(units=452, nano=0)","Quotation(units=445, nano=900000000)"
2019-11-28 00:00:00+00:00,2224970,"Quotation(units=445, nano=450000000)","Quotation(units=445, nano=500000000)"
2019-11-29 00:00:00+00:00,2907480,"Quotation(units=444, nano=600000000)","Quotation(units=441, nano=0)"
2019-12-02 00:00:00+00:00,3243280,"Quotation(units=443, nano=400000000)","Quotation(units=435, nano=450000000)"
2019-12-03 00:00:00+00:00,2849710,"Quotation(units=434, nano=200000000)","Quotation(units=433, nano=0)"
2019-12-04 00:00:00+00:00,3553690,"Quotation(units=433, nano=400000000)","Quotation(units=442, nano=150000000)"
2019-12-05 00:00:00+00:00,2932430,"Quotation(units=441, nano=0)","Quotation(units=438, nano=400000000)"
2019-12-06 00:00:00+00:00,2845350,"Quotation(units=438, nano=400000000)","Quotation(units=446, nano=0)"
2019-12-09 00:00:00+00:00,2006130,"Quotation(units=448, nano=0)","Quotation(units=449, nano=0)"
2019-12-10 00:00:00+00:00,2593230,"Quotation(units=448, nano=800000000)","Quotation(units=448, nano=850000000)"
2019-12-11 00:00:00+00:00,3936930,"Quotation(units=449, nano=450000000)","Quotation(units=451, nano=700000000)"
2019-12-12 00:00:00+00:00,5508850,"Quotation(units=453, nano=300000000)","Quotation(units=452, nano=800000000)"
2019-12-13 00:00:00+00:00,4586410,"Quotation(units=456, nano=150000000)","Quotation(units=451, nano=100000000)"
2019-12-16 00:00:00+00:00,3597230,"Quotation(units=450, nano=800000000)","Quotation(units=448, nano=450000000)"
2019-12-17 00:00:00+00:00,5215360,"Quotation(units=449, nano=950000000)","Quotation(units=454, nano=50000000)"
2019-12-18 00:00:00+00:00,4389380,"Quotation(units=453, nano=0)","Quotation(units=454, nano=450000000)"
2019-12-19 00:00:00+00:00,5095820,"Quotation(units=454, nano=500000000)","Quotation(units=451, nano=750000000)"
2019-12-20 00:00:00+00:00,5244610,"Quotation(units=452, nano=450000000)","Quotation(units=451, nano=750000000)"
2019-12-23 00:00:00+00:00,2999470,"Quotation(units=451, nano=700000000)","Quotation(units=451, nano=0)"
2019-12-24 00:00:00+00:00,1574240,"Quotation(units=451, nano=0)","Quotation(units=451, nano=400000000)"
2019-12-25 00:00:00+00:00,1649040,"Quotation(units=452, nano=0)","Quotation(units=454, nano=0)"
2019-12-26 00:00:00+00:00,1786410,"Quotation(units=455, nano=700000000)","Quotation(units=452, nano=500000000)"
2019-12-27 00:00:00+00:00,2784150,"Quotation(units=453, nano=500000000)","Quotation(units=453, nano=500000000)"
2019-12-30 00:00:00+00:00,3255130,"Quotation(units=453, nano=400000000)","Quotation(units=449, nano=700000000)"
2020-01-03 00:00:00+00:00,4376800,"Quotation(units=453, nano=750000000)","Quotation(units=456, nano=900000000)"
2020-01-06 00:00:00+00:00,6828930,"Quotation(units=459, nano=0)","Quotation(units=455, nano=600000000)"
2020-01-08 00:00:00+00:00,9251220,"Quotation(units=456, nano=0)","Quotation(units=452, nano=0)"
2020-01-09 00:00:00+00:00,4977360,"Quotation(units=452, nano=400000000)","Quotation(units=460, nano=200000000)"
2020-01-10 00:00:00+00:00,6695940,"Quotation(units=459, nano=900000000)","Quotation(units=473, nano=500000000)"
2020-01-13 00:00:00+00:00,4812230,"Quotation(units=476, nano=650000000)","Quotation(units=481, nano=150000000)"
2020-01-14 00:00:00+00:00,6553240,"Quotation(units=481, nano=150000000)","Quotation(units=475, nano=500000000)"
2020-01-15 00:00:00+00:00,4595510,"Quotation(units=474, nano=700000000)","Quotation(units=474, nano=500000000)"
2020-01-16 00:00:00+00:00,4124610,"Quotation(units=477, nano=950000000)","Quotation(units=480, nano=950000000)"
2020-01-17 00:00:00+00:00,4466590,"Quotation(units=482, nano=450000000)","Quotation(units=485, nano=150000000)"
2020-01-20 00:00:00+00:00,3130680,"Quotation(units=488, nano=0)","Quotation(units=484, nano=850000000)"
2020-01-21 00:00:00+00:00,2932730,"Quotation(units=482, nano=550000000)","Quotation(units=486, nano=150000000)"
2020-01-22 00:00:00+00:00,11724320,"Quotation(units=486, nano=250000000)","Quotation(units=478, nano=150000000)"
2020-01-23 00:00:00+00:00,4185540,"Quotation(units=475, nano=0)","Quotation(units=473, nano=100000000)"
2020-01-24 00:00:00+00:00,3300950,"Quotation(units=475, nano=50000000)","Quotation(units=474, nano=0)"
2020-01-27 00:00:00+00:00,5684600,"Quotation(units=469, nano=50000000)","Quotation(units=468, nano=300000000)"
2020-01-28 00:00:00+00:00,5883840,"Quotation(units=472, nano=100000000)","Quotation(units=477, nano=700000000)"
2020-01-29 00:00:00+00:00,6309330,"Quotation(units=480, nano=500000000)","Quotation(units=481, nano=700000000)"
2020-01-30 00:00:00+00:00,14599820,"Quotation(units=480, nano=950000000)","Quotation(units=481, nano=200000000)"
2020-01-31 00:00:00+00:00,8598480,"Quotation(units=485, nano=0)","Quotation(units=480, nano=500000000)"
2020-02-03 00:00:00+00:00,4692830,"Quotation(units=478, nano=700000000)","Quotation(units=479, nano=950000000)"
2020-02-04 00:00:00+00:00,8782880,"Quotation(units=481, nano=0)","Quotation(units=480, nano=0)"
2020-02-05 00:00:00+00:00,5659990,"Quotation(units=481, nano=0)","Quotation(units=477, nano=0)"
2020-02-06 00:00:00+00:00,4759310,"Quotation(units=478, nano=500000000)","Quotation(units=475, nano=600000000)"
2020-02-07 00:00:00+00:00,16679550,"Quotation(units=475, nano=500000000)","Quotation(units=463, nano=600000000)"
2020-02-10 00:00:00+00:00,8918200,"Quotation(units=463, nano=600000000)","Quotation(units=450, nano=0)"
2020-02-11 00:00:00+00:00,7847480,"Quotation(units=454, nano=850000000)","Quotation(units=454, nano=300000000)"
2020-02-12 00:00:00+00:00,7411680,"Quotation(units=456, nano=700000000)","Quotation(units=465, nano=800000000)"
2020-02-13 00:00:00+00:00,5200420,"Quotation(units=463, nano=200000000)","Quotation(units=463, nano=0)"
2020-02-14 00:00:00+00:00,4928520,"Quotation(units=463, nano=0)","Quotation(units=460, nano=500000000)"
2020-02-17 00:00:00+00:00,2862290,"Quotation(units=461, nano=0)","Quotation(units=464, nano=700000000)"
2020-02-18 00:00:00+00:00,12455090,"Quotation(units=462, nano=700000000)","Quotation(units=452, nano=200000000)"
2020-02-19 00:00:00+00:00,10662570,"Quotation(units=455, nano=250000000)","Quotation(units=465, nano=650000000)"
2020-02-20 00:00:00+00:00,9033880,"Quotation(units=468, nano=0)","Quotation(units=470, nano=400000000)"
2020-02-21 00:00:00+00:00,6005410,"Quotation(units=468, nano=100000000)","Quotation(units=461, nano=750000000)"
2020-02-25 00:00:00+00:00,7406410,"Quotation(units=455, nano=50000000)","Quotation(units=443, nano=850000000)"
2020-02-26 00:00:00+00:00,9702670,"Quotation(units=441, nano=750000000)","Quotation(units=443, nano=700000000)"
2020-02-27 00:00:00+00:00,9695140,"Quotation(units=437, nano=0)","Quotation(units=422, nano=50000000)"
2020-02-28 00:00:00+00:00,18913840,"Quotation(units=416, nano=0)","Quotation(units=403, nano=400000000)"
2020-03-02 00:00:00+00:00,11867380,"Quotation(units=411, nano=0)","Quotation(units=394, nano=500000000)"
2020-03-03 00:00:00+00:00,11096890,"Quotation(units=406, nano=950000000)","Quotation(units=406, nano=0)"
2020-03-04 00:00:00+00:00,9096600,"Quotation(units=403, nano=0)","Quotation(units=415, nano=950000000)"
2020-03-05 00:00:00+00:00,8606580,"Quotation(units=417, nano=500000000)","Quotation(units=410, nano=600000000)"
2020-03-06 00:00:00+00:00,12793490,"Quotation(units=406, nano=0)","Quotation(units=392, nano=950000000)"
2020-03-10 00:00:00+00:00,38328490,"Quotation(units=353, nano=700000000)","Quotation(units=326, nano=500000000)"
2020-03-11 00:00:00+00:00,20738020,"Quotation(units=332, nano=900000000)","Quotation(units=314, nano=50000000)"
2020-03-12 00:00:00+00:00,29246810,"Quotation(units=300, nano=0)","Quotation(units=277, nano=500000000)"
2020-03-13 00:00:00+00:00,44712980,"Quotation(units=261, nano=200000000)","Quotation(units=266, nano=250000000)"
2020-03-16 00:00:00+00:00,31025780,"Quotation(units=266, nano=250000000)","Quotation(units=258, nano=500000000)"
2020-03-17 00:00:00+00:00,19695180,"Quotation(units=260, nano=500000000)","Quotation(units=249, nano=150000000)"
2020-03-18 00:00:00+00:00,19316370,"Quotation(units=244, nano=0)","Quotation(units=234, nano=0)"
2020-03-19 00:00:00+00:00,37674540,"Quotation(units=237, nano=0)","Quotation(units=264, nano=400000000)"
2020-03-20 00:00:00+00:00,45411190,"Quotation(units=274, nano=500000000)","Quotation(units=287, nano=750000000)"
2020-03-23 00:00:00+00:00,35837260,"Quotation(units=275, nano=0)","Quotation(units=274, nano=0)"
2020-03-24 00:00:00+00:00,22742550,"Quotation(units=300, nano=0)","Quotation(units=298, nano=500000000)"
2020-03-25 00:00:00+00:00,36681020,"Quotation(units=304, nano=500000000)","Quotation(units=304, nano=750000000)"
2020-03-26 00:00:00+00:00,20497860,"Quotation(units=304, nano=750000000)","Quotation(units=316, nano=200000000)"
2020-03-27 00:00:00+00:00,13849010,"Quotation(units=315, nano=900000000)","Quotation(units=302, nano=800000000)"
2020-03-30 00:00:00+00:00,29933870,"Quotation(units=316, nano=500000000)","Quotation(units=301, nano=0)"
2020-03-31 00:00:00+00:00,25538920,"Quotation(units=305, nano=100000000)","Quotation(units=314, nano=350000000)"
2020-04-01 00:00:00+00:00,18359340,"Quotation(units=308, nano=0)","Quotation(units=321, nano=0)"
2020-04-02 00:00:00+00:00,38778560,"Quotation(units=335, nano=0)","Quotation(units=340, nano=500000000)"
2020-04-03 00:00:00+00:00,37269440,"Quotation(units=344, nano=0)","Quotation(units=345, nano=0)"
2020-04-06 00:00:00+00:00,18148920,"Quotation(units=348, nano=0)","Quotation(units=343, nano=0)"
2020-04-07 00:00:00+00:00,28546820,"Quotation(units=350, nano=0)","Quotation(units=339, nano=500000000)"
2020-04-08 00:00:00+00:00,14035290,"Quotation(units=337, nano=0)","Quotation(units=341, nano=500000000)"
2020-04-09 00:00:00+00:00,27112760,"Quotation(units=347, nano=900000000)","Quotation(units=353, nano=0)"
2020-04-10 00:00:00+00:00,12849240,"Quotation(units=350, nano=0)","Quotation(units=344, nano=0)"
2020-04-13 00:00:00+00:00,9852690,"Quotation(units=345, nano=0)","Quotation(units=336, nano=700000000)"
2020-04-14 00:00:00+00:00,13264460,"Quotation(units=339, nano=150000000)","Quotation(units=330, nano=950000000)"
2020-04-15 00:00:00+00:00,19859390,"Quotation(units=328, nano=0)","Quotation(units=307, nano=250000000)"
2020-04-16 00:00:00+00:00,21559360,"Quotation(units=308, nano=850000000)","Quotation(units=305, nano=750000000)"
2020-04-17 00:00:00+00:00,14666310,"Quotation(units=312, nano=0)","Quotation(units=313, nano=900000000)"
2020-04-20 00:00:00+00:00,12229610,"Quotation(units=310, nano=500000000)","Quotation(units=307, nano=900000000)"
2020-04-21 00:00:00+00:00,25247170,"Quotation(units=299, nano=200000000)","Quotation(units=304, nano=0)"
2020-04-22 00:00:00+00:00,25009860,"Quotation(units=299, nano=100000000)","Quotation(units=321, nano=950000000)"
2020-04-23 00:00:00+00:00,22987910,"Quotation(units=329, nano=600000000)","Quotation(units=335, nano=0)"
2020-04-24 00:00:00+00:00,16539600,"Quotation(units=334, nano=700000000)","Quotation(units=324, nano=0)"
2020-04-27 00:00:00+00:00,10276660,"Quotation(units=322, nano=200000000)","Quotation(units=322, nano=900000000)"
2020-04-28 00:00:00+00:00,17584700,"Quotation(units=320, nano=500000000)","Quotation(units=325, nano=100000000)"
2020-04-29 00:00:00+00:00,15369840,"Quotation(units=328, nano=0)","Quotation(units=337, nano=950000000)"
2020-04-30 00:00:00+00:00,17148520,"Quotation(units=343, nano=250000000)","Quotation(units=335, nano=650000000)"
2020-05-04 00:00:00+00:00,8831090,"Quotation(units=330, nano=550000000)","Quotation(units=331, nano=0)"
2020-05-05 00:00:00+00:00,13975500,"Quotation(units=337, nano=0)","Quotation(units=342, nano=500000000)"
2020-05-06 00:00:00+00:00,14591870,"Quotation(units=344, nano=0)","Quotation(units=336, nano=650000000)"
2020-05-07 00:00:00+00:00,12491770,"Quotation(units=337, nano=150000000)","Quotation(units=343, nano=0)"
2020-05-08 00:00:00+00:00,9550290,"Quotation(units=344, nano=50000000)","Quotation(units=348, nano=0)"
2020-05-12 00:00:00+00:00,11186970,"Quotation(units=347, nano=800000000)","Quotation(units=351, nano=100000000)"
2020-05-13 00:00:00+00:00,8913160,"Quotation(units=350, nano=300000000)","Quotation(units=348, nano=0)"
2020-05-14 00:00:00+00:00,8929200,"Quotation(units=346, nano=0)","Quotation(units=347, nano=150000000)"
2020-05-15 00:00:00+00:00,9514140,"Quotation(units=351, nano=200000000)","Quotation(units=350, nano=50000000)"
2020-05-18 00:00:00+00:00,19896670,"Quotation(units=357, nano=500000000)","Quotation(units=375, nano=50000000)"
2020-05-19 00:00:00+00:00,18944540,"Quotation(units=376, nano=200000000)","Quotation(units=376, nano=500000000)"
2020-05-20 00:00:00+00:00,14745420,"Quotation(units=374, nano=0)","Quotation(units=380, nano=250000000)"
2020-05-21 00:00:00+00:00,20892400,"Quotation(units=378, nano=900000000)","Quotation(units=367, nano=0)"
2020-05-22 00:00:00+00:00,13802870,"Quotation(units=359, nano=700000000)","Quotation(units=364, nano=500000000)"
2020-05-25 00:00:00+00:00,5287090,"Quotation(units=366, nano=500000000)","Quotation(units=373, nano=950000000)"
2020-05-26 00:00:00+00:00,10602650,"Quotation(units=377, nano=800000000)","Quotation(units=374, nano=400000000)"
2020-05-27 00:00:00+00:00,12194760,"Quotation(units=373, nano=800000000)","Quotation(units=374, nano=900000000)"
2020-05-28 00:00:00+00:00,7373100,"Quotation(units=376, nano=800000000)","Quotation(units=377, nano=450000000)"
2020-05-29 00:00:00+00:00,10712590,"Quotation(units=374, nano=50000000)","Quotation(units=376, nano=200000000)"
2020-06-01 00:00:00+00:00,8342370,"Quotation(units=380, nano=0)","Quotation(units=378, nano=700000000)"
2020-06-02 00:00:00+00:00,13076410,"Quotation(units=380, nano=550000000)","Quotation(units=387, nano=0)"
2020-06-03 00:00:00+00:00,13929180,"Quotation(units=390, nano=200000000)","Quotation(units=396, nano=950000000)"
2020-06-04 00:00:00+00:00,8822490,"Quotation(units=397, nano=0)","Quotation(units=390, nano=50000000)"
2020-06-05 00:00:00+00:00,11598780,"Quotation(units=394, nano=500000000)","Quotation(units=401, nano=950000000)"
2020-06-08 00:00:00+00:00,12647060,"Quotation(units=407, nano=0)","Quotation(units=400, nano=150000000)"
2020-06-09 00:00:00+00:00,10121950,"Quotation(units=403, nano=0)","Quotation(units=402, nano=0)"
2020-06-10 00:00:00+00:00,8811590,"Quotation(units=401, nano=600000000)","Quotation(units=400, nano=300000000)"
2020-06-11 00:00:00+00:00,15665520,"Quotation(units=382, nano=900000000)","Quotation(units=376, nano=100000000)"
2020-06-15 00:00:00+00:00,12122290,"Quotation(units=368, nano=700000000)","Quotation(units=366, nano=150000000)"
2020-06-16 00:00:00+00:00,9207160,"Quotation(units=372, nano=150000000)","Quotation(units=371, nano=400000000)"
2020-06-17 00:00:00+00:00,6434810,"Quotation(units=372, nano=550000000)","Quotation(units=371, nano=750000000)"
2020-06-18 00:00:00+00:00,5309220,"Quotation(units=371, nano=700000000)","Quotation(units=373, nano=650000000)"
2020-06-19 00:00:00+00:00,7039450,"Quotation(units=376, nano=150000000)","Quotation(units=376, nano=150000000)"
2020-06-22 00:00:00+00:00,5860910,"Quotation(units=374, nano=550000000)","Quotation(units=374, nano=250000000)"
2020-06-23 00:00:00+00:00,4257880,"Quotation(units=376, nano=900000000)","Quotation(units=375, nano=950000000)"
2020-06-25 00:00:00+00:00,9320050,"Quotation(units=366, nano=950000000)","Quotation(units=369, nano=800000000)"
2020-06-26 00:00:00+00:00,3593650,"Quotation(units=373, nano=50000000)","Quotation(units=368, nano=800000000)"
2020-06-29 00:00:00+00:00,4326180,"Quotation(units=365, nano=500000000)","Quotation(units=364, nano=50000000)"
2020-06-30 00:00:00+00:00,4138970,"Quotation(units=365, nano=600000000)","Quotation(units=360, nano=800000000)"
2020-07-02 00:00:00+00:00,3698320,"Quotation(units=364, nano=50000000)","Quotation(units=367, nano=50000000)"
2020-07-03 00:00:00+00:00,3345410,"Quotation(units=367, nano=500000000)","Quotation(units=364, nano=950000000)"
2020-07-06 00:00:00+00:00,5171010,"Quotation(units=367, nano=600000000)","Quotation(units=370, nano=100000000)"
2020-07-07 00:00:00+00:00,3427320,"Quotation(units=366, nano=0)","Quotation(units=366, nano=900000000)"
2020-07-08 00:00:00+00:00,2852700,"Quotation(units=366, nano=0)","Quotation(units=365, nano=700000000)"
2020-07-09 00:00:00+00:00,3948680,"Quotation(units=366, nano=850000000)","Quotation(units=363, nano=850000000)"
2020-07-10 00:00:00+00:00,4244590,"Quotation(units=361, nano=50000000)","Quotation(units=364, nano=500000000)"
2020-07-13 00:00:00+00:00,5009880,"Quotation(units=366, nano=0)","Quotation(units=356, nano=300000000)"
2020-07-14 00:00:00+00:00,7437920,"Quotation(units=355, nano=950000000)","Quotation(units=354, nano=400000000)"
2020-07-15 00:00:00+00:00,8347910,"Quotation(units=355, nano=100000000)","Quotation(units=356, nano=0)"
2020-07-16 00:00:00+00:00,2854850,"Quotation(units=357, nano=0)","Quotation(units=360, nano=700000000)"
2020-07-17 00:00:00+00:00,2152460,"Quotation(units=361, nano=0)","Quotation(units=360, nano=500000000)"
2020-07-20 00:00:00+00:00,3791780,"Quotation(units=359, nano=350000000)","Quotation(units=361, nano=0)"
2020-07-21 00:00:00+00:00,5282220,"Quotation(units=362, nano=500000000)","Quotation(units=365, nano=600000000)"
2020-07-22 00:00:00+00:00,3386370,"Quotation(units=364, nano=0)","Quotation(units=362, nano=850000000)"
2020-07-23 00:00:00+00:00,3228630,"Quotation(units=366, nano=0)","Quotation(units=362, nano=900000000)"
2020-07-24 00:00:00+00:00,4487370,"Quotation(units=358, nano=200000000)","Quotation(units=359, nano=250000000)"
2020-07-27 00:00:00+00:00,4490460,"Quotation(units=361, nano=0)","Quotation(units=356, nano=900000000)"
2020-07-28 00:00:00+00:00,4091640,"Quotation(units=358, nano=950000000)","Quotation(units=356, nano=750000000)"
2020-07-29 00:00:00+00:00,5483830,"Quotation(units=356, nano=0)","Quotation(units=360, nano=0)"
2020-07-30 00:00:00+00:00,5663350,"Quotation(units=359, nano=50000000)","Quotation(units=354, nano=250000000)"
2020-07-31 00:00:00+00:00,4021490,"Quotation(units=356, nano=0)","Quotation(units=356, nano=500000000)"
2020-08-03 00:00:00+00:00,3730310,"Quotation(units=356, nano=0)","Quotation(units=356, nano=200000000)"
2020-08-04 00:00:00+00:00,4723740,"Quotation(units=356, nano=500000000)","Quotation(units=360, nano=0)"
2020-08-05 00:00:00+00:00,7946580,"Quotation(units=361, nano=0)","Quotation(units=364, nano=550000000)"
2020-08-06 00:00:00+00:00,6136500,"Quotation(units=365, nano=50000000)","Quotation(units=367, nano=700000000)"
2020-08-07 00:00:00+00:00,4826180,"Quotation(units=367, nano=800000000)","Quotation(units=366, nano=100000000)"
2020-08-10 00:00:00+00:00,3341230,"Quotation(units=367, nano=950000000)","Quotation(units=366, nano=850000000)"
2020-08-11 00:00:00+00:00,6201990,"Quotation(units=369, nano=0)","Quotation(units=371, nano=150000000)"
2020-08-12 00:00:00+00:00,7432810,"Quotation(units=369, nano=0)","Quotation(units=377, nano=700000000)"
2020-08-13 00:00:00+00:00,10592250,"Quotation(units=379, nano=0)","Quotation(units=389, nano=350000000)"
2020-08-14 00:00:00+00:00,6088640,"Quotation(units=387, nano=500000000)","Quotation(units=388, nano=0)"
2020-08-17 00:00:00+00:00,6546720,"Quotation(units=389, nano=500000000)","Quotation(units=387, nano=250000000)"
2020-08-18 00:00:00+00:00,5600460,"Quotation(units=388, nano=0)","Quotation(units=391, nano=800000000)"
2020-08-19 00:00:00+00:00,3868960,"Quotation(units=392, nano=400000000)","Quotation(units=387, nano=300000000)"
2020-08-20 00:00:00+00:00,5242640,"Quotation(units=385, nano=100000000)","Quotation(units=379, nano=950000000)"
2020-08-21 00:00:00+00:00,4100350,"Quotation(units=382, nano=50000000)","Quotation(units=382, nano=150000000)"
2020-08-24 00:00:00+00:00,3243240,"Quotation(units=384, nano=550000000)","Quotation(units=388, nano=500000000)"
2020-08-25 00:00:00+00:00,5975530,"Quotation(units=389, nano=500000000)","Quotation(units=393, nano=450000000)"
2020-08-26 00:00:00+00:00,5660100,"Quotation(units=393, nano=50000000)","Quotation(units=397, nano=250000000)"
2020-08-27 00:00:00+00:00,3889140,"Quotation(units=397, nano=950000000)","Quotation(units=390, nano=650000000)"
2020-08-28 00:00:00+00:00,3497930,"Quotation(units=389, nano=900000000)","Quotation(units=379, nano=450000000)"
2020-08-31 00:00:00+00:00,7521510,"Quotation(units=382, nano=0)","Quotation(units=371, nano=850000000)"
2020-09-01 00:00:00+00:00,3558470,"Quotation(units=375, nano=300000000)","Quotation(units=372, nano=300000000)"
2020-09-02 00:00:00+00:00,4525330,"Quotation(units=374, nano=150000000)","Quotation(units=373, nano=100000000)"
2020-09-03 00:00:00+00:00,4804100,"Quotation(units=371, nano=0)","Quotation(units=366, nano=950000000)"
2020-09-04 00:00:00+00:00,5655120,"Quotation(units=365, nano=750000000)","Quotation(units=370, nano=900000000)"
2020-09-07 00:00:00+00:00,3419960,"Quotation(units=370, nano=0)","Quotation(units=371, nano=0)"
2020-09-08 00:00:00+00:00,5021740,"Quotation(units=370, nano=150000000)","Quotation(units=367, nano=800000000)"
2020-09-09 00:00:00+00:00,4596650,"Quotation(units=367, nano=700000000)","Quotation(units=371, nano=50000000)"
2020-09-10 00:00:00+00:00,4262650,"Quotation(units=372, nano=50000000)","Quotation(units=368, nano=900000000)"
2020-09-11 00:00:00+00:00,3236060,"Quotation(units=367, nano=0)","Quotation(units=371, nano=450000000)"
2020-09-14 00:00:00+00:00,3276980,"Quotation(units=372, nano=0)","Quotation(units=372, nano=600000000)"
2020-09-15 00:00:00+00:00,4047720,"Quotation(units=374, nano=0)","Quotation(units=384, nano=600000000)"
2020-09-16 00:00:00+00:00,4944730,"Quotation(units=386, nano=50000000)","Quotation(units=384, nano=300000000)"
2020-09-17 00:00:00+00:00,5337090,"Quotation(units=383, nano=0)","Quotation(units=379, nano=100000000)"
2020-09-18 00:00:00+00:00,4167400,"Quotation(units=382, nano=900000000)","Quotation(units=378, nano=750000000)"
2020-09-21 00:00:00+00:00,6772510,"Quotation(units=376, nano=0)","Quotation(units=365, nano=750000000)"
2020-09-22 00:00:00+00:00,4164420,"Quotation(units=367, nano=700000000)","Quotation(units=372, nano=550000000)"
2020-09-23 00:00:00+00:00,3812730,"Quotation(units=375, nano=800000000)","Quotation(units=373, nano=200000000)"
2020-09-24 00:00:00+00:00,3899530,"Quotation(units=373, nano=200000000)","Quotation(units=377, nano=300000000)"
2020-09-25 00:00:00+00:00,4445740,"Quotation(units=379, nano=0)","Quotation(units=380, nano=450000000)"
2020-09-28 00:00:00+00:00,3439130,"Quotation(units=382, nano=350000000)","Quotation(units=384, nano=600000000)"
2020-09-29 00:00:00+00:00,4544310,"Quotation(units=386, nano=0)","Quotation(units=384, nano=200000000)"
2020-09-30 00:00:00+00:00,3705240,"Quotation(units=382, nano=950000000)","Quotation(units=383, nano=400000000)"
2020-10-01 00:00:00+00:00,5605640,"Quotation(units=386, nano=850000000)","Quotation(units=385, nano=0)"
2020-10-02 00:00:00+00:00,5010190,"Quotation(units=383, nano=500000000)","Quotation(units=380, nano=500000000)"
2020-10-05 00:00:00+00:00,5735200,"Quotation(units=382, nano=950000000)","Quotation(units=390, nano=700000000)"
2020-10-06 00:00:00+00:00,4592340,"Quotation(units=392, nano=0)","Quotation(units=393, nano=700000000)"
2020-10-07 00:00:00+00:00,4112860,"Quotation(units=390, nano=0)","Quotation(units=388, nano=350000000)"
2020-10-08 00:00:00+00:00,4043080,"Quotation(units=390, nano=0)","Quotation(units=391, nano=750000000)"
2020-10-09 00:00:00+00:00,3073540,"Quotation(units=393, nano=0)","Quotation(units=386, nano=200000000)"
2020-10-12 00:00:00+00:00,4427040,"Quotation(units=386, nano=100000000)","Quotation(units=384, nano=300000000)"
2020-10-13 00:00:00+00:00,2537000,"Quotation(units=384, nano=300000000)","Quotation(units=379, nano=500000000)"
2020-10-14 00:00:00+00:00,3024710,"Quotation(units=379, nano=0)","Quotation(units=385, nano=900000000)"
2020-10-15 00:00:00+00:00,3617750,"Quotation(units=384, nano=200000000)","Quotation(units=381, nano=100000000)"
2020-10-16 00:00:00+00:00,3356910,"Quotation(units=378, nano=750000000)","Quotation(units=384, nano=0)"
2020-10-19 00:00:00+00:00,3105900,"Quotation(units=385, nano=250000000)","Quotation(units=382, nano=450000000)"
2020-10-20 00:00:00+00:00,2249100,"Quotation(units=380, nano=100000000)","Quotation(units=382, nano=950000000)"
2020-10-21 00:00:00+00:00,2373960,"Quotation(units=384, nano=600000000)","Quotation(units=384, nano=950000000)"
2020-10-22 00:00:00+00:00,2908960,"Quotation(units=382, nano=900000000)","Quotation(units=382, nano=100000000)"
2020-10-23 00:00:00+00:00,2407290,"Quotation(units=381, nano=800000000)","Quotation(units=380, nano=400000000)"
2020-10-26 00:00:00+00:00,2834990,"Quotation(units=376, nano=800000000)","Quotation(units=375, nano=600000000)"
2020-10-27 00:00:00+00:00,3056710,"Quotation(units=375, nano=0)","Quotation(units=373, nano=550000000)"
2020-10-28 00:00:00+00:00,9829480,"Quotation(units=371, nano=850000000)","Quotation(units=351, nano=750000000)"
2020-10-29 00:00:00+00:00,8015380,"Quotation(units=353, nano=100000000)","Quotation(units=351, nano=800000000)"
2020-10-30 00:00:00+00:00,5727820,"Quotation(units=349, nano=0)","Quotation(units=351, nano=100000000)"
2020-11-02 00:00:00+00:00,8455340,"Quotation(units=346, nano=50000000)","Quotation(units=357, nano=200000000)"
2020-11-03 00:00:00+00:00,8068840,"Quotation(units=360, nano=0)","Quotation(units=375, nano=400000000)"
2020-11-05 00:00:00+00:00,9371750,"Quotation(units=378, nano=300000000)","Quotation(units=384, nano=350000000)"
2020-11-06 00:00:00+00:00,6424710,"Quotation(units=380, nano=250000000)","Quotation(units=382, nano=800000000)"
2020-11-09 00:00:00+00:00,15986400,"Quotation(units=385, nano=650000000)","Quotation(units=403, nano=550000000)"
2020-11-10 00:00:00+00:00,11053520,"Quotation(units=395, nano=400000000)","Quotation(units=413, nano=450000000)"
2020-11-11 00:00:00+00:00,16144380,"Quotation(units=416, nano=400000000)","Quotation(units=425, nano=100000000)"
2020-11-12 00:00:00+00:00,7715290,"Quotation(units=418, nano=0)","Quotation(units=417, nano=100000000)"
2020-11-13 00:00:00+00:00,6389440,"Quotation(units=412, nano=300000000)","Quotation(units=415, nano=500000000)"
2020-11-16 00:00:00+00:00,12999200,"Quotation(units=425, nano=0)","Quotation(units=429, nano=550000000)"
2020-11-17 00:00:00+00:00,15122320,"Quotation(units=430, nano=900000000)","Quotation(units=439, nano=650000000)"
2020-11-18 00:00:00+00:00,19290660,"Quotation(units=438, nano=0)","Quotation(units=455, nano=500000000)"
2020-11-19 00:00:00+00:00,9551230,"Quotation(units=452, nano=150000000)","Quotation(units=447, nano=800000000)"
2020-11-20 00:00:00+00:00,13303290,"Quotation(units=450, nano=500000000)","Quotation(units=462, nano=150000000)"
2020-11-23 00:00:00+00:00,11212830,"Quotation(units=467, nano=300000000)","Quotation(units=469, nano=500000000)"
2020-11-24 00:00:00+00:00,8983210,"Quotation(units=472, nano=500000000)","Quotation(units=471, nano=150000000)"
2020-11-25 00:00:00+00:00,6846430,"Quotation(units=473, nano=100000000)","Quotation(units=473, nano=600000000)"
2020-11-26 00:00:00+00:00,5962140,"Quotation(units=473, nano=300000000)","Quotation(units=466, nano=550000000)"
2020-11-27 00:00:00+00:00,6126900,"Quotation(units=465, nano=0)","Quotation(units=459, nano=650000000)"
2020-11-30 00:00:00+00:00,9270330,"Quotation(units=457, nano=0)","Quotation(units=447, nano=550000000)"
2020-12-01 00:00:00+00:00,7844700,"Quotation(units=448, nano=750000000)","Quotation(units=444, nano=150000000)"
2020-12-02 00:00:00+00:00,6806570,"Quotation(units=445, nano=550000000)","Quotation(units=447, nano=0)"
2020-12-03 00:00:00+00:00,10753510,"Quotation(units=448, nano=500000000)","Quotation(units=436, nano=550000000)"
2020-12-04 00:00:00+00:00,8596220,"Quotation(units=439, nano=800000000)","Quotation(units=444, nano=850000000)"
2020-12-07 00:00:00+00:00,5019210,"Quotation(units=444, nano=600000000)","Quotation(units=440, nano=400000000)"
2020-12-08 00:00:00+00:00,7171410,"Quotation(units=437, nano=700000000)","Quotation(units=430, nano=0)"
2020-12-09 00:00:00+00:00,7638160,"Quotation(units=432, nano=550000000)","Quotation(units=437, nano=0)"
2020-12-10 00:00:00+00:00,8115030,"Quotation(units=434, nano=900000000)","Quotation(units=452, nano=150000000)"
2020-12-11 00:00:00+00:00,6779290,"Quotation(units=452, nano=0)","Quotation(units=447, nano=900000000)"
2020-12-14 00:00:00+00:00,12588970,"Quotation(units=449, nano=950000000)","Quotation(units=442, nano=450000000)"
2020-12-15 00:00:00+00:00,8233220,"Quotation(units=439, nano=0)","Quotation(units=449, nano=900000000)"
2020-12-16 00:00:00+00:00,9849100,"Quotation(units=452, nano=0)","Quotation(units=442, nano=900000000)"
2020-12-17 00:00:00+00:00,9232940,"Quotation(units=445, nano=500000000)","Quotation(units=442, nano=800000000)"
2020-12-18 00:00:00+00:00,8758690,"Quotation(units=441, nano=0)","Quotation(units=440, nano=250000000)"
2020-12-21 00:00:00+00:00,13037520,"Quotation(units=435, nano=100000000)","Quotation(units=419, nano=750000000)"
2020-12-22 00:00:00+00:00,7584660,"Quotation(units=419, nano=0)","Quotation(units=434, nano=450000000)"
2020-12-23 00:00:00+00:00,5243500,"Quotation(units=430, nano=0)","Quotation(units=431, nano=200000000)"
2020-12-24 00:00:00+00:00,3405250,"Quotation(units=431, nano=200000000)","Quotation(units=436, nano=500000000)"
2020-12-25 00:00:00+00:00,1041010,"Quotation(units=438, nano=0)","Quotation(units=436, nano=500000000)"
2020-12-28 00:00:00+00:00,2020880,"Quotation(units=436, nano=250000000)","Quotation(units=437, nano=0)"
2020-12-29 00:00:00+00:00,3303520,"Quotation(units=438, nano=300000000)","Quotation(units=435, nano=150000000)"
2020-12-30 00:00:00+00:00,5079580,"Quotation(units=436, nano=450000000)","Quotation(units=435, nano=200000000)"
2021-01-04 00:00:00+00:00,6405540,"Quotation(units=435, nano=850000000)","Quotation(units=442, nano=50000000)"
2021-01-05 00:00:00+00:00,6728320,"Quotation(units=436, nano=0)","Quotation(units=445, nano=600000000)"
2021-01-06 00:00:00+00:00,8230020,"Quotation(units=449, nano=350000000)","Quotation(units=454, nano=150000000)"
2021-01-08 00:00:00+00:00,12774800,"Quotation(units=465, nano=100000000)","Quotation(units=474, nano=550000000)"
2021-01-11 00:00:00+00:00,8794770,"Quotation(units=474, nano=550000000)","Quotation(units=473, nano=0)"
2021-01-12 00:00:00+00:00,7084430,"Quotation(units=475, nano=0)","Quotation(units=475, nano=0)"
2021-01-13 00:00:00+00:00,15295510,"Quotation(units=477, nano=0)","Quotation(units=488, nano=50000000)"
2021-01-14 00:00:00+00:00,15398010,"Quotation(units=485, nano=0)","Quotation(units=504, nano=0)"
2021-01-15 00:00:00+00:00,17894440,"Quotation(units=503, nano=0)","Quotation(units=514, nano=300000000)"
2021-01-18 00:00:00+00:00,10725300,"Quotation(units=509, nano=950000000)","Quotation(units=518, nano=800000000)"
2021-01-19 00:00:00+00:00,12521140,"Quotation(units=518, nano=900000000)","Quotation(units=510, nano=650000000)"
2021-01-20 00:00:00+00:00,4876400,"Quotation(units=510, nano=700000000)","Quotation(units=508, nano=900000000)"
2021-01-21 00:00:00+00:00,9254750,"Quotation(units=509, nano=300000000)","Quotation(units=499, nano=300000000)"
2021-01-22 00:00:00+00:00,8716870,"Quotation(units=495, nano=0)","Quotation(units=491, nano=150000000)"
2021-01-25 00:00:00+00:00,7535710,"Quotation(units=494, nano=200000000)","Quotation(units=495, nano=800000000)"
2021-01-26 00:00:00+00:00,4500790,"Quotation(units=492, nano=150000000)","Quotation(units=493, nano=950000000)"
2021-01-27 00:00:00+00:00,9582470,"Quotation(units=495, nano=900000000)","Quotation(units=482, nano=200000000)"
2021-01-28 00:00:00+00:00,6061480,"Quotation(units=479, nano=850000000)","Quotation(units=481, nano=850000000)"
2021-01-29 00:00:00+00:00,5555870,"Quotation(units=480, nano=450000000)","Quotation(units=475, nano=200000000)"
2021-02-01 00:00:00+00:00,6890680,"Quotation(units=475, nano=100000000)","Quotation(units=473, nano=600000000)"
2021-02-02 00:00:00+00:00,10412280,"Quotation(units=481, nano=150000000)","Quotation(units=485, nano=900000000)"
2021-02-03 00:00:00+00:00,7562080,"Quotation(units=487, nano=750000000)","Quotation(units=488, nano=150000000)"
2021-02-04 00:00:00+00:00,7944910,"Quotation(units=490, nano=350000000)","Quotation(units=485, nano=750000000)"
2021-02-05 00:00:00+00:00,7638670,"Quotation(units=492, nano=450000000)","Quotation(units=492, nano=850000000)"
2021-02-08 00:00:00+00:00,7754570,"Quotation(units=496, nano=0)","Quotation(units=497, nano=700000000)"
2021-02-09 00:00:00+00:00,6760660,"Quotation(units=503, nano=800000000)","Quotation(units=494, nano=850000000)"
2021-02-10 00:00:00+00:00,5609350,"Quotation(units=497, nano=450000000)","Quotation(units=490, nano=850000000)"
2021-02-11 00:00:00+00:00,6678120,"Quotation(units=490, nano=250000000)","Quotation(units=501, nano=0)"
2021-02-12 00:00:00+00:00,11948910,"Quotation(units=496, nano=950000000)","Quotation(units=504, nano=150000000)"
2021-02-15 00:00:00+00:00,8829940,"Quotation(units=513, nano=0)","Quotation(units=518, nano=150000000)"
2021-02-16 00:00:00+00:00,8710180,"Quotation(units=522, nano=450000000)","Quotation(units=528, nano=100000000)"
2021-02-17 00:00:00+00:00,11449940,"Quotation(units=525, nano=0)","Quotation(units=507, nano=200000000)"
2021-02-18 00:00:00+00:00,9701350,"Quotation(units=515, nano=0)","Quotation(units=508, nano=0)"
2021-02-19 00:00:00+00:00,7460830,"Quotation(units=506, nano=0)","Quotation(units=514, nano=100000000)"
2021-02-20 00:00:00+00:00,909650,"Quotation(units=512, nano=550000000)","Quotation(units=513, nano=250000000)"
2021-02-22 00:00:00+00:00,4533130,"Quotation(units=514, nano=0)","Quotation(units=511, nano=350000000)"
2021-02-24 00:00:00+00:00,6758820,"Quotation(units=511, nano=700000000)","Quotation(units=516, nano=800000000)"
2021-02-25 00:00:00+00:00,13384710,"Quotation(units=519, nano=450000000)","Quotation(units=534, nano=800000000)"
2021-02-26 00:00:00+00:00,10091350,"Quotation(units=525, nano=650000000)","Quotation(units=525, nano=900000000)"
2021-03-01 00:00:00+00:00,4875450,"Quotation(units=527, nano=550000000)","Quotation(units=524, nano=50000000)"
2021-03-02 00:00:00+00:00,4806100,"Quotation(units=519, nano=500000000)","Quotation(units=528, nano=850000000)"
2021-03-03 00:00:00+00:00,5961110,"Quotation(units=528, nano=850000000)","Quotation(units=535, nano=150000000)"
2021-03-04 00:00:00+00:00,12458160,"Quotation(units=535, nano=100000000)","Quotation(units=539, nano=700000000)"
2021-03-05 00:00:00+00:00,13678500,"Quotation(units=543, nano=0)","Quotation(units=556, nano=500000000)"
2021-03-09 00:00:00+00:00,14355410,"Quotation(units=559, nano=0)","Quotation(units=572, nano=0)"
2021-03-10 00:00:00+00:00,9582210,"Quotation(units=568, nano=750000000)","Quotation(units=560, nano=500000000)"
2021-03-11 00:00:00+00:00,9572920,"Quotation(units=563, nano=50000000)","Quotation(units=568, nano=0)"
2021-03-12 00:00:00+00:00,5964020,"Quotation(units=572, nano=750000000)","Quotation(units=568, nano=600000000)"
2021-03-15 00:00:00+00:00,9937050,"Quotation(units=573, nano=150000000)","Quotation(units=577, nano=250000000)"
2021-03-16 00:00:00+00:00,17701530,"Quotation(units=574, nano=650000000)","Quotation(units=572, nano=0)"
2021-03-17 00:00:00+00:00,15266980,"Quotation(units=570, nano=0)","Quotation(units=554, nano=0)"
2021-03-18 00:00:00+00:00,12381500,"Quotation(units=556, nano=0)","Quotation(units=559, nano=450000000)"
2021-03-19 00:00:00+00:00,9333040,"Quotation(units=543, nano=0)","Quotation(units=556, nano=350000000)"
2021-03-22 00:00:00+00:00,7504320,"Quotation(units=558, nano=400000000)","Quotation(units=562, nano=950000000)"
2021-03-23 00:00:00+00:00,8310320,"Quotation(units=560, nano=200000000)","Quotation(units=572, nano=0)"
2021-03-24 00:00:00+00:00,7812840,"Quotation(units=566, nano=600000000)","Quotation(units=570, nano=550000000)"
2021-03-25 00:00:00+00:00,6836330,"Quotation(units=568, nano=650000000)","Quotation(units=570, nano=200000000)"
2021-03-26 00:00:00+00:00,10241580,"Quotation(units=576, nano=0)","Quotation(units=579, nano=350000000)"
2021-03-29 00:00:00+00:00,8312720,"Quotation(units=579, nano=950000000)","Quotation(units=576, nano=200000000)"
2021-03-30 00:00:00+00:00,6153150,"Quotation(units=576, nano=500000000)","Quotation(units=570, nano=950000000)"
2021-03-31 00:00:00+00:00,9090060,"Quotation(units=571, nano=150000000)","Quotation(units=570, nano=900000000)"
2021-04-01 00:00:00+00:00,11609510,"Quotation(units=574, nano=100000000)","Quotation(units=565, nano=50000000)"
2021-04-02 00:00:00+00:00,1030470,"Quotation(units=568, nano=900000000)","Quotation(units=567, nano=0)"
2021-04-05 00:00:00+00:00,3143400,"Quotation(units=567, nano=500000000)","Quotation(units=560, nano=0)"
2021-04-06 00:00:00+00:00,5962740,"Quotation(units=562, nano=250000000)","Quotation(units=547, nano=500000000)"
2021-04-07 00:00:00+00:00,6156820,"Quotation(units=547, nano=500000000)","Quotation(units=550, nano=0)"
2021-04-08 00:00:00+00:00,4641120,"Quotation(units=549, nano=900000000)","Quotation(units=547, nano=0)"
2021-04-09 00:00:00+00:00,6280370,"Quotation(units=547, nano=550000000)","Quotation(units=536, nano=50000000)"
2021-04-12 00:00:00+00:00,6148360,"Quotation(units=535, nano=0)","Quotation(units=539, nano=350000000)"
2021-04-13 00:00:00+00:00,4894320,"Quotation(units=541, nano=250000000)","Quotation(units=545, nano=400000000)"
2021-04-14 00:00:00+00:00,5673330,"Quotation(units=556, nano=0)","Quotation(units=554, nano=400000000)"
2021-04-15 00:00:00+00:00,6292400,"Quotation(units=548, nano=700000000)","Quotation(units=558, nano=200000000)"
2021-04-16 00:00:00+00:00,4004590,"Quotation(units=560, nano=100000000)","Quotation(units=553, nano=350000000)"
2021-04-19 00:00:00+00:00,3372020,"Quotation(units=552, nano=50000000)","Quotation(units=549, nano=50000000)"
2021-04-20 00:00:00+00:00,5473430,"Quotation(units=549, nano=900000000)","Quotation(units=543, nano=200000000)"
2021-04-21 00:00:00+00:00,2816320,"Quotation(units=540, nano=650000000)","Quotation(units=544, nano=150000000)"
2021-04-22 00:00:00+00:00,5874370,"Quotation(units=547, nano=0)","Quotation(units=543, nano=300000000)"
2021-04-23 00:00:00+00:00,5103090,"Quotation(units=543, nano=0)","Quotation(units=538, nano=0)"
2021-04-26 00:00:00+00:00,5749850,"Quotation(units=537, nano=100000000)","Quotation(units=530, nano=100000000)"
2021-04-27 00:00:00+00:00,4251420,"Quotation(units=531, nano=0)","Quotation(units=526, nano=350000000)"
2021-04-28 00:00:00+00:00,4581390,"Quotation(units=529, nano=0)","Quotation(units=526, nano=800000000)"
2021-04-29 00:00:00+00:00,6335350,"Quotation(units=530, nano=0)","Quotation(units=527, nano=0)"
2021-04-30 00:00:00+00:00,5134830,"Quotation(units=528, nano=0)","Quotation(units=525, nano=550000000)"
2021-05-04 00:00:00+00:00,5110110,"Quotation(units=526, nano=900000000)","Quotation(units=535, nano=0)"
2021-05-05 00:00:00+00:00,6088920,"Quotation(units=540, nano=0)","Quotation(units=542, nano=250000000)"
2021-05-06 00:00:00+00:00,4536300,"Quotation(units=540, nano=500000000)","Quotation(units=535, nano=550000000)"
2021-05-07 00:00:00+00:00,3172170,"Quotation(units=540, nano=0)","Quotation(units=535, nano=550000000)"
2021-05-10 00:00:00+00:00,5096980,"Quotation(units=537, nano=450000000)","Quotation(units=542, nano=950000000)"
2021-05-11 00:00:00+00:00,5234470,"Quotation(units=540, nano=0)","Quotation(units=532, nano=0)"
2021-05-12 00:00:00+00:00,8518710,"Quotation(units=532, nano=900000000)","Quotation(units=548, nano=600000000)"
2021-05-13 00:00:00+00:00,6448240,"Quotation(units=540, nano=500000000)","Quotation(units=548, nano=350000000)"
2021-05-14 00:00:00+00:00,4101350,"Quotation(units=552, nano=0)","Quotation(units=545, nano=0)"
2021-05-17 00:00:00+00:00,3855920,"Quotation(units=546, nano=950000000)","Quotation(units=542, nano=0)"
2021-05-18 00:00:00+00:00,5984510,"Quotation(units=546, nano=250000000)","Quotation(units=541, nano=50000000)"
2021-05-19 00:00:00+00:00,4946560,"Quotation(units=539, nano=700000000)","Quotation(units=528, nano=600000000)"
2021-05-20 00:00:00+00:00,6586410,"Quotation(units=529, nano=500000000)","Quotation(units=517, nano=750000000)"
2021-05-21 00:00:00+00:00,5374100,"Quotation(units=516, nano=800000000)","Quotation(units=526, nano=850000000)"
2021-05-24 00:00:00+00:00,3164330,"Quotation(units=526, nano=800000000)","Quotation(units=523, nano=350000000)"
2021-05-25 00:00:00+00:00,3537160,"Quotation(units=525, nano=500000000)","Quotation(units=524, nano=750000000)"
2021-05-26 00:00:00+00:00,3751250,"Quotation(units=526, nano=300000000)","Quotation(units=525, nano=350000000)"
2021-05-27 00:00:00+00:00,4332820,"Quotation(units=523, nano=0)","Quotation(units=522, nano=950000000)"
2021-05-28 00:00:00+00:00,2880860,"Quotation(units=523, nano=150000000)","Quotation(units=522, nano=900000000)"
2021-05-31 00:00:00+00:00,2578580,"Quotation(units=525, nano=900000000)","Quotation(units=530, nano=50000000)"
2021-06-01 00:00:00+00:00,9957480,"Quotation(units=535, nano=200000000)","Quotation(units=542, nano=550000000)"
2021-06-02 00:00:00+00:00,8904690,"Quotation(units=545, nano=950000000)","Quotation(units=551, nano=500000000)"
2021-06-03 00:00:00+00:00,15173770,"Quotation(units=555, nano=450000000)","Quotation(units=560, nano=350000000)"
2021-06-04 00:00:00+00:00,8568190,"Quotation(units=560, nano=500000000)","Quotation(units=557, nano=550000000)"
2021-06-07 00:00:00+00:00,7112240,"Quotation(units=554, nano=200000000)","Quotation(units=551, nano=0)"
2021-06-08 00:00:00+00:00,8276890,"Quotation(units=551, nano=0)","Quotation(units=547, nano=200000000)"
2021-06-09 00:00:00+00:00,7307290,"Quotation(units=552, nano=650000000)","Quotation(units=549, nano=500000000)"
2021-06-10 00:00:00+00:00,13982910,"Quotation(units=548, nano=250000000)","Quotation(units=538, nano=500000000)"
2021-06-11 00:00:00+00:00,8149510,"Quotation(units=539, nano=650000000)","Quotation(units=536, nano=200000000)"
2021-06-14 00:00:00+00:00,4303320,"Quotation(units=531, nano=600000000)","Quotation(units=539, nano=900000000)"
2021-06-15 00:00:00+00:00,5533760,"Quotation(units=538, nano=850000000)","Quotation(units=536, nano=400000000)"
2021-06-16 00:00:00+00:00,6749920,"Quotation(units=537, nano=650000000)","Quotation(units=544, nano=650000000)"
2021-06-17 00:00:00+00:00,15043640,"Quotation(units=540, nano=0)","Quotation(units=538, nano=950000000)"
2021-06-18 00:00:00+00:00,11472730,"Quotation(units=537, nano=500000000)","Quotation(units=540, nano=850000000)"
2021-06-21 00:00:00+00:00,5190610,"Quotation(units=541, nano=950000000)","Quotation(units=539, nano=300000000)"
2021-06-22 00:00:00+00:00,7533880,"Quotation(units=543, nano=0)","Quotation(units=551, nano=50000000)"
2021-06-23 00:00:00+00:00,19205290,"Quotation(units=553, nano=300000000)","Quotation(units=570, nano=0)"
2021-06-24 00:00:00+00:00,15285040,"Quotation(units=570, nano=400000000)","Quotation(units=566, nano=0)"
2021-06-25 00:00:00+00:00,3783440,"Quotation(units=566, nano=0)","Quotation(units=564, nano=700000000)"
2021-06-28 00:00:00+00:00,7223850,"Quotation(units=564, nano=700000000)","Quotation(units=555, nano=0)"
2021-06-29 00:00:00+00:00,5994570,"Quotation(units=554, nano=700000000)","Quotation(units=553, nano=50000000)"
2021-06-30 00:00:00+00:00,14690150,"Quotation(units=554, nano=900000000)","Quotation(units=571, nano=200000000)"
2021-07-01 00:00:00+00:00,34228650,"Quotation(units=568, nano=850000000)","Quotation(units=581, nano=450000000)"
2021-07-02 00:00:00+00:00,13340670,"Quotation(units=580, nano=100000000)","Quotation(units=567, nano=0)"
2021-07-05 00:00:00+00:00,3914980,"Quotation(units=567, nano=900000000)","Quotation(units=567, nano=500000000)"
2021-07-06 00:00:00+00:00,20639390,"Quotation(units=570, nano=0)","Quotation(units=571, nano=0)"
2021-07-07 00:00:00+00:00,14465650,"Quotation(units=571, nano=50000000)","Quotation(units=580, nano=250000000)"
2021-07-08 00:00:00+00:00,13955260,"Quotation(units=579, nano=0)","Quotation(units=581, nano=100000000)"
2021-07-09 00:00:00+00:00,16854600,"Quotation(units=581, nano=100000000)","Quotation(units=577, nano=850000000)"
2021-07-12 00:00:00+00:00,4525370,"Quotation(units=577, nano=0)","Quotation(units=579, nano=0)"
2021-07-13 00:00:00+00:00,7725040,"Quotation(units=578, nano=600000000)","Quotation(units=576, nano=0)"
2021-07-14 00:00:00+00:00,15586600,"Quotation(units=576, nano=0)","Quotation(units=569, nano=0)"
2021-07-15 00:00:00+00:00,6020690,"Quotation(units=567, nano=0)","Quotation(units=562, nano=500000000)"
2021-07-16 00:00:00+00:00,4383120,"Quotation(units=560, nano=600000000)","Quotation(units=563, nano=450000000)"
2021-07-19 00:00:00+00:00,8438510,"Quotation(units=558, nano=0)","Quotation(units=543, nano=900000000)"
2021-07-20 00:00:00+00:00,5160450,"Quotation(units=547, nano=500000000)","Quotation(units=547, nano=500000000)"
2021-07-21 00:00:00+00:00,3754710,"Quotation(units=546, nano=500000000)","Quotation(units=551, nano=900000000)"
2021-07-22 00:00:00+00:00,3434370,"Quotation(units=553, nano=0)","Quotation(units=553, nano=650000000)"
2021-07-23 00:00:00+00:00,2498900,"Quotation(units=554, nano=900000000)","Quotation(units=548, nano=850000000)"
2021-07-26 00:00:00+00:00,3112580,"Quotation(units=546, nano=0)","Quotation(units=552, nano=700000000)"
2021-07-27 00:00:00+00:00,1969460,"Quotation(units=551, nano=500000000)","Quotation(units=551, nano=200000000)"
2021-07-28 00:00:00+00:00,2444720,"Quotation(units=551, nano=0)","Quotation(units=554, nano=250000000)"
2021-07-29 00:00:00+00:00,3636280,"Quotation(units=555, nano=700000000)","Quotation(units=554, nano=0)"
2021-07-30 00:00:00+00:00,5239520,"Quotation(units=552, nano=400000000)","Quotation(units=544, nano=500000000)"
2021-08-02 00:00:00+00:00,5239940,"Quotation(units=545, nano=0)","Quotation(units=548, nano=850000000)"
2021-08-03 00:00:00+00:00,3433460,"Quotation(units=547, nano=700000000)","Quotation(units=551, nano=0)"
2021-08-04 00:00:00+00:00,4382550,"Quotation(units=551, nano=500000000)","Quotation(units=543, nano=500000000)"
2021-08-05 00:00:00+00:00,5508910,"Quotation(units=542, nano=500000000)","Quotation(units=548, nano=0)"
2021-08-06 00:00:00+00:00,4443500,"Quotation(units=548, nano=950000000)","Quotation(units=544, nano=900000000)"
2021-08-09 00:00:00+00:00,7325400,"Quotation(units=539, nano=600000000)","Quotation(units=545, nano=0)"
2021-08-10 00:00:00+00:00,7900370,"Quotation(units=547, nano=500000000)","Quotation(units=562, nano=550000000)"
2021-08-11 00:00:00+00:00,4535030,"Quotation(units=564, nano=0)","Quotation(units=561, nano=800000000)"
2021-08-12 00:00:00+00:00,5489640,"Quotation(units=561, nano=450000000)","Quotation(units=565, nano=900000000)"
2021-08-13 00:00:00+00:00,4783860,"Quotation(units=565, nano=400000000)","Quotation(units=558, nano=550000000)"
2021-08-16 00:00:00+00:00,15427850,"Quotation(units=556, nano=750000000)","Quotation(units=564, nano=400000000)"
2021-08-17 00:00:00+00:00,9550930,"Quotation(units=562, nano=950000000)","Quotation(units=555, nano=0)"
2021-08-18 00:00:00+00:00,8539700,"Quotation(units=557, nano=800000000)","Quotation(units=546, nano=950000000)"
2021-08-19 00:00:00+00:00,11547530,"Quotation(units=544, nano=0)","Quotation(units=537, nano=800000000)"
2021-08-20 00:00:00+00:00,3354650,"Quotation(units=537, nano=500000000)","Quotation(units=534, nano=0)"
2021-08-23 00:00:00+00:00,3433260,"Quotation(units=538, nano=0)","Quotation(units=544, nano=850000000)"
2021-08-24 00:00:00+00:00,5427630,"Quotation(units=545, nano=900000000)","Quotation(units=545, nano=0)"
2021-08-25 00:00:00+00:00,4318590,"Quotation(units=544, nano=500000000)","Quotation(units=538, nano=500000000)"
2021-08-26 00:00:00+00:00,3984460,"Quotation(units=538, nano=0)","Quotation(units=531, nano=700000000)"
2021-08-27 00:00:00+00:00,3078520,"Quotation(units=533, nano=500000000)","Quotation(units=537, nano=800000000)"
2021-08-30 00:00:00+00:00,2557590,"Quotation(units=539, nano=500000000)","Quotation(units=539, nano=300000000)"
2021-08-31 00:00:00+00:00,5189530,"Quotation(units=540, nano=0)","Quotation(units=533, nano=600000000)"
2021-09-01 00:00:00+00:00,4956702,"Quotation(units=537, nano=100000000)","Quotation(units=541, nano=550000000)"
2021-09-02 00:00:00+00:00,10445139,"Quotation(units=542, nano=50000000)","Quotation(units=550, nano=700000000)"
2021-09-03 00:00:00+00:00,5483964,"Quotation(units=551, nano=600000000)","Quotation(units=555, nano=400000000)"
2021-09-06 00:00:00+00:00,3363696,"Quotation(units=554, nano=950000000)","Quotation(units=550, nano=700000000)"
2021-09-07 00:00:00+00:00,3483193,"Quotation(units=552, nano=0)","Quotation(units=547, nano=300000000)"
2021-09-08 00:00:00+00:00,7045304,"Quotation(units=547, nano=500000000)","Quotation(units=555, nano=900000000)"
2021-09-09 00:00:00+00:00,4385872,"Quotation(units=554, nano=150000000)","Quotation(units=541, nano=900000000)"
2021-09-10 00:00:00+00:00,2329724,"Quotation(units=545, nano=0)","Quotation(units=543, nano=300000000)"
2021-09-13 00:00:00+00:00,4596073,"Quotation(units=544, nano=950000000)","Quotation(units=559, nano=400000000)"
2021-09-14 00:00:00+00:00,7742227,"Quotation(units=560, nano=0)","Quotation(units=557, nano=250000000)"
2021-09-15 00:00:00+00:00,26552756,"Quotation(units=557, nano=0)","Quotation(units=568, nano=100000000)"
2021-09-16 00:00:00+00:00,17645321,"Quotation(units=562, nano=0)","Quotation(units=576, nano=450000000)"
2021-09-17 00:00:00+00:00,9406425,"Quotation(units=579, nano=0)","Quotation(units=567, nano=100000000)"
2021-09-20 00:00:00+00:00,8390029,"Quotation(units=560, nano=0)","Quotation(units=552, nano=500000000)"
2021-09-21 00:00:00+00:00,9046384,"Quotation(units=562, nano=300000000)","Quotation(units=564, nano=500000000)"
2021-09-22 00:00:00+00:00,13356331,"Quotation(units=568, nano=300000000)","Quotation(units=586, nano=0)"
2021-09-23 00:00:00+00:00,12921389,"Quotation(units=590, nano=0)","Quotation(units=598, nano=250000000)"
2021-09-24 00:00:00+00:00,12949695,"Quotation(units=598, nano=900000000)","Quotation(units=614, nano=0)"
2021-09-27 00:00:00+00:00,12981662,"Quotation(units=620, nano=0)","Quotation(units=627, nano=850000000)"
2021-09-28 00:00:00+00:00,18387624,"Quotation(units=632, nano=350000000)","Quotation(units=617, nano=850000000)"
2021-09-29 00:00:00+00:00,9102529,"Quotation(units=613, nano=650000000)","Quotation(units=618, nano=900000000)"
2021-09-30 00:00:00+00:00,10305432,"Quotation(units=624, nano=0)","Quotation(units=614, nano=350000000)"
2021-10-01 00:00:00+00:00,5790521,"Quotation(units=611, nano=0)","Quotation(units=618, nano=450000000)"
2021-10-04 00:00:00+00:00,46385511,"Quotation(units=618, nano=450000000)","Quotation(units=631, nano=700000000)"
2021-10-05 00:00:00+00:00,15646714,"Quotation(units=632, nano=0)","Quotation(units=655, nano=250000000)"
2021-10-06 00:00:00+00:00,16146319,"Quotation(units=660, nano=850000000)","Quotation(units=646, nano=0)"
2021-10-07 00:00:00+00:00,11235076,"Quotation(units=647, nano=600000000)","Quotation(units=647, nano=950000000)"
2021-10-08 00:00:00+00:00,8100360,"Quotation(units=633, nano=650000000)","Quotation(units=631, nano=0)"
2021-10-11 00:00:00+00:00,6910411,"Quotation(units=639, nano=50000000)","Quotation(units=641, nano=550000000)"
2021-10-12 00:00:00+00:00,4949977,"Quotation(units=637, nano=500000000)","Quotation(units=638, nano=650000000)"
2021-10-13 00:00:00+00:00,7486303,"Quotation(units=639, nano=0)","Quotation(units=632, nano=850000000)"
2021-10-14 00:00:00+00:00,10245939,"Quotation(units=638, nano=0)","Quotation(units=640, nano=450000000)"
2021-10-15 00:00:00+00:00,6751522,"Quotation(units=644, nano=700000000)","Quotation(units=645, nano=450000000)"
2021-10-18 00:00:00+00:00,5040328,"Quotation(units=646, nano=750000000)","Quotation(units=639, nano=250000000)"
2021-10-19 00:00:00+00:00,5666390,"Quotation(units=641, nano=0)","Quotation(units=643, nano=0)"
2021-10-20 00:00:00+00:00,5598282,"Quotation(units=639, nano=650000000)","Quotation(units=643, nano=700000000)"
2021-10-21 00:00:00+00:00,4594113,"Quotation(units=638, nano=600000000)","Quotation(units=633, nano=300000000)"
2021-10-22 00:00:00+00:00,3652658,"Quotation(units=630, nano=150000000)","Quotation(units=634, nano=500000000)"
2021-10-25 00:00:00+00:00,9397125,"Quotation(units=638, nano=850000000)","Quotation(units=655, nano=50000000)"
2021-10-26 00:00:00+00:00,8829531,"Quotation(units=655, nano=450000000)","Quotation(units=650, nano=800000000)"
2021-10-27 00:00:00+00:00,6336769,"Quotation(units=646, nano=500000000)","Quotation(units=638, nano=400000000)"
2021-10-28 00:00:00+00:00,8149348,"Quotation(units=637, nano=750000000)","Quotation(units=641, nano=250000000)"
2021-10-29 00:00:00+00:00,4389511,"Quotation(units=640, nano=50000000)","Quotation(units=636, nano=100000000)"
2021-11-01 00:00:00+00:00,3588608,"Quotation(units=637, nano=300000000)","Quotation(units=641, nano=900000000)"
2021-11-02 00:00:00+00:00,5481861,"Quotation(units=643, nano=0)","Quotation(units=630, nano=200000000)"
2021-11-03 00:00:00+00:00,5037076,"Quotation(units=627, nano=100000000)","Quotation(units=619, nano=750000000)"
2021-11-05 00:00:00+00:00,4556011,"Quotation(units=612, nano=950000000)","Quotation(units=626, nano=250000000)"
2021-11-08 00:00:00+00:00,5018340,"Quotation(units=633, nano=50000000)","Quotation(units=631, nano=700000000)"
2021-11-09 00:00:00+00:00,4361623,"Quotation(units=632, nano=500000000)","Quotation(units=636, nano=400000000)"
2021-11-10 00:00:00+00:00,5309285,"Quotation(units=638, nano=0)","Quotation(units=629, nano=800000000)"
2021-11-11 00:00:00+00:00,5634879,"Quotation(units=631, nano=0)","Quotation(units=634, nano=500000000)"
2021-11-12 00:00:00+00:00,7934950,"Quotation(units=633, nano=600000000)","Quotation(units=619, nano=200000000)"
2021-11-15 00:00:00+00:00,3983804,"Quotation(units=617, nano=800000000)","Quotation(units=621, nano=550000000)"
2021-11-16 00:00:00+00:00,3812445,"Quotation(units=625, nano=100000000)","Quotation(units=621, nano=350000000)"
2021-11-17 00:00:00+00:00,4422913,"Quotation(units=621, nano=0)","Quotation(units=619, nano=500000000)"
2021-11-18 00:00:00+00:00,4666564,"Quotation(units=618, nano=50000000)","Quotation(units=614, nano=100000000)"
2021-11-19 00:00:00+00:00,8018898,"Quotation(units=617, nano=800000000)","Quotation(units=590, nano=500000000)"
2021-11-22 00:00:00+00:00,12353637,"Quotation(units=589, nano=750000000)","Quotation(units=581, nano=0)"
2021-11-23 00:00:00+00:00,12185868,"Quotation(units=578, nano=450000000)","Quotation(units=601, nano=950000000)"
2021-11-24 00:00:00+00:00,5422825,"Quotation(units=604, nano=300000000)","Quotation(units=597, nano=300000000)"
2021-11-25 00:00:00+00:00,3088103,"Quotation(units=598, nano=0)","Quotation(units=590, nano=900000000)"
2021-11-26 00:00:00+00:00,9207798,"Quotation(units=578, nano=550000000)","Quotation(units=555, nano=150000000)"
2021-11-29 00:00:00+00:00,7683973,"Quotation(units=567, nano=0)","Quotation(units=573, nano=250000000)"
2021-11-30 00:00:00+00:00,10582940,"Quotation(units=565, nano=0)","Quotation(units=566, nano=100000000)"
2021-12-01 00:00:00+00:00,6594580,"Quotation(units=573, nano=350000000)","Quotation(units=569, nano=950000000)"
2021-12-02 00:00:00+00:00,10193331,"Quotation(units=571, nano=950000000)","Quotation(units=582, nano=0)"
2021-12-03 00:00:00+00:00,5532965,"Quotation(units=584, nano=0)","Quotation(units=576, nano=550000000)"
2021-12-06 00:00:00+00:00,4304227,"Quotation(units=580, nano=0)","Quotation(units=575, nano=550000000)"
2021-12-07 00:00:00+00:00,7722354,"Quotation(units=578, nano=500000000)","Quotation(units=589, nano=550000000)"
2021-12-08 00:00:00+00:00,8750566,"Quotation(units=591, nano=0)","Quotation(units=574, nano=950000000)"
2021-12-09 00:00:00+00:00,4273059,"Quotation(units=576, nano=0)","Quotation(units=578, nano=350000000)"
2021-12-10 00:00:00+00:00,2666124,"Quotation(units=578, nano=400000000)","Quotation(units=572, nano=100000000)"
2021-12-13 00:00:00+00:00,8599660,"Quotation(units=573, nano=400000000)","Quotation(units=539, nano=150000000)"
2021-12-14 00:00:00+00:00,9985523,"Quotation(units=538, nano=700000000)","Quotation(units=550, nano=850000000)"
2021-12-15 00:00:00+00:00,4985330,"Quotation(units=551, nano=0)","Quotation(units=561, nano=100000000)"
2021-12-16 00:00:00+00:00,7099026,"Quotation(units=564, nano=0)","Quotation(units=573, nano=0)"
2021-12-17 00:00:00+00:00,4598339,"Quotation(units=573, nano=0)","Quotation(units=573, nano=200000000)"
2021-12-20 00:00:00+00:00,3788719,"Quotation(units=567, nano=700000000)","Quotation(units=567, nano=550000000)"
2021-12-21 00:00:00+00:00,3339751,"Quotation(units=570, nano=900000000)","Quotation(units=575, nano=0)"
2021-12-22 00:00:00+00:00,5356411,"Quotation(units=574, nano=950000000)","Quotation(units=579, nano=700000000)"
2021-12-23 00:00:00+00:00,3636344,"Quotation(units=582, nano=950000000)","Quotation(units=579, nano=100000000)"
2021-12-24 00:00:00+00:00,2327283,"Quotation(units=578, nano=900000000)","Quotation(units=572, nano=50000000)"
2021-12-27 00:00:00+00:00,3035670,"Quotation(units=578, nano=800000000)","Quotation(units=582, nano=0)"
2021-12-28 00:00:00+00:00,5291434,"Quotation(units=581, nano=200000000)","Quotation(units=596, nano=200000000)"
2021-12-29 00:00:00+00:00,4507961,"Quotation(units=596, nano=650000000)","Quotation(units=592, nano=0)"
2021-12-30 00:00:00+00:00,3426126,"Quotation(units=592, nano=0)","Quotation(units=599, nano=0)"
2022-01-03 00:00:00+00:00,3164034,"Quotation(units=599, nano=900000000)","Quotation(units=610, nano=950000000)"
2022-01-04 00:00:00+00:00,2373340,"Quotation(units=610, nano=900000000)","Quotation(units=613, nano=500000000)"
2022-01-05 00:00:00+00:00,4249845,"Quotation(units=612, nano=200000000)","Quotation(units=590, nano=300000000)"
2022-01-06 00:00:00+00:00,6581792,"Quotation(units=588, nano=300000000)","Quotation(units=601, nano=600000000)"
2022-01-10 00:00:00+00:00,5024551,"Quotation(units=606, nano=100000000)","Quotation(units=602, nano=0)"
2022-01-11 00:00:00+00:00,5411431,"Quotation(units=602, nano=50000000)","Quotation(units=613, nano=600000000)"
2022-01-12 00:00:00+00:00,7161485,"Quotation(units=615, nano=0)","Quotation(units=627, nano=700000000)"
2022-01-13 00:00:00+00:00,10155225,"Quotation(units=625, nano=650000000)","Quotation(units=603, nano=300000000)"
2022-01-14 00:00:00+00:00,11056404,"Quotation(units=602, nano=350000000)","Quotation(units=605, nano=500000000)"
2022-01-17 00:00:00+00:00,10479095,"Quotation(units=605, nano=0)","Quotation(units=592, nano=550000000)"
2022-01-18 00:00:00+00:00,28048022,"Quotation(units=592, nano=650000000)","Quotation(units=544, nano=800000000)"
2022-01-19 00:00:00+00:00,19043304,"Quotation(units=537, nano=0)","Quotation(units=566, nano=900000000)"
2022-01-20 00:00:00+00:00,10196687,"Quotation(units=569, nano=50000000)","Quotation(units=561, nano=700000000)"
2022-01-21 00:00:00+00:00,12076946,"Quotation(units=556, nano=500000000)","Quotation(units=564, nano=800000000)"
2022-01-24 00:00:00+00:00,16367908,"Quotation(units=564, nano=450000000)","Quotation(units=546, nano=900000000)"
2022-01-25 00:00:00+00:00,15162145,"Quotation(units=545, nano=0)","Quotation(units=548, nano=400000000)"
2022-01-26 00:00:00+00:00,18073126,"Quotation(units=548, nano=0)","Quotation(units=532, nano=750000000)"
2022-01-27 00:00:00+00:00,16878954,"Quotation(units=530, nano=0)","Quotation(units=563, nano=200000000)"
2022-01-28 00:00:00+00:00,11501019,"Quotation(units=568, nano=800000000)","Quotation(units=566, nano=500000000)"
2022-01-31 00:00:00+00:00,7019548,"Quotation(units=568, nano=0)","Quotation(units=576, nano=950000000)"
2022-02-01 00:00:00+00:00,7303420,"Quotation(units=576, nano=950000000)","Quotation(units=574, nano=150000000)"
2022-02-02 00:00:00+00:00,4806895,"Quotation(units=576, nano=0)","Quotation(units=575, nano=700000000)"
2022-02-03 00:00:00+00:00,4483126,"Quotation(units=575, nano=0)","Quotation(units=569, nano=0)"
2022-02-04 00:00:00+00:00,23185789,"Quotation(units=570, nano=350000000)","Quotation(units=572, nano=0)"
2022-02-07 00:00:00+00:00,5983242,"Quotation(units=570, nano=0)","Quotation(units=569, nano=800000000)"
2022-02-08 00:00:00+00:00,7773641,"Quotation(units=569, nano=850000000)","Quotation(units=570, nano=50000000)"
2022-02-09 00:00:00+00:00,10680353,"Quotation(units=571, nano=0)","Quotation(units=579, nano=0)"
2022-02-10 00:00:00+00:00,6254173,"Quotation(units=579, nano=0)","Quotation(units=569, nano=400000000)"
2022-02-11 00:00:00+00:00,13231332,"Quotation(units=569, nano=400000000)","Quotation(units=547, nano=400000000)"
2022-02-14 00:00:00+00:00,11824176,"Quotation(units=547, nano=250000000)","Quotation(units=556, nano=0)"
2022-02-15 00:00:00+00:00,9414647,"Quotation(units=557, nano=750000000)","Quotation(units=565, nano=950000000)"
2022-02-16 00:00:00+00:00,7720108,"Quotation(units=566, nano=800000000)","Quotation(units=571, nano=550000000)"
2022-02-17 00:00:00+00:00,13811529,"Quotation(units=570, nano=0)","Quotation(units=549, nano=500000000)"
2022-02-18 00:00:00+00:00,17350898,"Quotation(units=550, nano=50000000)","Quotation(units=519, nano=500000000)"
2022-02-21 00:00:00+00:00,59610276,"Quotation(units=518, nano=0)","Quotation(units=438, nano=700000000)"
2022-02-22 00:00:00+00:00,79540310,"Quotation(units=438, nano=650000000)","Quotation(units=431, nano=300000000)"
2022-02-24 00:00:00+00:00,70944063,"Quotation(units=388, nano=350000000)","Quotation(units=274, nano=700000000)"
2022-02-25 00:00:00+00:00,34248855,"Quotation(units=283, nano=0)","Quotation(units=307, nano=950000000)"
2022-03-24 00:00:00+00:00,18407648,"Quotation(units=312, nano=0)","Quotation(units=360, nano=200000000)"
2022-03-25 00:00:00+00:00,9973005,"Quotation(units=370, nano=0)","Quotation(units=365, nano=100000000)"
2022-03-28 00:00:00+00:00,2650920,"Quotation(units=355, nano=0)","Quotation(units=357, nano=950000000)"
2022-03-29 00:00:00+00:00,6441125,"Quotation(units=363, nano=900000000)","Quotation(units=370, nano=0)"
2022-03-30 00:00:00+00:00,2292961,"Quotation(units=390, nano=0)","Quotation(units=387, nano=0)"
2022-03-31 00:00:00+00:00,7611217,"Quotation(units=393, nano=0)","Quotation(units=437, nano=500000000)"
2022-04-01 00:00:00+00:00,6246314,"Quotation(units=441, nano=0)","Quotation(units=450, nano=0)"
2022-04-04 00:00:00+00:00,5222709,"Quotation(units=450, nano=250000000)","Quotation(units=443, nano=900000000)"
2022-04-05 00:00:00+00:00,5777193,"Quotation(units=445, nano=500000000)","Quotation(units=419, nano=0)"
2022-04-06 00:00:00+00:00,3838103,"Quotation(units=416, nano=100000000)","Quotation(units=405, nano=0)"
2022-04-07 00:00:00+00:00,3653379,"Quotation(units=406, nano=950000000)","Quotation(units=408, nano=500000000)"
2022-04-08 00:00:00+00:00,2298336,"Quotation(units=409, nano=500000000)","Quotation(units=403, nano=50000000)"
2022-04-11 00:00:00+00:00,5475283,"Quotation(units=403, nano=300000000)","Quotation(units=414, nano=0)"
2022-04-12 00:00:00+00:00,3108892,"Quotation(units=416, nano=900000000)","Quotation(units=412, nano=100000000)"
2022-04-13 00:00:00+00:00,1896604,"Quotation(units=413, nano=200000000)","Quotation(units=406, nano=50000000)"
2022-04-14 00:00:00+00:00,1858915,"Quotation(units=406, nano=50000000)","Quotation(units=391, nano=0)"
2022-04-15 00:00:00+00:00,1786729,"Quotation(units=392, nano=450000000)","Quotation(units=390, nano=500000000)"
2022-04-18 00:00:00+00:00,1663519,"Quotation(units=393, nano=0)","Quotation(units=384, nano=850000000)"
2022-04-19 00:00:00+00:00,3366521,"Quotation(units=384, nano=850000000)","Quotation(units=385, nano=0)"
2022-04-20 00:00:00+00:00,2925126,"Quotation(units=388, nano=0)","Quotation(units=391, nano=0)"
2022-04-21 00:00:00+00:00,1850516,"Quotation(units=393, nano=300000000)","Quotation(units=388, nano=0)"
2022-04-22 00:00:00+00:00,2555772,"Quotation(units=388, nano=0)","Quotation(units=397, nano=350000000)"
2022-04-25 00:00:00+00:00,1433671,"Quotation(units=395, nano=0)","Quotation(units=388, nano=500000000)"
2022-04-26 00:00:00+00:00,3064679,"Quotation(units=389, nano=900000000)","Quotation(units=391, nano=0)"
2022-04-27 00:00:00+00:00,3426922,"Quotation(units=394, nano=250000000)","Quotation(units=397, nano=950000000)"
2022-04-28 00:00:00+00:00,2664461,"Quotation(units=399, nano=0)","Quotation(units=400, nano=0)"
2022-04-29 00:00:00+00:00,2914034,"Quotation(units=397, nano=150000000)","Quotation(units=409, nano=0)"
2022-05-04 00:00:00+00:00,1746130,"Quotation(units=410, nano=0)","Quotation(units=396, nano=200000000)"
2022-05-05 00:00:00+00:00,870253,"Quotation(units=397, nano=200000000)","Quotation(units=397, nano=0)"
2022-05-06 00:00:00+00:00,832694,"Quotation(units=395, nano=50000000)","Quotation(units=392, nano=300000000)"
2022-05-11 00:00:00+00:00,989953,"Quotation(units=393, nano=850000000)","Quotation(units=391, nano=550000000)"
2022-05-12 00:00:00+00:00,2160687,"Quotation(units=391, nano=550000000)","Quotation(units=375, nano=0)"
2022-05-13 00:00:00+00:00,954972,"Quotation(units=379, nano=0)","Quotation(units=374, nano=950000000)"
2022-05-16 00:00:00+00:00,1394227,"Quotation(units=375, nano=0)","Quotation(units=378, nano=800000000)"
2022-05-17 00:00:00+00:00,2140280,"Quotation(units=382, nano=900000000)","Quotation(units=394, nano=700000000)"
2022-05-18 00:00:00+00:00,2423467,"Quotation(units=397, nano=350000000)","Quotation(units=404, nano=0)"
2022-05-19 00:00:00+00:00,911286,"Quotation(units=403, nano=0)","Quotation(units=399, nano=600000000)"
2022-05-20 00:00:00+00:00,2037862,"Quotation(units=400, nano=350000000)","Quotation(units=384, nano=250000000)"
2022-05-23 00:00:00+00:00,2583258,"Quotation(units=384, nano=250000000)","Quotation(units=367, nano=50000000)"
2022-05-24 00:00:00+00:00,3592506,"Quotation(units=366, nano=850000000)","Quotation(units=359, nano=200000000)"
2022-05-25 00:00:00+00:00,3705877,"Quotation(units=362, nano=0)","Quotation(units=378, nano=0)"
2022-05-26 00:00:00+00:00,4929530,"Quotation(units=383, nano=500000000)","Quotation(units=391, nano=700000000)"
2022-05-27 00:00:00+00:00,6117847,"Quotation(units=393, nano=900000000)","Quotation(units=401, nano=500000000)"
2022-05-30 00:00:00+00:00,6980492,"Quotation(units=407, nano=800000000)","Quotation(units=385, nano=100000000)"
2022-05-31 00:00:00+00:00,2664983,"Quotation(units=385, nano=100000000)","Quotation(units=377, nano=0)"
2022-06-01 00:00:00+00:00,1989328,"Quotation(units=374, nano=400000000)","Quotation(units=375, nano=950000000)"
2022-06-02 00:00:00+00:00,2222933,"Quotation(units=375, nano=250000000)","Quotation(units=368, nano=750000000)"
2022-06-03 00:00:00+00:00,2203658,"Quotation(units=369, nano=950000000)","Quotation(units=365, nano=450000000)"
2022-06-06 00:00:00+00:00,2853037,"Quotation(units=368, nano=700000000)","Quotation(units=368, nano=800000000)"
2022-06-07 00:00:00+00:00,2153551,"Quotation(units=368, nano=800000000)","Quotation(units=366, nano=550000000)"
2022-06-08 00:00:00+00:00,2237505,"Quotation(units=367, nano=150000000)","Quotation(units=372, nano=850000000)"
2022-06-09 00:00:00+00:00,1825072,"Quotation(units=377, nano=500000000)","Quotation(units=373, nano=250000000)"
2022-06-10 00:00:00+00:00,1494476,"Quotation(units=372, nano=0)","Quotation(units=369, nano=500000000)"
2022-06-14 00:00:00+00:00,1519480,"Quotation(units=369, nano=600000000)","Quotation(units=371, nano=600000000)"
2022-06-15 00:00:00+00:00,2377212,"Quotation(units=373, nano=0)","Quotation(units=375, nano=650000000)"
2022-06-16 00:00:00+00:00,5984711,"Quotation(units=376, nano=800000000)","Quotation(units=383, nano=0)"
2022-06-17 00:00:00+00:00,2396152,"Quotation(units=384, nano=0)","Quotation(units=384, nano=450000000)"
2022-06-20 00:00:00+00:00,2162264,"Quotation(units=382, nano=300000000)","Quotation(units=389, nano=800000000)"
2022-06-21 00:00:00+00:00,2816910,"Quotation(units=389, nano=50000000)","Quotation(units=381, nano=300000000)"
2022-06-22 00:00:00+00:00,2707370,"Quotation(units=380, nano=0)","Quotation(units=377, nano=600000000)"
2022-06-23 00:00:00+00:00,2266866,"Quotation(units=378, nano=0)","Quotation(units=378, nano=400000000)"
2022-06-24 00:00:00+00:00,1495276,"Quotation(units=377, nano=900000000)","Quotation(units=377, nano=0)"
2022-06-27 00:00:00+00:00,1275738,"Quotation(units=377, nano=0)","Quotation(units=376, nano=650000000)"
2022-06-28 00:00:00+00:00,2961498,"Quotation(units=377, nano=0)","Quotation(units=381, nano=850000000)"
2022-06-29 00:00:00+00:00,2924508,"Quotation(units=381, nano=900000000)","Quotation(units=384, nano=200000000)"
2022-06-30 00:00:00+00:00,9748439,"Quotation(units=386, nano=0)","Quotation(units=362, nano=250000000)"
2022-07-01 00:00:00+00:00,6832874,"Quotation(units=391, nano=850000000)","Quotation(units=375, nano=150000000)"
2022-07-04 00:00:00+00:00,2470625,"Quotation(units=376, nano=900000000)","Quotation(units=371, nano=600000000)"
2022-07-05 00:00:00+00:00,2647298,"Quotation(units=372, nano=50000000)","Quotation(units=371, nano=500000000)"
2022-07-06 00:00:00+00:00,2485084,"Quotation(units=371, nano=550000000)","Quotation(units=369, nano=650000000)"
2022-07-07 00:00:00+00:00,3720956,"Quotation(units=370, nano=100000000)","Quotation(units=364, nano=950000000)"
2022-07-08 00:00:00+00:00,5692617,"Quotation(units=343, nano=0)","Quotation(units=351, nano=200000000)"
2022-07-11 00:00:00+00:00,2412523,"Quotation(units=352, nano=550000000)","Quotation(units=343, nano=800000000)"
2022-07-12 00:00:00+00:00,3581763,"Quotation(units=342, nano=850000000)","Quotation(units=333, nano=500000000)"
2022-07-13 00:00:00+00:00,3990026,"Quotation(units=334, nano=450000000)","Quotation(units=321, nano=0)"
2022-07-14 00:00:00+00:00,3528461,"Quotation(units=320, nano=0)","Quotation(units=315, nano=450000000)"
2022-07-15 00:00:00+00:00,3854047,"Quotation(units=316, nano=800000000)","Quotation(units=330, nano=500000000)"
2022-07-18 00:00:00+00:00,2778332,"Quotation(units=334, nano=100000000)","Quotation(units=326, nano=0)"
2022-07-19 00:00:00+00:00,1954556,"Quotation(units=325, nano=950000000)","Quotation(units=320, nano=750000000)"
2022-07-20 00:00:00+00:00,3149662,"Quotation(units=322, nano=0)","Quotation(units=330, nano=0)"
2022-07-21 00:00:00+00:00,2400755,"Quotation(units=330, nano=150000000)","Quotation(units=328, nano=200000000)"
2022-07-22 00:00:00+00:00,3933130,"Quotation(units=329, nano=400000000)","Quotation(units=340, nano=0)"
2022-07-25 00:00:00+00:00,2019633,"Quotation(units=338, nano=800000000)","Quotation(units=336, nano=600000000)"
2022-07-26 00:00:00+00:00,2849992,"Quotation(units=339, nano=500000000)","Quotation(units=347, nano=0)"
2022-07-27 00:00:00+00:00,2825143,"Quotation(units=347, nano=0)","Quotation(units=348, nano=700000000)"
2022-07-28 00:00:00+00:00,2276250,"Quotation(units=349, nano=450000000)","Quotation(units=344, nano=300000000)"
2022-07-29 00:00:00+00:00,4179795,"Quotation(units=343, nano=0)","Quotation(units=353, nano=0)"
2022-08-01 00:00:00+00:00,4268050,"Quotation(units=354, nano=400000000)","Quotation(units=348, nano=0)"
2022-08-02 00:00:00+00:00,3335172,"Quotation(units=346, nano=250000000)","Quotation(units=335, nano=800000000)"
2022-08-03 00:00:00+00:00,2721480,"Quotation(units=337, nano=0)","Quotation(units=330, nano=250000000)"
2022-08-04 00:00:00+00:00,2360475,"Quotation(units=330, nano=150000000)","Quotation(units=324, nano=600000000)"
2022-08-05 00:00:00+00:00,3256627,"Quotation(units=325, nano=250000000)","Quotation(units=322, nano=700000000)"
2022-08-08 00:00:00+00:00,2677228,"Quotation(units=331, nano=500000000)","Quotation(units=327, nano=350000000)"
2022-08-09 00:00:00+00:00,2740773,"Quotation(units=327, nano=350000000)","Quotation(units=339, nano=650000000)"
2022-08-10 00:00:00+00:00,2095819,"Quotation(units=339, nano=950000000)","Quotation(units=339, nano=500000000)"
2022-08-11 00:00:00+00:00,2535482,"Quotation(units=341, nano=100000000)","Quotation(units=333, nano=0)"
2022-08-12 00:00:00+00:00,1385223,"Quotation(units=332, nano=800000000)","Quotation(units=336, nano=200000000)"
2022-08-15 00:00:00+00:00,1565905,"Quotation(units=336, nano=0)","Quotation(units=335, nano=900000000)"
2022-08-16 00:00:00+00:00,4034849,"Quotation(units=337, nano=0)","Quotation(units=348, nano=0)"
2022-08-17 00:00:00+00:00,2333679,"Quotation(units=348, nano=950000000)","Quotation(units=344, nano=100000000)"
2022-08-18 00:00:00+00:00,1567713,"Quotation(units=344, nano=0)","Quotation(units=346, nano=400000000)"
2022-08-19 00:00:00+00:00,1069905,"Quotation(units=346, nano=400000000)","Quotation(units=344, nano=800000000)"
2022-08-22 00:00:00+00:00,1994491,"Quotation(units=344, nano=400000000)","Quotation(units=349, nano=600000000)"
2022-08-23 00:00:00+00:00,3373950,"Quotation(units=349, nano=0)","Quotation(units=356, nano=0)"
2022-08-24 00:00:00+00:00,2537144,"Quotation(units=356, nano=550000000)","Quotation(units=358, nano=200000000)"
2022-08-25 00:00:00+00:00,2195403,"Quotation(units=358, nano=900000000)","Quotation(units=355, nano=600000000)"
2022-08-26 00:00:00+00:00,1573467,"Quotation(units=356, nano=250000000)","Quotation(units=361, nano=500000000)"
2022-08-29 00:00:00+00:00,2625823,"Quotation(units=361, nano=750000000)","Quotation(units=367, nano=300000000)"
2022-08-30 00:00:00+00:00,3837150,"Quotation(units=367, nano=950000000)","Quotation(units=361, nano=300000000)"
2022-08-31 00:00:00+00:00,5349530,"Quotation(units=372, nano=0)","Quotation(units=368, nano=0)"
2022-09-01 00:00:00+00:00,5066579,"Quotation(units=368, nano=0)","Quotation(units=373, nano=500000000)"
2022-09-02 00:00:00+00:00,8655994,"Quotation(units=375, nano=0)","Quotation(units=385, nano=100000000)"
2022-09-05 00:00:00+00:00,4108844,"Quotation(units=387, nano=0)","Quotation(units=385, nano=100000000)"
2022-09-06 00:00:00+00:00,8059195,"Quotation(units=384, nano=950000000)","Quotation(units=375, nano=700000000)"
2022-09-07 00:00:00+00:00,5290241,"Quotation(units=374, nano=850000000)","Quotation(units=375, nano=950000000)"
2022-09-08 00:00:00+00:00,2764755,"Quotation(units=375, nano=100000000)","Quotation(units=374, nano=400000000)"
2022-09-09 00:00:00+00:00,3849992,"Quotation(units=375, nano=0)","Quotation(units=378, nano=0)"
2022-09-12 00:00:00+00:00,3697676,"Quotation(units=377, nano=550000000)","Quotation(units=379, nano=400000000)"
2022-09-13 00:00:00+00:00,2622775,"Quotation(units=380, nano=550000000)","Quotation(units=373, nano=400000000)"
2022-09-14 00:00:00+00:00,3978250,"Quotation(units=373, nano=0)","Quotation(units=375, nano=750000000)"
2022-09-15 00:00:00+00:00,14045156,"Quotation(units=377, nano=0)","Quotation(units=367, nano=300000000)"
2022-09-16 00:00:00+00:00,7946582,"Quotation(units=367, nano=200000000)","Quotation(units=359, nano=50000000)"
2022-09-19 00:00:00+00:00,3384080,"Quotation(units=356, nano=900000000)","Quotation(units=358, nano=250000000)"
2022-09-20 00:00:00+00:00,18178649,"Quotation(units=356, nano=700000000)","Quotation(units=330, nano=900000000)"
2022-09-21 00:00:00+00:00,12481137,"Quotation(units=293, nano=400000000)","Quotation(units=312, nano=550000000)"
2022-09-22 00:00:00+00:00,6837722,"Quotation(units=312, nano=550000000)","Quotation(units=315, nano=500000000)"
2022-09-23 00:00:00+00:00,8329343,"Quotation(units=315, nano=500000000)","Quotation(units=296, nano=700000000)"
2022-09-26 00:00:00+00:00,14884676,"Quotation(units=289, nano=950000000)","Quotation(units=257, nano=900000000)"
2022-09-27 00:00:00+00:00,9523283,"Quotation(units=263, nano=0)","Quotation(units=266, nano=950000000)"
2022-09-28 00:00:00+00:00,6332416,"Quotation(units=266, nano=0)","Quotation(units=263, nano=0)"
2022-09-29 00:00:00+00:00,8578846,"Quotation(units=263, nano=0)","Quotation(units=256, nano=50000000)"
2022-09-30 00:00:00+00:00,9072697,"Quotation(units=258, nano=50000000)","Quotation(units=264, nano=50000000)"
2022-10-03 00:00:00+00:00,8554091,"Quotation(units=266, nano=150000000)","Quotation(units=287, nano=900000000)"
2022-10-04 00:00:00+00:00,8388426,"Quotation(units=290, nano=0)","Quotation(units=283, nano=750000000)"
2022-10-05 00:00:00+00:00,13133822,"Quotation(units=283, nano=350000000)","Quotation(units=283, nano=0)"
2022-10-06 00:00:00+00:00,8280093,"Quotation(units=285, nano=0)","Quotation(units=286, nano=800000000)"
2022-10-07 00:00:00+00:00,8097460,"Quotation(units=285, nano=0)","Quotation(units=269, nano=0)"
2022-10-10 00:00:00+00:00,8384294,"Quotation(units=259, nano=50000000)","Quotation(units=277, nano=850000000)"
2022-10-11 00:00:00+00:00,4617067,"Quotation(units=278, nano=150000000)","Quotation(units=287, nano=300000000)"
2022-10-12 00:00:00+00:00,5575941,"Quotation(units=288, nano=300000000)","Quotation(units=292, nano=0)"
2022-10-13 00:00:00+00:00,6551376,"Quotation(units=292, nano=0)","Quotation(units=298, nano=800000000)"
2022-10-14 00:00:00+00:00,5752266,"Quotation(units=300, nano=0)","Quotation(units=299, nano=550000000)"
2022-10-17 00:00:00+00:00,7382933,"Quotation(units=300, nano=0)","Quotation(units=313, nano=450000000)"
2022-10-18 00:00:00+00:00,6869964,"Quotation(units=315, nano=950000000)","Quotation(units=305, nano=450000000)"
2022-10-19 00:00:00+00:00,6089705,"Quotation(units=302, nano=500000000)","Quotation(units=307, nano=950000000)"
2022-10-20 00:00:00+00:00,4746672,"Quotation(units=309, nano=800000000)","Quotation(units=310, nano=850000000)"
2022-10-21 00:00:00+00:00,3572451,"Quotation(units=310, nano=800000000)","Quotation(units=311, nano=300000000)"
2022-10-24 00:00:00+00:00,3006401,"Quotation(units=313, nano=0)","Quotation(units=313, nano=600000000)"
2022-10-25 00:00:00+00:00,8605734,"Quotation(units=312, nano=900000000)","Quotation(units=332, nano=400000000)"
2022-10-26 00:00:00+00:00,10317056,"Quotation(units=333, nano=0)","Quotation(units=340, nano=650000000)"
2022-10-27 00:00:00+00:00,8425252,"Quotation(units=341, nano=950000000)","Quotation(units=343, nano=850000000)"
2022-10-28 00:00:00+00:00,5188050,"Quotation(units=342, nano=200000000)","Quotation(units=341, nano=800000000)"
2022-10-31 00:00:00+00:00,6390418,"Quotation(units=341, nano=850000000)","Quotation(units=333, nano=900000000)"
2022-11-01 00:00:00+00:00,3212050,"Quotation(units=334, nano=800000000)","Quotation(units=332, nano=350000000)"
2022-11-02 00:00:00+00:00,4336791,"Quotation(units=333, nano=100000000)","Quotation(units=333, nano=700000000)"
2022-11-03 00:00:00+00:00,4013967,"Quotation(units=333, nano=500000000)","Quotation(units=335, nano=0)"
2022-11-07 00:00:00+00:00,12072064,"Quotation(units=338, nano=0)","Quotation(units=356, nano=700000000)"
2022-11-08 00:00:00+00:00,6710840,"Quotation(units=356, nano=800000000)","Quotation(units=351, nano=950000000)"
2022-11-09 00:00:00+00:00,5662365,"Quotation(units=350, nano=0)","Quotation(units=348, nano=600000000)"
2022-11-10 00:00:00+00:00,5938357,"Quotation(units=348, nano=500000000)","Quotation(units=358, nano=250000000)"
2022-11-11 00:00:00+00:00,8637077,"Quotation(units=360, nano=0)","Quotation(units=356, nano=950000000)"
2022-11-14 00:00:00+00:00,6922459,"Quotation(units=357, nano=700000000)","Quotation(units=350, nano=850000000)"
2022-11-15 00:00:00+00:00,7671493,"Quotation(units=350, nano=500000000)","Quotation(units=338, nano=400000000)"
2022-11-16 00:00:00+00:00,3561778,"Quotation(units=339, nano=950000000)","Quotation(units=342, nano=500000000)"
2022-11-17 00:00:00+00:00,3693834,"Quotation(units=342, nano=500000000)","Quotation(units=336, nano=950000000)"
2022-11-18 00:00:00+00:00,2575382,"Quotation(units=336, nano=700000000)","Quotation(units=336, nano=900000000)"
2022-11-21 00:00:00+00:00,6246229,"Quotation(units=335, nano=600000000)","Quotation(units=331, nano=850000000)"
2022-11-22 00:00:00+00:00,3800665,"Quotation(units=331, nano=900000000)","Quotation(units=334, nano=950000000)"
2022-11-23 00:00:00+00:00,3931534,"Quotation(units=335, nano=800000000)","Quotation(units=337, nano=950000000)"
2022-11-24 00:00:00+00:00,2219775,"Quotation(units=338, nano=250000000)","Quotation(units=334, nano=750000000)"
2022-11-25 00:00:00+00:00,1948046,"Quotation(units=334, nano=100000000)","Quotation(units=335, nano=900000000)"
2022-11-28 00:00:00+00:00,4283050,"Quotation(units=332, nano=800000000)","Quotation(units=333, nano=200000000)"
2022-11-29 00:00:00+00:00,1721270,"Quotation(units=335, nano=200000000)","Quotation(units=335, nano=900000000)"
2022-11-30 00:00:00+00:00,1229927,"Quotation(units=336, nano=200000000)","Quotation(units=336, nano=250000000)"
2022-12-01 00:00:00+00:00,1980527,"Quotation(units=336, nano=500000000)","Quotation(units=335, nano=900000000)"
2022-12-02 00:00:00+00:00,1038146,"Quotation(units=336, nano=0)","Quotation(units=335, nano=0)"
2022-12-05 00:00:00+00:00,4047744,"Quotation(units=334, nano=950000000)","Quotation(units=340, nano=450000000)"
2022-12-06 00:00:00+00:00,1942592,"Quotation(units=341, nano=600000000)","Quotation(units=336, nano=0)"
2022-12-07 00:00:00+00:00,3300935,"Quotation(units=335, nano=700000000)","Quotation(units=335, nano=100000000)"
2022-12-08 00:00:00+00:00,1120561,"Quotation(units=336, nano=0)","Quotation(units=333, nano=700000000)"
2022-12-09 00:00:00+00:00,1418948,"Quotation(units=333, nano=800000000)","Quotation(units=336, nano=150000000)"
2022-12-12 00:00:00+00:00,1587264,"Quotation(units=336, nano=200000000)","Quotation(units=335, nano=200000000)"
2022-12-13 00:00:00+00:00,1235783,"Quotation(units=335, nano=950000000)","Quotation(units=337, nano=400000000)"
2022-12-14 00:00:00+00:00,1409300,"Quotation(units=337, nano=550000000)","Quotation(units=333, nano=500000000)"
2022-12-15 00:00:00+00:00,2224739,"Quotation(units=333, nano=900000000)","Quotation(units=328, nano=0)"
2022-12-16 00:00:00+00:00,1598226,"Quotation(units=328, nano=0)","Quotation(units=330, nano=900000000)"
2022-12-19 00:00:00+00:00,1980951,"Quotation(units=330, nano=950000000)","Quotation(units=333, nano=0)"
2022-12-20 00:00:00+00:00,3294125,"Quotation(units=334, nano=800000000)","Quotation(units=344, nano=150000000)"
2022-12-21 00:00:00+00:00,3029855,"Quotation(units=346, nano=0)","Quotation(units=345, nano=200000000)"
2022-12-22 00:00:00+00:00,2018793,"Quotation(units=346, nano=200000000)","Quotation(units=344, nano=700000000)"
2022-12-23 00:00:00+00:00,1399755,"Quotation(units=345, nano=0)","Quotation(units=343, nano=300000000)"
2022-12-26 00:00:00+00:00,3576644,"Quotation(units=343, nano=700000000)","Quotation(units=352, nano=400000000)"
2022-12-27 00:00:00+00:00,2138946,"Quotation(units=353, nano=150000000)","Quotation(units=355, nano=450000000)"
2022-12-28 00:00:00+00:00,1788879,"Quotation(units=355, nano=500000000)","Quotation(units=355, nano=100000000)"
2022-12-29 00:00:00+00:00,2429180,"Quotation(units=354, nano=250000000)","Quotation(units=359, nano=600000000)"
2022-12-30 00:00:00+00:00,2512307,"Quotation(units=360, nano=450000000)","Quotation(units=365, nano=400000000)"
2023-01-03 00:00:00+00:00,2643653,"Quotation(units=367, nano=950000000)","Quotation(units=368, nano=50000000)"
2023-01-04 00:00:00+00:00,1805528,"Quotation(units=366, nano=500000000)","Quotation(units=365, nano=800000000)"
2023-01-05 00:00:00+00:00,1325831,"Quotation(units=367, nano=200000000)","Quotation(units=367, nano=500000000)"
2023-01-06 00:00:00+00:00,938436,"Quotation(units=368, nano=0)","Quotation(units=367, nano=300000000)"
2023-01-09 00:00:00+00:00,4351231,"Quotation(units=368, nano=200000000)","Quotation(units=367, nano=950000000)"
2023-01-10 00:00:00+00:00,5593572,"Quotation(units=367, nano=300000000)","Quotation(units=366, nano=750000000)"
2023-01-11 00:00:00+00:00,8210630,"Quotation(units=347, nano=600000000)","Quotation(units=347, nano=350000000)"
2023-01-12 00:00:00+00:00,1530649,"Quotation(units=347, nano=200000000)","Quotation(units=346, nano=850000000)"
2023-01-13 00:00:00+00:00,1410265,"Quotation(units=346, nano=0)","Quotation(units=346, nano=50000000)"
2023-01-16 00:00:00+00:00,1712033,"Quotation(units=346, nano=450000000)","Quotation(units=345, nano=800000000)"
2023-01-17 00:00:00+00:00,2008466,"Quotation(units=345, nano=700000000)","Quotation(units=341, nano=350000000)"
2023-01-18 00:00:00+00:00,2042642,"Quotation(units=340, nano=350000000)","Quotation(units=344, nano=150000000)"
2023-01-19 00:00:00+00:00,1693494,"Quotation(units=343, nano=300000000)","Quotation(units=339, nano=800000000)"
2023-01-20 00:00:00+00:00,2291895,"Quotation(units=339, nano=900000000)","Quotation(units=336, nano=550000000)"
2023-01-23 00:00:00+00:00,1157821,"Quotation(units=338, nano=500000000)","Quotation(units=340, nano=50000000)"
2023-01-24 00:00:00+00:00,1842595,"Quotation(units=340, nano=950000000)","Quotation(units=336, nano=750000000)"
2023-01-25 00:00:00+00:00,1289489,"Quotation(units=336, nano=550000000)","Quotation(units=338, nano=200000000)"
2023-01-26 00:00:00+00:00,2091926,"Quotation(units=338, nano=400000000)","Quotation(units=335, nano=0)"
2023-01-27 00:00:00+00:00,1452339,"Quotation(units=334, nano=900000000)","Quotation(units=336, nano=950000000)"
2023-01-30 00:00:00+00:00,1340095,"Quotation(units=337, nano=100000000)","Quotation(units=337, nano=650000000)"
2023-01-31 00:00:00+00:00,2100632,"Quotation(units=337, nano=100000000)","Quotation(units=340, nano=750000000)"
2023-02-01 00:00:00+00:00,2824423,"Quotation(units=340, nano=950000000)","Quotation(units=343, nano=0)"
2023-02-02 00:00:00+00:00,1679683,"Quotation(units=344, nano=300000000)","Quotation(units=342, nano=100000000)"
2023-02-03 00:00:00+00:00,1675122,"Quotation(units=342, nano=0)","Quotation(units=341, nano=850000000)"
2023-02-06 00:00:00+00:00,2997444,"Quotation(units=341, nano=500000000)","Quotation(units=347, nano=100000000)"
2023-02-07 00:00:00+00:00,5388811,"Quotation(units=348, nano=0)","Quotation(units=355, nano=250000000)"
2023-02-08 00:00:00+00:00,4779101,"Quotation(units=355, nano=600000000)","Quotation(units=349, nano=850000000)"
2023-02-09 00:00:00+00:00,2688920,"Quotation(units=359, nano=250000000)","Quotation(units=350, nano=200000000)"
2023-02-10 00:00:00+00:00,1620413,"Quotation(units=349, nano=100000000)","Quotation(units=351, nano=0)"
2023-02-13 00:00:00+00:00,1657279,"Quotation(units=350, nano=250000000)","Quotation(units=349, nano=400000000)"
2023-02-14 00:00:00+00:00,3195234,"Quotation(units=349, nano=900000000)","Quotation(units=344, nano=200000000)"
2023-02-15 00:00:00+00:00,3435511,"Quotation(units=343, nano=50000000)","Quotation(units=339, nano=600000000)"
2023-02-16 00:00:00+00:00,1708575,"Quotation(units=341, nano=250000000)","Quotation(units=342, nano=550000000)"
2023-02-17 00:00:00+00:00,1786096,"Quotation(units=341, nano=200000000)","Quotation(units=345, nano=100000000)"
2023-02-20 00:00:00+00:00,2427456,"Quotation(units=345, nano=100000000)","Quotation(units=347, nano=100000000)"
2023-02-21 00:00:00+00:00,3527085,"Quotation(units=347, nano=100000000)","Quotation(units=352, nano=650000000)"
2023-02-22 00:00:00+00:00,1608166,"Quotation(units=352, nano=650000000)","Quotation(units=353, nano=750000000)"
2023-02-24 00:00:00+00:00,1165938,"Quotation(units=354, nano=100000000)","Quotation(units=352, nano=450000000)"
2023-02-27 00:00:00+00:00,2348591,"Quotation(units=350, nano=300000000)","Quotation(units=357, nano=750000000)"
2023-02-28 00:00:00+00:00,2606115,"Quotation(units=357, nano=750000000)","Quotation(units=358, nano=400000000)"
2023-03-01 00:00:00+00:00,2672248,"Quotation(units=359, nano=100000000)","Quotation(units=361, nano=400000000)"
2023-03-02 00:00:00+00:00,3622194,"Quotation(units=361, nano=700000000)","Quotation(units=355, nano=50000000)"
2023-03-03 00:00:00+00:00,1636566,"Quotation(units=354, nano=200000000)","Quotation(units=358, nano=800000000)"
2023-03-06 00:00:00+00:00,2482544,"Quotation(units=361, nano=900000000)","Quotation(units=365, nano=350000000)"
2023-03-07 00:00:00+00:00,2055378,"Quotation(units=365, nano=350000000)","Quotation(units=364, nano=300000000)"
2023-03-09 00:00:00+00:00,1638082,"Quotation(units=365, nano=0)","Quotation(units=364, nano=0)"
2023-03-10 00:00:00+00:00,2270142,"Quotation(units=363, nano=0)","Quotation(units=365, nano=900000000)"
2023-03-13 00:00:00+00:00,3132812,"Quotation(units=366, nano=200000000)","Quotation(units=363, nano=500000000)"
2023-03-14 00:00:00+00:00,2802893,"Quotation(units=362, nano=400000000)","Quotation(units=364, nano=550000000)"
2023-03-15 00:00:00+00:00,3635579,"Quotation(units=365, nano=0)","Quotation(units=357, nano=950000000)"
2023-03-16 00:00:00+00:00,2207801,"Quotation(units=356, nano=250000000)","Quotation(units=359, nano=200000000)"
2023-03-17 00:00:00+00:00,4452684,"Quotation(units=360, nano=300000000)","Quotation(units=365, nano=200000000)"
2023-03-20 00:00:00+00:00,6762422,"Quotation(units=366, nano=300000000)","Quotation(units=377, nano=400000000)"
2023-03-21 00:00:00+00:00,6554255,"Quotation(units=379, nano=500000000)","Quotation(units=371, nano=800000000)"
2023-03-22 00:00:00+00:00,3346305,"Quotation(units=371, nano=0)","Quotation(units=375, nano=500000000)"
2023-03-23 00:00:00+00:00,1746571,"Quotation(units=375, nano=700000000)","Quotation(units=374, nano=450000000)"
2023-03-24 00:00:00+00:00,1230966,"Quotation(units=375, nano=100000000)","Quotation(units=377, nano=250000000)"
2023-03-27 00:00:00+00:00,2928597,"Quotation(units=378, nano=950000000)","Quotation(units=383, nano=250000000)"
2023-03-28 00:00:00+00:00,2269477,"Quotation(units=384, nano=200000000)","Quotation(units=381, nano=500000000)"
2023-03-29 00:00:00+00:00,3176686,"Quotation(units=383, nano=0)","Quotation(units=385, nano=450000000)"
2023-03-30 00:00:00+00:00,1701137,"Quotation(units=385, nano=550000000)","Quotation(units=386, nano=150000000)"
2023-03-31 00:00:00+00:00,3095833,"Quotation(units=386, nano=950000000)","Quotation(units=380, nano=900000000)"
2023-04-03 00:00:00+00:00,6386926,"Quotation(units=393, nano=800000000)","Quotation(units=390, nano=900000000)"
2023-04-04 00:00:00+00:00,3245886,"Quotation(units=391, nano=900000000)","Quotation(units=390, nano=0)"
2023-04-05 00:00:00+00:00,2653529,"Quotation(units=390, nano=300000000)","Quotation(units=389, nano=700000000)"
2023-04-06 00:00:00+00:00,2661881,"Quotation(units=390, nano=0)","Quotation(units=389, nano=800000000)"
2023-04-07 00:00:00+00:00,1794366,"Quotation(units=390, nano=750000000)","Quotation(units=391, nano=700000000)"
2023-04-10 00:00:00+00:00,2516249,"Quotation(units=391, nano=750000000)","Quotation(units=393, nano=500000000)"
2023-04-11 00:00:00+00:00,3450707,"Quotation(units=395, nano=0)","Quotation(units=388, nano=350000000)"
2023-04-12 00:00:00+00:00,1483006,"Quotation(units=388, nano=500000000)","Quotation(units=390, nano=900000000)"
2023-04-13 00:00:00+00:00,1103838,"Quotation(units=391, nano=750000000)","Quotation(units=390, nano=100000000)"
2023-04-14 00:00:00+00:00,2199947,"Quotation(units=389, nano=950000000)","Quotation(units=392, nano=400000000)"
2023-04-17 00:00:00+00:00,2083987,"Quotation(units=395, nano=0)","Quotation(units=395, nano=850000000)"
2023-04-18 00:00:00+00:00,2307018,"Quotation(units=396, nano=0)","Quotation(units=397, nano=0)"
2023-04-19 00:00:00+00:00,4246676,"Quotation(units=397, nano=300000000)","Quotation(units=396, nano=100000000)"
2023-04-20 00:00:00+00:00,3423777,"Quotation(units=395, nano=750000000)","Quotation(units=396, nano=500000000)"
2023-04-21 00:00:00+00:00,1856130,"Quotation(units=397, nano=800000000)","Quotation(units=398, nano=750000000)"
2023-04-24 00:00:00+00:00,1470849,"Quotation(units=398, nano=0)","Quotation(units=400, nano=400000000)"
2023-04-25 00:00:00+00:00,1330774,"Quotation(units=399, nano=800000000)","Quotation(units=396, nano=450000000)"
2023-04-26 00:00:00+00:00,1231944,"Quotation(units=396, nano=150000000)","Quotation(units=395, nano=750000000)"
2023-04-27 00:00:00+00:00,1298205,"Quotation(units=396, nano=0)","Quotation(units=398, nano=250000000)"
2023-04-28 00:00:00+00:00,2148857,"Quotation(units=398, nano=900000000)","Quotation(units=393, nano=800000000)"
2023-05-02 00:00:00+00:00,2596818,"Quotation(units=393, nano=800000000)","Quotation(units=390, nano=0)"
2023-05-03 00:00:00+00:00,2929961,"Quotation(units=390, nano=0)","Quotation(units=378, nano=0)"
2023-05-04 00:00:00+00:00,1921550,"Quotation(units=378, nano=450000000)","Quotation(units=379, nano=950000000)"
2023-05-05 00:00:00+00:00,1812937,"Quotation(units=379, nano=500000000)","Quotation(units=378, nano=650000000)"
2023-05-08 00:00:00+00:00,678275,"Quotation(units=379, nano=900000000)","Quotation(units=381, nano=100000000)"
2023-05-10 00:00:00+00:00,2258482,"Quotation(units=381, nano=0)","Quotation(units=392, nano=100000000)"
2023-05-11 00:00:00+00:00,4194968,"Quotation(units=392, nano=500000000)","Quotation(units=391, nano=650000000)"
2023-05-12 00:00:00+00:00,2479086,"Quotation(units=391, nano=800000000)","Quotation(units=398, nano=950000000)"
2023-05-15 00:00:00+00:00,4928073,"Quotation(units=399, nano=0)","Quotation(units=407, nano=850000000)"
2023-05-16 00:00:00+00:00,3077580,"Quotation(units=409, nano=0)","Quotation(units=410, nano=750000000)"
2023-05-17 00:00:00+00:00,2879675,"Quotation(units=410, nano=750000000)","Quotation(units=414, nano=800000000)"
2023-05-18 00:00:00+00:00,2798197,"Quotation(units=416, nano=0)","Quotation(units=414, nano=100000000)"
2023-05-19 00:00:00+00:00,2378290,"Quotation(units=414, nano=250000000)","Quotation(units=413, nano=650000000)"
2023-05-22 00:00:00+00:00,4220131,"Quotation(units=417, nano=0)","Quotation(units=424, nano=500000000)"
2023-05-23 00:00:00+00:00,3045708,"Quotation(units=425, nano=150000000)","Quotation(units=424, nano=800000000)"
2023-05-24 00:00:00+00:00,5445581,"Quotation(units=425, nano=100000000)","Quotation(units=436, nano=0)"
2023-05-25 00:00:00+00:00,5210438,"Quotation(units=437, nano=850000000)","Quotation(units=430, nano=150000000)"
2023-05-26 00:00:00+00:00,3225141,"Quotation(units=428, nano=850000000)","Quotation(units=432, nano=900000000)"
2023-05-29 00:00:00+00:00,4300282,"Quotation(units=435, nano=850000000)","Quotation(units=440, nano=450000000)"
2023-05-30 00:00:00+00:00,6077510,"Quotation(units=438, nano=0)","Quotation(units=434, nano=500000000)"
2023-05-31 00:00:00+00:00,9676896,"Quotation(units=432, nano=750000000)","Quotation(units=450, nano=100000000)"
2023-06-01 00:00:00+00:00,5638696,"Quotation(units=452, nano=0)","Quotation(units=451, nano=500000000)"
2023-06-02 00:00:00+00:00,3265472,"Quotation(units=453, nano=500000000)","Quotation(units=458, nano=950000000)"
2023-06-05 00:00:00+00:00,7192545,"Quotation(units=466, nano=500000000)","Quotation(units=458, nano=600000000)"
2023-06-06 00:00:00+00:00,3970344,"Quotation(units=457, nano=350000000)","Quotation(units=462, nano=100000000)"
2023-06-07 00:00:00+00:00,3229091,"Quotation(units=462, nano=150000000)","Quotation(units=459, nano=850000000)"
2023-06-08 00:00:00+00:00,1756416,"Quotation(units=460, nano=0)","Quotation(units=458, nano=150000000)"
2023-06-09 00:00:00+00:00,2771319,"Quotation(units=459, nano=0)","Quotation(units=463, nano=500000000)"
2023-06-13 00:00:00+00:00,5960065,"Quotation(units=465, nano=500000000)","Quotation(units=479, nano=850000000)"
2023-06-14 00:00:00+00:00,3831121,"Quotation(units=482, nano=0)","Quotation(units=478, nano=400000000)"
2023-06-15 00:00:00+00:00,4199476,"Quotation(units=479, nano=200000000)","Quotation(units=481, nano=750000000)"
2023-06-16 00:00:00+00:00,2320968,"Quotation(units=482, nano=200000000)","Quotation(units=480, nano=400000000)"
2023-06-19 00:00:00+00:00,3952683,"Quotation(units=482, nano=500000000)","Quotation(units=485, nano=850000000)"
2023-06-20 00:00:00+00:00,3794972,"Quotation(units=487, nano=0)","Quotation(units=483, nano=400000000)"
2023-06-21 00:00:00+00:00,2010884,"Quotation(units=481, nano=900000000)","Quotation(units=481, nano=350000000)"
2023-06-22 00:00:00+00:00,2311440,"Quotation(units=481, nano=500000000)","Quotation(units=475, nano=450000000)"
2023-06-23 00:00:00+00:00,5057130,"Quotation(units=474, nano=350000000)","Quotation(units=467, nano=550000000)"
2023-06-26 00:00:00+00:00,3847536,"Quotation(units=470, nano=100000000)","Quotation(units=474, nano=400000000)"
2023-06-27 00:00:00+00:00,3141927,"Quotation(units=476, nano=150000000)","Quotation(units=475, nano=850000000)"
2023-06-28 00:00:00+00:00,1830959,"Quotation(units=476, nano=150000000)","Quotation(units=477, nano=50000000)"
2023-06-29 00:00:00+00:00,3361222,"Quotation(units=477, nano=150000000)","Quotation(units=482, nano=100000000)"
2023-06-30 00:00:00+00:00,1746703,"Quotation(units=482, nano=700000000)","Quotation(units=482, nano=350000000)"
2023-07-03 00:00:00+00:00,2571361,"Quotation(units=483, nano=600000000)","Quotation(units=478, nano=50000000)"
2023-07-04 00:00:00+00:00,2833902,"Quotation(units=478, nano=100000000)","Quotation(units=473, nano=400000000)"
2023-07-05 00:00:00+00:00,2549027,"Quotation(units=474, nano=250000000)","Quotation(units=473, nano=900000000)"
2023-07-06 00:00:00+00:00,3402404,"Quotation(units=473, nano=350000000)","Quotation(units=476, nano=750000000)"
2023-07-07 00:00:00+00:00,4041779,"Quotation(units=475, nano=550000000)","Quotation(units=482, nano=400000000)"
2023-07-10 00:00:00+00:00,4601696,"Quotation(units=470, nano=0)","Quotation(units=477, nano=450000000)"
2023-07-11 00:00:00+00:00,1455224,"Quotation(units=477, nano=500000000)","Quotation(units=478, nano=800000000)"
2023-07-12 00:00:00+00:00,4933142,"Quotation(units=477, nano=500000000)","Quotation(units=487, nano=50000000)"
2023-07-13 00:00:00+00:00,4492073,"Quotation(units=489, nano=250000000)","Quotation(units=488, nano=400000000)"
2023-07-14 00:00:00+00:00,1898938,"Quotation(units=487, nano=250000000)","Quotation(units=487, nano=650000000)"
2023-07-17 00:00:00+00:00,2952898,"Quotation(units=485, nano=950000000)","Quotation(units=489, nano=300000000)"
2023-07-18 00:00:00+00:00,2398976,"Quotation(units=489, nano=300000000)","Quotation(units=490, nano=150000000)"
2023-07-19 00:00:00+00:00,2572971,"Quotation(units=490, nano=950000000)","Quotation(units=485, nano=950000000)"
2023-07-20 00:00:00+00:00,2903286,"Quotation(units=485, nano=950000000)","Quotation(units=475, nano=100000000)"
2023-07-21 00:00:00+00:00,2827850,"Quotation(units=475, nano=500000000)","Quotation(units=483, nano=200000000)"
2023-07-24 00:00:00+00:00,1657519,"Quotation(units=483, nano=200000000)","Quotation(units=481, nano=600000000)"
2023-07-25 00:00:00+00:00,3238712,"Quotation(units=482, nano=550000000)","Quotation(units=489, nano=150000000)"
2023-07-26 00:00:00+00:00,2057160,"Quotation(units=488, nano=950000000)","Quotation(units=486, nano=950000000)"
2023-07-27 00:00:00+00:00,2341860,"Quotation(units=487, nano=500000000)","Quotation(units=493, nano=750000000)"
2023-07-28 00:00:00+00:00,3925034,"Quotation(units=493, nano=800000000)","Quotation(units=500, nano=650000000)"
2023-07-31 00:00:00+00:00,3868807,"Quotation(units=502, nano=650000000)","Quotation(units=508, nano=750000000)"
2023-08-01 00:00:00+00:00,5161679,"Quotation(units=510, nano=0)","Quotation(units=516, nano=700000000)"
2023-08-02 00:00:00+00:00,4559768,"Quotation(units=517, nano=500000000)","Quotation(units=522, nano=950000000)"
2023-08-03 00:00:00+00:00,3166505,"Quotation(units=522, nano=750000000)","Quotation(units=526, nano=700000000)"
2023-08-04 00:00:00+00:00,6546405,"Quotation(units=527, nano=600000000)","Quotation(units=521, nano=950000000)"
2023-08-07 00:00:00+00:00,6451666,"Quotation(units=526, nano=0)","Quotation(units=524, nano=600000000)"
2023-08-08 00:00:00+00:00,2864033,"Quotation(units=523, nano=800000000)","Quotation(units=527, nano=900000000)"
2023-08-09 00:00:00+00:00,2729513,"Quotation(units=529, nano=0)","Quotation(units=533, nano=200000000)"
2023-08-10 00:00:00+00:00,2142296,"Quotation(units=534, nano=400000000)","Quotation(units=535, nano=200000000)"
2023-08-11 00:00:00+00:00,5881485,"Quotation(units=536, nano=150000000)","Quotation(units=549, nano=0)"
2023-08-14 00:00:00+00:00,10364273,"Quotation(units=551, nano=0)","Quotation(units=539, nano=750000000)"
2023-08-15 00:00:00+00:00,8516492,"Quotation(units=537, nano=50000000)","Quotation(units=546, nano=300000000)"
2023-08-16 00:00:00+00:00,6239315,"Quotation(units=546, nano=300000000)","Quotation(units=532, nano=950000000)"
2023-08-17 00:00:00+00:00,4620505,"Quotation(units=539, nano=0)","Quotation(units=544, nano=450000000)"
2023-08-18 00:00:00+00:00,2583363,"Quotation(units=544, nano=0)","Quotation(units=548, nano=200000000)"
2023-08-21 00:00:00+00:00,2210109,"Quotation(units=549, nano=0)","Quotation(units=547, nano=450000000)"
2023-08-22 00:00:00+00:00,2560556,"Quotation(units=548, nano=0)","Quotation(units=549, nano=500000000)"
2023-08-23 00:00:00+00:00,4535376,"Quotation(units=549, nano=550000000)","Quotation(units=534, nano=500000000)"
2023-08-24 00:00:00+00:00,1958712,"Quotation(units=537, nano=0)","Quotation(units=539, nano=800000000)"
2023-08-25 00:00:00+00:00,1546465,"Quotation(units=541, nano=0)","Quotation(units=538, nano=850000000)"
2023-08-28 00:00:00+00:00,2733712,"Quotation(units=540, nano=50000000)","Quotation(units=545, nano=550000000)"
2023-08-29 00:00:00+00:00,4401756,"Quotation(units=545, nano=350000000)","Quotation(units=558, nano=300000000)"
2023-08-30 00:00:00+00:00,6167526,"Quotation(units=562, nano=0)","Quotation(units=556, nano=900000000)"
2023-08-31 00:00:00+00:00,2579148,"Quotation(units=557, nano=100000000)","Quotation(units=556, nano=150000000)"
2023-09-01 00:00:00+00:00,2653686,"Quotation(units=556, nano=500000000)","Quotation(units=559, nano=150000000)"
2023-09-04 00:00:00+00:00,4194716,"Quotation(units=559, nano=950000000)","Quotation(units=567, nano=250000000)"
2023-09-05 00:00:00+00:00,6406793,"Quotation(units=568, nano=0)","Quotation(units=574, nano=400000000)"
2023-09-06 00:00:00+00:00,4784201,"Quotation(units=574, nano=500000000)","Quotation(units=578, nano=800000000)"
2023-09-07 00:00:00+00:00,7017201,"Quotation(units=578, nano=800000000)","Quotation(units=564, nano=600000000)"
2023-09-08 00:00:00+00:00,3261457,"Quotation(units=564, nano=500000000)","Quotation(units=557, nano=950000000)"
2023-09-11 00:00:00+00:00,4188570,"Quotation(units=557, nano=500000000)","Quotation(units=549, nano=100000000)"
2023-09-12 00:00:00+00:00,3062266,"Quotation(units=551, nano=900000000)","Quotation(units=562, nano=0)"
2023-09-13 00:00:00+00:00,1808550,"Quotation(units=563, nano=400000000)","Quotation(units=555, nano=150000000)"
2023-09-14 00:00:00+00:00,3342450,"Quotation(units=555, nano=150000000)","Quotation(units=556, nano=300000000)"
2023-09-15 00:00:00+00:00,3234739,"Quotation(units=556, nano=550000000)","Quotation(units=562, nano=800000000)"
2023-09-18 00:00:00+00:00,2851153,"Quotation(units=565, nano=0)","Quotation(units=557, nano=100000000)"
2023-09-19 00:00:00+00:00,3686091,"Quotation(units=558, nano=600000000)","Quotation(units=544, nano=0)"
2023-09-20 00:00:00+00:00,9824200,"Quotation(units=544, nano=0)","Quotation(units=529, nano=350000000)"
2023-09-21 00:00:00+00:00,15090715,"Quotation(units=528, nano=0)","Quotation(units=508, nano=0)"
2023-09-22 00:00:00+00:00,11597068,"Quotation(units=510, nano=0)","Quotation(units=513, nano=900000000)"
2023-09-25 00:00:00+00:00,5799688,"Quotation(units=513, nano=900000000)","Quotation(units=520, nano=650000000)"
2023-09-26 00:00:00+00:00,4187848,"Quotation(units=518, nano=950000000)","Quotation(units=517, nano=850000000)"
2023-09-27 00:00:00+00:00,5004800,"Quotation(units=520, nano=300000000)","Quotation(units=529, nano=950000000)"
2023-09-28 00:00:00+00:00,3956580,"Quotation(units=531, nano=400000000)","Quotation(units=535, nano=700000000)"
2023-09-29 00:00:00+00:00,3187176,"Quotation(units=536, nano=0)","Quotation(units=537, nano=0)"
2023-10-02 00:00:00+00:00,4053827,"Quotation(units=538, nano=500000000)","Quotation(units=535, nano=550000000)"
2023-10-03 00:00:00+00:00,3202842,"Quotation(units=534, nano=650000000)","Quotation(units=538, nano=900000000)"
2023-10-04 00:00:00+00:00,3438309,"Quotation(units=538, nano=200000000)","Quotation(units=533, nano=950000000)"
2023-10-05 00:00:00+00:00,2498335,"Quotation(units=536, nano=0)","Quotation(units=534, nano=700000000)"
2023-10-06 00:00:00+00:00,2961059,"Quotation(units=534, nano=500000000)","Quotation(units=534, nano=200000000)"
2023-10-09 00:00:00+00:00,6967992,"Quotation(units=541, nano=100000000)","Quotation(units=552, nano=500000000)"
2023-10-10 00:00:00+00:00,2946699,"Quotation(units=552, nano=0)","Quotation(units=549, nano=0)"
2023-10-11 00:00:00+00:00,6376794,"Quotation(units=549, nano=500000000)","Quotation(units=540, nano=350000000)"
2023-10-12 00:00:00+00:00,4066793,"Quotation(units=538, nano=400000000)","Quotation(units=546, nano=50000000)"
2023-10-13 00:00:00+00:00,4973328,"Quotation(units=546, nano=650000000)","Quotation(units=561, nano=850000000)"
2023-10-16 00:00:00+00:00,5076954,"Quotation(units=564, nano=0)","Quotation(units=568, nano=650000000)"
2023-10-17 00:00:00+00:00,4295747,"Quotation(units=568, nano=850000000)","Quotation(units=573, nano=50000000)"
2023-10-18 00:00:00+00:00,9706146,"Quotation(units=574, nano=950000000)","Quotation(units=586, nano=800000000)"
2023-10-19 00:00:00+00:00,5963953,"Quotation(units=586, nano=0)","Quotation(units=595, nano=250000000)"
2023-10-20 00:00:00+00:00,7898736,"Quotation(units=596, nano=0)","Quotation(units=602, nano=900000000)"
2023-10-23 00:00:00+00:00,6000105,"Quotation(units=600, nano=100000000)","Quotation(units=593, nano=300000000)"
2023-10-24 00:00:00+00:00,3869764,"Quotation(units=593, nano=0)","Quotation(units=586, nano=200000000)"
2023-10-25 00:00:00+00:00,4242769,"Quotation(units=585, nano=0)","Quotation(units=590, nano=500000000)"
2023-10-26 00:00:00+00:00,3477671,"Quotation(units=590, nano=500000000)","Quotation(units=583, nano=0)"
2023-10-27 00:00:00+00:00,6836907,"Quotation(units=584, nano=500000000)","Quotation(units=594, nano=600000000)"
2023-10-30 00:00:00+00:00,2826267,"Quotation(units=593, nano=250000000)","Quotation(units=587, nano=200000000)"
2023-10-31 00:00:00+00:00,4771075,"Quotation(units=586, nano=0)","Quotation(units=574, nano=550000000)"
2023-11-01 00:00:00+00:00,4126340,"Quotation(units=574, nano=0)","Quotation(units=579, nano=500000000)"
2023-11-02 00:00:00+00:00,3432312,"Quotation(units=581, nano=300000000)","Quotation(units=586, nano=250000000)"
2023-11-03 00:00:00+00:00,3693322,"Quotation(units=588, nano=400000000)","Quotation(units=581, nano=500000000)"
2023-11-06 00:00:00+00:00,1893451,"Quotation(units=582, nano=500000000)","Quotation(units=588, nano=950000000)"
2023-11-07 00:00:00+00:00,2211960,"Quotation(units=588, nano=600000000)","Quotation(units=583, nano=950000000)"
2023-11-08 00:00:00+00:00,2315948,"Quotation(units=583, nano=950000000)","Quotation(units=581, nano=650000000)"
2023-11-09 00:00:00+00:00,3373607,"Quotation(units=581, nano=400000000)","Quotation(units=583, nano=100000000)"
2023-11-10 00:00:00+00:00,9601177,"Quotation(units=583, nano=400000000)","Quotation(units=598, nano=300000000)"
2023-11-13 00:00:00+00:00,4317581,"Quotation(units=600, nano=0)","Quotation(units=598, nano=300000000)"
2023-11-14 00:00:00+00:00,4653735,"Quotation(units=597, nano=800000000)","Quotation(units=591, nano=300000000)"
2023-11-15 00:00:00+00:00,5268513,"Quotation(units=589, nano=900000000)","Quotation(units=585, nano=0)"
2023-11-16 00:00:00+00:00,3579808,"Quotation(units=583, nano=500000000)","Quotation(units=572, nano=750000000)"
2023-11-17 00:00:00+00:00,4832114,"Quotation(units=572, nano=550000000)","Quotation(units=583, nano=300000000)"
2023-11-20 00:00:00+00:00,2183257,"Quotation(units=584, nano=500000000)","Quotation(units=581, nano=500000000)"
2023-11-21 00:00:00+00:00,2115754,"Quotation(units=581, nano=0)","Quotation(units=583, nano=400000000)"
2023-11-22 00:00:00+00:00,2722059,"Quotation(units=582, nano=750000000)","Quotation(units=581, nano=750000000)"
2023-11-23 00:00:00+00:00,1298090,"Quotation(units=581, nano=600000000)","Quotation(units=580, nano=800000000)"
2023-11-24 00:00:00+00:00,3449893,"Quotation(units=581, nano=200000000)","Quotation(units=578, nano=850000000)"
2023-11-27 00:00:00+00:00,2731793,"Quotation(units=578, nano=200000000)","Quotation(units=578, nano=0)"
2023-11-28 00:00:00+00:00,3429134,"Quotation(units=576, nano=0)","Quotation(units=589, nano=900000000)"
2023-11-29 00:00:00+00:00,3570342,"Quotation(units=589, nano=900000000)","Quotation(units=593, nano=450000000)"
2023-11-30 00:00:00+00:00,5645836,"Quotation(units=598, nano=0)","Quotation(units=584, nano=300000000)"
2023-12-01 00:00:00+00:00,2625750,"Quotation(units=583, nano=500000000)","Quotation(units=575, nano=150000000)"
2023-12-04 00:00:00+00:00,3385782,"Quotation(units=573, nano=850000000)","Quotation(units=565, nano=0)"
2023-12-05 00:00:00+00:00,2249090,"Quotation(units=567, nano=100000000)","Quotation(units=574, nano=350000000)"
2023-12-06 00:00:00+00:00,2262240,"Quotation(units=574, nano=800000000)","Quotation(units=565, nano=550000000)"
2023-12-07 00:00:00+00:00,4015534,"Quotation(units=564, nano=500000000)","Quotation(units=560, nano=600000000)"
2023-12-08 00:00:00+00:00,1606316,"Quotation(units=563, nano=0)","Quotation(units=564, nano=700000000)"
2023-12-11 00:00:00+00:00,2440767,"Quotation(units=564, nano=700000000)","Quotation(units=555, nano=0)"
2023-12-12 00:00:00+00:00,2542798,"Quotation(units=554, nano=550000000)","Quotation(units=549, nano=550000000)"
2023-12-13 00:00:00+00:00,1743135,"Quotation(units=546, nano=0)","Quotation(units=555, nano=850000000)"
2023-12-14 00:00:00+00:00,3418325,"Quotation(units=557, nano=400000000)","Quotation(units=535, nano=700000000)"
2023-12-15 00:00:00+00:00,3949304,"Quotation(units=535, nano=500000000)","Quotation(units=561, nano=500000000)"
2023-12-18 00:00:00+00:00,3630477,"Quotation(units=568, nano=300000000)","Quotation(units=566, nano=650000000)"
2023-12-19 00:00:00+00:00,3118726,"Quotation(units=566, nano=650000000)","Quotation(units=574, nano=0)"
2023-12-20 00:00:00+00:00,3382309,"Quotation(units=574, nano=250000000)","Quotation(units=578, nano=600000000)"
2023-12-21 00:00:00+00:00,2984797,"Quotation(units=581, nano=200000000)","Quotation(units=577, nano=100000000)"
2023-12-22 00:00:00+00:00,2581816,"Quotation(units=580, nano=0)","Quotation(units=583, nano=750000000)"
2023-12-25 00:00:00+00:00,1694085,"Quotation(units=585, nano=850000000)","Quotation(units=584, nano=450000000)"
2023-12-26 00:00:00+00:00,2232310,"Quotation(units=585, nano=0)","Quotation(units=589, nano=300000000)"
2023-12-27 00:00:00+00:00,2902895,"Quotation(units=590, nano=450000000)","Quotation(units=594, nano=550000000)"
2023-12-28 00:00:00+00:00,1830269,"Quotation(units=596, nano=700000000)","Quotation(units=591, nano=900000000)"
2023-12-29 00:00:00+00:00,1878824,"Quotation(units=591, nano=600000000)","Quotation(units=593, nano=200000000)"
2024-01-03 00:00:00+00:00,1945771,"Quotation(units=595, nano=600000000)","Quotation(units=604, nano=0)"
2024-01-04 00:00:00+00:00,1193768,"Quotation(units=605, nano=800000000)","Quotation(units=601, nano=150000000)"
2024-01-05 00:00:00+00:00,1964815,"Quotation(units=602, nano=600000000)","Quotation(units=604, nano=50000000)"
2024-01-08 00:00:00+00:00,1806126,"Quotation(units=605, nano=150000000)","Quotation(units=602, nano=300000000)"
2024-01-09 00:00:00+00:00,3249471,"Quotation(units=603, nano=150000000)","Quotation(units=600, nano=550000000)"
2024-01-10 00:00:00+00:00,5087676,"Quotation(units=598, nano=100000000)","Quotation(units=601, nano=0)"
2024-01-11 00:00:00+00:00,9771283,"Quotation(units=574, nano=50000000)","Quotation(units=579, nano=600000000)"
2024-01-12 00:00:00+00:00,5405464,"Quotation(units=584, nano=0)","Quotation(units=584, nano=200000000)"
2024-01-15 00:00:00+00:00,2573506,"Quotation(units=585, nano=0)","Quotation(units=581, nano=400000000)"
2024-01-16 00:00:00+00:00,1580870,"Quotation(units=582, nano=750000000)","Quotation(units=578, nano=400000000)"
2024-01-17 00:00:00+00:00,3911748,"Quotation(units=578, nano=50000000)","Quotation(units=574, nano=750000000)"
2024-01-18 00:00:00+00:00,2081619,"Quotation(units=575, nano=800000000)","Quotation(units=573, nano=950000000)"
2024-01-19 00:00:00+00:00,2645181,"Quotation(units=573, nano=950000000)","Quotation(units=574, nano=950000000)"
2024-01-22 00:00:00+00:00,1873302,"Quotation(units=575, nano=200000000)","Quotation(units=577, nano=950000000)"
2024-01-23 00:00:00+00:00,1421415,"Quotation(units=578, nano=950000000)","Quotation(units=579, nano=900000000)"
2024-01-24 00:00:00+00:00,1844368,"Quotation(units=580, nano=350000000)","Quotation(units=575, nano=750000000)"
2024-01-25 00:00:00+00:00,1874962,"Quotation(units=573, nano=850000000)","Quotation(units=574, nano=650000000)"
2024-01-26 00:00:00+00:00,1547572,"Quotation(units=577, nano=0)","Quotation(units=573, nano=900000000)"
2024-01-29 00:00:00+00:00,3555435,"Quotation(units=574, nano=500000000)","Quotation(units=575, nano=750000000)"
2024-01-30 00:00:00+00:00,2241184,"Quotation(units=576, nano=350000000)","Quotation(units=573, nano=950000000)"
2024-01-31 00:00:00+00:00,3281866,"Quotation(units=574, nano=300000000)","Quotation(units=575, nano=0)"
2024-02-01 00:00:00+00:00,4626022,"Quotation(units=575, nano=500000000)","Quotation(units=576, nano=500000000)"
2024-02-02 00:00:00+00:00,5216251,"Quotation(units=577, nano=0)","Quotation(units=583, nano=950000000)"
2024-02-05 00:00:00+00:00,5224734,"Quotation(units=584, nano=50000000)","Quotation(units=592, nano=0)"
2024-02-06 00:00:00+00:00,2085502,"Quotation(units=593, nano=0)","Quotation(units=593, nano=550000000)"
2024-02-07 00:00:00+00:00,4035754,"Quotation(units=593, nano=700000000)","Quotation(units=589, nano=700000000)"
2024-02-08 00:00:00+00:00,3315152,"Quotation(units=586, nano=50000000)","Quotation(units=587, nano=750000000)"
2024-02-09 00:00:00+00:00,2551037,"Quotation(units=587, nano=800000000)","Quotation(units=589, nano=750000000)"
2024-02-12 00:00:00+00:00,2669101,"Quotation(units=590, nano=100000000)","Quotation(units=588, nano=950000000)"
2024-02-13 00:00:00+00:00,2388838,"Quotation(units=590, nano=0)","Quotation(units=592, nano=750000000)"
2024-02-14 00:00:00+00:00,1936190,"Quotation(units=593, nano=750000000)","Quotation(units=590, nano=50000000)"
2024-02-15 00:00:00+00:00,2645626,"Quotation(units=590, nano=0)","Quotation(units=589, nano=150000000)"
2024-02-16 00:00:00+00:00,4191003,"Quotation(units=590, nano=50000000)","Quotation(units=585, nano=500000000)"
2024-02-19 00:00:00+00:00,2552097,"Quotation(units=585, nano=600000000)","Quotation(units=586, nano=250000000)"
2024-02-20 00:00:00+00:00,5164767,"Quotation(units=586, nano=0)","Quotation(units=572, nano=100000000)"
2024-02-21 00:00:00+00:00,6696796,"Quotation(units=572, nano=100000000)","Quotation(units=562, nano=350000000)"
2024-02-22 00:00:00+00:00,2744549,"Quotation(units=564, nano=450000000)","Quotation(units=562, nano=350000000)"
2024-02-26 00:00:00+00:00,3628956,"Quotation(units=566, nano=650000000)","Quotation(units=575, nano=550000000)"
2024-02-27 00:00:00+00:00,3489647,"Quotation(units=575, nano=500000000)","Quotation(units=568, nano=200000000)"
2024-02-28 00:00:00+00:00,2564098,"Quotation(units=566, nano=950000000)","Quotation(units=568, nano=500000000)"
2024-02-29 00:00:00+00:00,3610085,"Quotation(units=568, nano=500000000)","Quotation(units=578, nano=0)"
2024-03-01 00:00:00+00:00,2353852,"Quotation(units=578, nano=50000000)","Quotation(units=577, nano=450000000)"
2024-03-04 00:00:00+00:00,2060097,"Quotation(units=578, nano=900000000)","Quotation(units=582, nano=500000000)"
2024-03-05 00:00:00+00:00,2703486,"Quotation(units=582, nano=600000000)","Quotation(units=585, nano=550000000)"
2024-03-06 00:00:00+00:00,1874494,"Quotation(units=585, nano=700000000)","Quotation(units=585, nano=150000000)"
2024-03-07 00:00:00+00:00,1431702,"Quotation(units=585, nano=0)","Quotation(units=589, nano=450000000)"
2024-03-11 00:00:00+00:00,1925221,"Quotation(units=589, nano=600000000)","Quotation(units=588, nano=350000000)"
2024-03-12 00:00:00+00:00,1811625,"Quotation(units=588, nano=600000000)","Quotation(units=588, nano=250000000)"
2024-03-13 00:00:00+00:00,2723687,"Quotation(units=586, nano=100000000)","Quotation(units=581, nano=450000000)"
2024-03-14 00:00:00+00:00,2576036,"Quotation(units=581, nano=0)","Quotation(units=584, nano=0)"
2024-03-15 00:00:00+00:00,1768650,"Quotation(units=583, nano=0)","Quotation(units=584, nano=200000000)"
2024-03-18 00:00:00+00:00,1287820,"Quotation(units=584, nano=0)","Quotation(units=583, nano=100000000)"
2024-03-19 00:00:00+00:00,15172575,"Quotation(units=582, nano=850000000)","Quotation(units=565, nano=350000000)"
2024-03-20 00:00:00+00:00,15832545,"Quotation(units=565, nano=350000000)","Quotation(units=560, nano=300000000)"
2024-03-21 00:00:00+00:00,13589092,"Quotation(units=561, nano=300000000)","Quotation(units=562, nano=800000000)"
2024-03-22 00:00:00+00:00,10052432,"Quotation(units=562, nano=850000000)","Quotation(units=554, nano=200000000)"
2024-03-25 00:00:00+00:00,8585063,"Quotation(units=556, nano=700000000)","Quotation(units=558, nano=50000000)"
2024-03-26 00:00:00+00:00,4720207,"Quotation(units=559, nano=0)","Quotation(units=556, nano=100000000)"
2024-03-27 00:00:00+00:00,3623708,"Quotation(units=556, nano=100000000)","Quotation(units=555, nano=400000000)"
2024-03-28 00:00:00+00:00,8154514,"Quotation(units=557, nano=0)","Quotation(units=565, nano=750000000)"
2024-03-29 00:00:00+00:00,5575648,"Quotation(units=567, nano=600000000)","Quotation(units=565, nano=750000000)"
2024-04-01 00:00:00+00:00,8194319,"Quotation(units=568, nano=0)","Quotation(units=568, nano=850000000)"
2024-04-02 00:00:00+00:00,4834554,"Quotation(units=570, nano=0)","Quotation(units=572, nano=900000000)"
2024-04-03 00:00:00+00:00,4829568,"Quotation(units=573, nano=100000000)","Quotation(units=576, nano=900000000)"
2024-04-04 00:00:00+00:00,3924251,"Quotation(units=577, nano=750000000)","Quotation(units=578, nano=50000000)"
2024-04-05 00:00:00+00:00,3300134,"Quotation(units=578, nano=850000000)","Quotation(units=576, nano=100000000)"
2024-04-08 00:00:00+00:00,3298221,"Quotation(units=576, nano=300000000)","Quotation(units=574, nano=500000000)"
2024-04-09 00:00:00+00:00,4663495,"Quotation(units=574, nano=500000000)","Quotation(units=568, nano=400000000)"
2024-04-10 00:00:00+00:00,2487296,"Quotation(units=568, nano=500000000)","Quotation(units=573, nano=200000000)"
2024-04-11 00:00:00+00:00,3772650,"Quotation(units=573, nano=200000000)","Quotation(units=575, nano=250000000)"
2024-04-12 00:00:00+00:00,3152068,"Quotation(units=576, nano=0)","Quotation(units=576, nano=150000000)"
2024-04-15 00:00:00+00:00,7079255,"Quotation(units=578, nano=950000000)","Quotation(units=589, nano=750000000)"
2024-04-16 00:00:00+00:00,5290388,"Quotation(units=590, nano=0)","Quotation(units=589, nano=100000000)"
2024-04-17 00:00:00+00:00,3814643,"Quotation(units=589, nano=150000000)","Quotation(units=584, nano=350000000)"
2024-04-18 00:00:00+00:00,3808318,"Quotation(units=583, nano=850000000)","Quotation(units=579, nano=150000000)"
2024-04-19 00:00:00+00:00,3507875,"Quotation(units=582, nano=0)","Quotation(units=585, nano=350000000)"
2024-04-22 00:00:00+00:00,3190989,"Quotation(units=586, nano=700000000)","Quotation(units=583, nano=150000000)"
2024-04-23 00:00:00+00:00,3699539,"Quotation(units=583, nano=850000000)","Quotation(units=580, nano=850000000)"
2024-04-24 00:00:00+00:00,2968087,"Quotation(units=582, nano=350000000)","Quotation(units=576, nano=300000000)"
2024-04-25 00:00:00+00:00,2269626,"Quotation(units=577, nano=0)","Quotation(units=579, nano=800000000)"
2024-04-26 00:00:00+00:00,2194810,"Quotation(units=579, nano=950000000)","Quotation(units=581, nano=300000000)"
2024-04-27 00:00:00+00:00,1379864,"Quotation(units=581, nano=0)","Quotation(units=581, nano=200000000)"
2024-04-29 00:00:00+00:00,882950,"Quotation(units=581, nano=800000000)","Quotation(units=583, nano=150000000)"
2024-04-30 00:00:00+00:00,632716,"Quotation(units=583, nano=150000000)","Quotation(units=582, nano=0)"
2024-05-02 00:00:00+00:00,2169820,"Quotation(units=581, nano=400000000)","Quotation(units=582, nano=300000000)"
2024-05-03 00:00:00+00:00,2302837,"Quotation(units=582, nano=750000000)","Quotation(units=582, nano=300000000)"
2024-05-06 00:00:00+00:00,2443510,"Quotation(units=582, nano=0)","Quotation(units=579, nano=50000000)"
2024-05-07 00:00:00+00:00,1688537,"Quotation(units=579, nano=150000000)","Quotation(units=579, nano=950000000)"
2024-05-08 00:00:00+00:00,1292162,"Quotation(units=580, nano=300000000)","Quotation(units=578, nano=500000000)"
2024-05-10 00:00:00+00:00,1159220,"Quotation(units=579, nano=0)","Quotation(units=579, nano=400000000)"
2024-05-13 00:00:00+00:00,4761120,"Quotation(units=580, nano=250000000)","Quotation(units=589, nano=450000000)"
2024-05-14 00:00:00+00:00,4215772,"Quotation(units=590, nano=0)","Quotation(units=589, nano=800000000)"
2024-05-15 00:00:00+00:00,7144102,"Quotation(units=590, nano=750000000)","Quotation(units=599, nano=200000000)"
2024-05-16 00:00:00+00:00,4645547,"Quotation(units=599, nano=500000000)","Quotation(units=592, nano=600000000)"
2024-05-17 00:00:00+00:00,3460602,"Quotation(units=592, nano=800000000)","Quotation(units=591, nano=950000000)"
2024-05-20 00:00:00+00:00,4649647,"Quotation(units=594, nano=0)","Quotation(units=591, nano=900000000)"
2024-05-21 00:00:00+00:00,4313358,"Quotation(units=592, nano=0)","Quotation(units=594, nano=600000000)"
2024-05-22 00:00:00+00:00,3748577,"Quotation(units=593, nano=900000000)","Quotation(units=596, nano=850000000)"
2024-05-23 00:00:00+00:00,3555763,"Quotation(units=595, nano=700000000)","Quotation(units=593, nano=150000000)"
2024-05-24 00:00:00+00:00,3990201,"Quotation(units=593, nano=600000000)","Quotation(units=585, nano=100000000)"
2024-05-27 00:00:00+00:00,7407211,"Quotation(units=585, nano=0)","Quotation(units=578, nano=250000000)"
2024-05-28 00:00:00+00:00,4392067,"Quotation(units=578, nano=800000000)","Quotation(units=573, nano=0)"
2024-05-29 00:00:00+00:00,2622447,"Quotation(units=573, nano=950000000)","Quotation(units=575, nano=650000000)"
2024-05-30 00:00:00+00:00,5592247,"Quotation(units=577, nano=650000000)","Quotation(units=566, nano=400000000)"
2024-05-31 00:00:00+00:00,6164219,"Quotation(units=570, nano=0)","Quotation(units=556, nano=650000000)"
2024-06-03 00:00:00+00:00,7578912,"Quotation(units=557, nano=0)","Quotation(units=562, nano=950000000)"
2024-06-04 00:00:00+00:00,5282965,"Quotation(units=563, nano=100000000)","Quotation(units=568, nano=950000000)"
2024-06-05 00:00:00+00:00,5054761,"Quotation(units=570, nano=50000000)","Quotation(units=562, nano=200000000)"
2024-06-06 00:00:00+00:00,2240679,"Quotation(units=563, nano=900000000)","Quotation(units=566, nano=300000000)"
2024-06-07 00:00:00+00:00,3339099,"Quotation(units=567, nano=300000000)","Quotation(units=571, nano=650000000)"
2024-06-10 00:00:00+00:00,2700282,"Quotation(units=573, nano=900000000)","Quotation(units=563, nano=250000000)"
2024-06-11 00:00:00+00:00,1892882,"Quotation(units=562, nano=700000000)","Quotation(units=562, nano=850000000)"
2024-06-13 00:00:00+00:00,4384243,"Quotation(units=530, nano=500000000)","Quotation(units=555, nano=500000000)"
2024-06-14 00:00:00+00:00,3295509,"Quotation(units=556, nano=0)","Quotation(units=565, nano=100000000)"
2024-06-17 00:00:00+00:00,2835643,"Quotation(units=569, nano=850000000)","Quotation(units=566, nano=700000000)"
2024-06-18 00:00:00+00:00,2782506,"Quotation(units=566, nano=700000000)","Quotation(units=554, nano=450000000)"
2024-06-19 00:00:00+00:00,4682057,"Quotation(units=553, nano=900000000)","Quotation(units=536, nano=0)"
2024-06-20 00:00:00+00:00,7999562,"Quotation(units=537, nano=0)","Quotation(units=555, nano=0)"
2024-06-21 00:00:00+00:00,2974414,"Quotation(units=556, nano=150000000)","Quotation(units=550, nano=50000000)"
2024-06-24 00:00:00+00:00,2058463,"Quotation(units=551, nano=0)","Quotation(units=547, nano=450000000)"
2024-06-25 00:00:00+00:00,2786893,"Quotation(units=547, nano=450000000)","Quotation(units=558, nano=500000000)"
2024-06-26 00:00:00+00:00,1996053,"Quotation(units=559, nano=200000000)","Quotation(units=561, nano=200000000)"
2024-06-27 00:00:00+00:00,1703294,"Quotation(units=562, nano=0)","Quotation(units=559, nano=800000000)"
2024-06-28 00:00:00+00:00,1455429,"Quotation(units=560, nano=200000000)","Quotation(units=565, nano=250000000)"
2024-07-01 00:00:00+00:00,3039977,"Quotation(units=566, nano=350000000)","Quotation(units=576, nano=900000000)"
2024-07-02 00:00:00+00:00,2994694,"Quotation(units=577, nano=50000000)","Quotation(units=573, nano=0)"
2024-07-03 00:00:00+00:00,2452574,"Quotation(units=574, nano=800000000)","Quotation(units=573, nano=900000000)"
2024-07-04 00:00:00+00:00,3119545,"Quotation(units=574, nano=250000000)","Quotation(units=561, nano=350000000)"
2024-07-05 00:00:00+00:00,3340492,"Quotation(units=561, nano=150000000)","Quotation(units=555, nano=850000000)"
2024-07-08 00:00:00+00:00,5292441,"Quotation(units=555, nano=850000000)","Quotation(units=560, nano=100000000)"
2024-07-09 00:00:00+00:00,10551555,"Quotation(units=536, nano=0)","Quotation(units=524, nano=600000000)"
2024-07-10 00:00:00+00:00,8069103,"Quotation(units=524, nano=500000000)","Quotation(units=502, nano=500000000)"
2024-07-11 00:00:00+00:00,4755570,"Quotation(units=503, nano=0)","Quotation(units=526, nano=700000000)"
2024-07-12 00:00:00+00:00,2746621,"Quotation(units=528, nano=800000000)","Quotation(units=527, nano=400000000)"
2024-07-15 00:00:00+00:00,6120047,"Quotation(units=529, nano=0)","Quotation(units=508, nano=0)"
2024-07-16 00:00:00+00:00,5448563,"Quotation(units=505, nano=0)","Quotation(units=516, nano=900000000)"
2024-07-17 00:00:00+00:00,4007774,"Quotation(units=517, nano=50000000)","Quotation(units=510, nano=450000000)"
2024-07-18 00:00:00+00:00,3074149,"Quotation(units=511, nano=450000000)","Quotation(units=517, nano=250000000)"
2024-07-19 00:00:00+00:00,2593866,"Quotation(units=517, nano=350000000)","Quotation(units=524, nano=150000000)"
2024-07-22 00:00:00+00:00,3730819,"Quotation(units=527, nano=500000000)","Quotation(units=531, nano=850000000)"
2024-07-23 00:00:00+00:00,1340983,"Quotation(units=533, nano=950000000)","Quotation(units=530, nano=550000000)"
2024-07-24 00:00:00+00:00,2224027,"Quotation(units=532, nano=0)","Quotation(units=532, nano=250000000)"
2024-07-25 00:00:00+00:00,1537179,"Quotation(units=532, nano=250000000)","Quotation(units=532, nano=450000000)"
2024-07-26 00:00:00+00:00,4861293,"Quotation(units=532, nano=500000000)","Quotation(units=521, nano=400000000)"
2024-07-29 00:00:00+00:00,3899378,"Quotation(units=519, nano=950000000)","Quotation(units=503, nano=200000000)"
2024-07-30 00:00:00+00:00,4486792,"Quotation(units=501, nano=0)","Quotation(units=513, nano=950000000)"
2024-07-31 00:00:00+00:00,2104428,"Quotation(units=517, nano=0)","Quotation(units=515, nano=950000000)"
2024-08-01 00:00:00+00:00,2738463,"Quotation(units=516, nano=0)","Quotation(units=506, nano=400000000)"
2024-08-02 00:00:00+00:00,2297403,"Quotation(units=507, nano=0)","Quotation(units=504, nano=800000000)"
2024-08-05 00:00:00+00:00,5340313,"Quotation(units=498, nano=0)","Quotation(units=493, nano=900000000)"
2024-08-06 00:00:00+00:00,2468513,"Quotation(units=496, nano=600000000)","Quotation(units=496, nano=150000000)"
2024-08-07 00:00:00+00:00,4174404,"Quotation(units=496, nano=150000000)","Quotation(units=508, nano=450000000)"
2024-08-08 00:00:00+00:00,2492871,"Quotation(units=509, nano=200000000)","Quotation(units=503, nano=200000000)"
2024-08-09 00:00:00+00:00,1526088,"Quotation(units=503, nano=200000000)","Quotation(units=505, nano=700000000)"
2024-08-12 00:00:00+00:00,6388120,"Quotation(units=505, nano=700000000)","Quotation(units=501, nano=700000000)"
2024-08-13 00:00:00+00:00,3067178,"Quotation(units=500, nano=900000000)","Quotation(units=502, nano=500000000)"
2024-08-14 00:00:00+00:00,3472937,"Quotation(units=503, nano=0)","Quotation(units=495, nano=800000000)"
2024-08-15 00:00:00+00:00,1741554,"Quotation(units=496, nano=200000000)","Quotation(units=493, nano=750000000)"
2024-08-16 00:00:00+00:00,2085237,"Quotation(units=494, nano=200000000)","Quotation(units=489, nano=700000000)"
2024-08-19 00:00:00+00:00,3363736,"Quotation(units=490, nano=350000000)","Quotation(units=483, nano=700000000)"
2024-08-20 00:00:00+00:00,3380235,"Quotation(units=483, nano=700000000)","Quotation(units=481, nano=500000000)"
2024-08-21 00:00:00+00:00,3804916,"Quotation(units=482, nano=500000000)","Quotation(units=480, nano=950000000)"
2024-08-22 00:00:00+00:00,3386322,"Quotation(units=481, nano=100000000)","Quotation(units=475, nano=800000000)"
2024-08-23 00:00:00+00:00,3774407,"Quotation(units=475, nano=850000000)","Quotation(units=478, nano=750000000)"
2024-08-26 00:00:00+00:00,3724028,"Quotation(units=486, nano=500000000)","Quotation(units=489, nano=550000000)"
2024-08-27 00:00:00+00:00,2758692,"Quotation(units=489, nano=850000000)","Quotation(units=477, nano=500000000)"
2024-08-28 00:00:00+00:00,4857838,"Quotation(units=477, nano=500000000)","Quotation(units=479, nano=50000000)"
2024-08-29 00:00:00+00:00,3815305,"Quotation(units=480, nano=0)","Quotation(units=482, nano=950000000)"
2024-08-30 00:00:00+00:00,6647038,"Quotation(units=485, nano=950000000)","Quotation(units=475, nano=850000000)"
2024-09-02 00:00:00+00:00,7183728,"Quotation(units=473, nano=200000000)","Quotation(units=455, nano=50000000)"
2024-09-03 00:00:00+00:00,8088081,"Quotation(units=456, nano=50000000)","Quotation(units=468, nano=850000000)"
2024-09-04 00:00:00+00:00,5761554,"Quotation(units=468, nano=0)","Quotation(units=477, nano=750000000)"
2024-09-05 00:00:00+00:00,3723759,"Quotation(units=480, nano=350000000)","Quotation(units=477, nano=150000000)"
2024-09-06 00:00:00+00:00,2094811,"Quotation(units=477, nano=150000000)","Quotation(units=479, nano=100000000)"
2024-09-09 00:00:00+00:00,3006353,"Quotation(units=479, nano=900000000)","Quotation(units=493, nano=800000000)"
2024-09-10 00:00:00+00:00,4009069,"Quotation(units=494, nano=200000000)","Quotation(units=482, nano=350000000)"
2024-09-11 00:00:00+00:00,3210223,"Quotation(units=482, nano=450000000)","Quotation(units=477, nano=750000000)"
2024-09-12 00:00:00+00:00,3697385,"Quotation(units=478, nano=550000000)","Quotation(units=488, nano=450000000)"
2024-09-13 00:00:00+00:00,4976602,"Quotation(units=488, nano=400000000)","Quotation(units=498, nano=0)"
2024-09-16 00:00:00+00:00,5157625,"Quotation(units=500, nano=800000000)","Quotation(units=516, nano=300000000)"
2024-09-17 00:00:00+00:00,3071106,"Quotation(units=518, nano=750000000)","Quotation(units=517, nano=950000000)"
2024-09-18 00:00:00+00:00,2683861,"Quotation(units=517, nano=950000000)","Quotation(units=510, nano=250000000)"
2024-09-19 00:00:00+00:00,2818902,"Quotation(units=511, nano=350000000)","Quotation(units=512, nano=550000000)"
2024-09-20 00:00:00+00:00,6630217,"Quotation(units=512, nano=500000000)","Quotation(units=528, nano=150000000)"
2024-09-23 00:00:00+00:00,3975646,"Quotation(units=528, nano=950000000)","Quotation(units=526, nano=100000000)"
2024-09-24 00:00:00+00:00,3269949,"Quotation(units=526, nano=800000000)","Quotation(units=522, nano=100000000)"
2024-09-25 00:00:00+00:00,3029063,"Quotation(units=521, nano=500000000)","Quotation(units=512, nano=400000000)"
2024-09-26 00:00:00+00:00,2869880,"Quotation(units=510, nano=250000000)","Quotation(units=512, nano=700000000)"
2024-09-27 00:00:00+00:00,2195917,"Quotation(units=513, nano=150000000)","Quotation(units=511, nano=0)"
2024-09-30 00:00:00+00:00,3073519,"Quotation(units=512, nano=450000000)","Quotation(units=507, nano=400000000)"
2024-10-01 00:00:00+00:00,7113027,"Quotation(units=506, nano=0)","Quotation(units=509, nano=750000000)"
2024-10-02 00:00:00+00:00,7063610,"Quotation(units=509, nano=800000000)","Quotation(units=499, nano=950000000)"
2024-10-03 00:00:00+00:00,7576142,"Quotation(units=499, nano=900000000)","Quotation(units=500, nano=0)"
2024-10-04 00:00:00+00:00,5675373,"Quotation(units=502, nano=800000000)","Quotation(units=501, nano=900000000)"
2024-10-07 00:00:00+00:00,5642987,"Quotation(units=502, nano=500000000)","Quotation(units=503, nano=500000000)"
2024-10-08 00:00:00+00:00,3787736,"Quotation(units=500, nano=0)","Quotation(units=501, nano=800000000)"
2024-10-09 00:00:00+00:00,5222780,"Quotation(units=503, nano=0)","Quotation(units=495, nano=850000000)"
2024-10-10 00:00:00+00:00,1973851,"Quotation(units=495, nano=850000000)","Quotation(units=497, nano=750000000)"
2024-10-11 00:00:00+00:00,2499114,"Quotation(units=497, nano=900000000)","Quotation(units=492, nano=150000000)"
2024-10-14 00:00:00+00:00,3828020,"Quotation(units=492, nano=150000000)","Quotation(units=496, nano=0)"
2024-10-15 00:00:00+00:00,3415321,"Quotation(units=495, nano=800000000)","Quotation(units=498, nano=400000000)"
2024-10-16 00:00:00+00:00,3736964,"Quotation(units=498, nano=400000000)","Quotation(units=496, nano=450000000)"
2024-10-17 00:00:00+00:00,4405919,"Quotation(units=496, nano=450000000)","Quotation(units=486, nano=950000000)"
2024-10-18 00:00:00+00:00,2519947,"Quotation(units=487, nano=0)","Quotation(units=487, nano=800000000)"
2024-10-21 00:00:00+00:00,2065853,"Quotation(units=488, nano=200000000)","Quotation(units=484, nano=700000000)"
2024-10-22 00:00:00+00:00,3133144,"Quotation(units=484, nano=500000000)","Quotation(units=479, nano=0)"
2024-10-23 00:00:00+00:00,4361513,"Quotation(units=478, nano=500000000)","Quotation(units=469, nano=0)"
2024-10-24 00:00:00+00:00,4013241,"Quotation(units=469, nano=550000000)","Quotation(units=469, nano=750000000)"
2024-10-25 00:00:00+00:00,6547227,"Quotation(units=469, nano=600000000)","Quotation(units=456, nano=100000000)"
2024-10-28 00:00:00+00:00,8597298,"Quotation(units=451, nano=50000000)","Quotation(units=434, nano=750000000)"
2024-10-29 00:00:00+00:00,7598465,"Quotation(units=434, nano=750000000)","Quotation(units=442, nano=350000000)"
2024-10-30 00:00:00+00:00,6095361,"Quotation(units=443, nano=50000000)","Quotation(units=439, nano=50000000)"
2024-10-31 00:00:00+00:00,5970615,"Quotation(units=438, nano=850000000)","Quotation(units=434, nano=100000000)"
2024-11-01 00:00:00+00:00,9635326,"Quotation(units=435, nano=0)","Quotation(units=444, nano=350000000)"
2024-11-02 00:00:00+00:00,5094356,"Quotation(units=444, nano=300000000)","Quotation(units=457, nano=0)"
2024-11-05 00:00:00+00:00,4440023,"Quotation(units=460, nano=0)","Quotation(units=460, nano=500000000)"
2024-11-06 00:00:00+00:00,7758308,"Quotation(units=472, nano=0)","Quotation(units=466, nano=850000000)"
2024-11-07 00:00:00+00:00,4021002,"Quotation(units=467, nano=100000000)","Quotation(units=475, nano=500000000)"
2024-11-08 00:00:00+00:00,5809000,"Quotation(units=477, nano=600000000)","Quotation(units=481, nano=500000000)"
2024-11-11 00:00:00+00:00,11365921,"Quotation(units=492, nano=50000000)","Quotation(units=490, nano=600000000)"
2024-11-12 00:00:00+00:00,5376459,"Quotation(units=489, nano=400000000)","Quotation(units=482, nano=50000000)"
2024-11-13 00:00:00+00:00,8480117,"Quotation(units=480, nano=100000000)","Quotation(units=480, nano=350000000)"
2024-11-14 00:00:00+00:00,4714440,"Quotation(units=480, nano=300000000)","Quotation(units=473, nano=300000000)"
2024-11-15 00:00:00+00:00,3984695,"Quotation(units=472, nano=500000000)","Quotation(units=480, nano=100000000)"
2024-11-18 00:00:00+00:00,4464374,"Quotation(units=472, nano=200000000)","Quotation(units=471, nano=950000000)"
2024-11-19 00:00:00+00:00,6149406,"Quotation(units=472, nano=700000000)","Quotation(units=459, nano=700000000)"
2024-11-20 00:00:00+00:00,6283891,"Quotation(units=461, nano=0)","Quotation(units=449, nano=250000000)"
2024-11-21 00:00:00+00:00,6671902,"Quotation(units=451, nano=200000000)","Quotation(units=458, nano=950000000)"
2024-11-22 00:00:00+00:00,5830163,"Quotation(units=458, nano=950000000)","Quotation(units=459, nano=900000000)"
2024-11-25 00:00:00+00:00,3689926,"Quotation(units=459, nano=900000000)","Quotation(units=464, nano=500000000)"
