	volume	open	close	date	rate	infl	vvp	predict
0	488355	240.57	240.09	2019-11-18	6.5	3.77	2.0	241.34612365708364
1	1367374	240.07	238.13	2019-11-18	6.5	3.77	2.0	239.11179835984927
2	1440243	238.13	237.45	2019-11-18	6.5	3.77	2.0	237.6005409898414
3	352894	237.6	237.98	2019-11-19	6.5	3.77	2.0	237.6005409898414
4	1323472	238.0	239.21	2019-11-19	6.5	3.77	2.0	237.6005409898414
5	1237222	239.21	239.25	2019-11-19	6.5	3.77	2.0	239.06879734092138
6	296251	238.6	237.81	2019-11-20	6.5	3.77	2.2	238.97060443352953
7	1263982	237.77	238.55	2019-11-20	6.5	3.77	2.2	237.6005409898414
8	1249984	238.55	237.78	2019-11-20	6.5	3.77	2.2	238.95376801115592
9	344089	237.44	236.73	2019-11-21	6.5	3.77	2.2	237.6005409898414
10	752786	236.74	237.58	2019-11-21	6.5	3.77	2.2	237.6005409898414
11	1368568	237.59	237.15	2019-11-21	6.5	3.77	2.2	237.6005409898414
12	517350	236.59	237.98	2019-11-22	6.5	3.77	2.2	237.6005409898414
13	1717088	237.95	237.77	2019-11-22	6.5	3.77	2.2	237.6005409898414
14	1122631	237.76	238.13	2019-11-22	6.5	3.77	2.2	237.6005409898414
15	267059	238.68	239.0	2019-11-25	6.5	3.77	2.2	239.085633763295
16	774545	239.0	237.91	2019-11-25	6.5	3.77	2.2	239.06879734092138
17	714214	237.9	237.98	2019-11-25	6.5	3.77	2.2	237.6005409898414
18	248392	238.08	237.69	2019-11-26	6.5	3.77	2.2	237.617377412215
19	1662640	237.73	235.33	2019-11-26	6.5	3.77	2.2	237.6005409898414
20	3923104	235.31	235.0	2019-11-26	6.5	3.77	2.2	234.8770278854555
21	350098	235.26	235.96	2019-11-27	6.5	3.77	2.2	234.85123687929408
22	699076	235.9	235.43	2019-11-27	6.5	3.77	2.2	236.895716548712
23	1139351	235.47	234.22	2019-11-27	6.5	3.77	2.2	236.895716548712
24	351722	234.2	234.39	2019-11-28	6.5	3.77	2.2	234.85123687929408
25	788162	234.4	233.4	2019-11-28	6.5	3.77	2.2	234.85123687929408
26	745685	233.4	235.2	2019-11-28	6.5	3.77	2.2	234.2599988166672
27	185664	234.65	234.24	2019-11-29	6.5	3.77	2.2	234.8680733016677
28	1144552	234.31	232.08	2019-11-29	6.5	3.77	2.2	234.85123687929408
29	1398319	232.09	233.98	2019-11-29	6.5	3.77	2.2	232.11552705201242
30	369158	234.59	235.24	2019-12-02	6.5	3.54	2.2	234.85123687929408
31	1167675	235.19	234.66	2019-12-02	6.5	3.54	2.2	234.85123687929408
32	1284802	234.7	233.77	2019-12-02	6.5	3.54	2.2	234.85123687929408
33	334472	233.49	232.54	2019-12-03	6.5	3.54	2.2	234.2599988166672
34	1020965	232.57	231.65	2019-12-03	6.5	3.54	2.2	232.11552705201242
35	1313279	231.72	230.66	2019-12-03	6.5	3.54	2.2	232.11552705201242
36	394426	230.72	230.45	2019-12-04	6.5	3.54	2.2	230.09704599185858
37	1109610	230.43	230.71	2019-12-04	6.5	3.54	2.2	230.09704599185858
38	927419	230.79	231.59	2019-12-04	6.5	3.54	2.2	230.09704599185858
39	316826	231.89	230.53	2019-12-05	6.5	3.54	2.2	232.11552705201242
40	1034726	230.51	230.57	2019-12-05	6.5	3.54	2.2	230.09704599185858
41	969506	230.54	231.71	2019-12-05	6.5	3.54	2.2	230.09704599185858
42	478913	232.0	232.69	2019-12-06	6.5	3.54	2.2	232.11552705201242
43	829612	232.68	232.98	2019-12-06	6.5	3.54	2.2	234.2599988166672
44	2020092	233.0	235.14	2019-12-06	6.5	3.54	2.2	234.2599988166672
45	406276	235.5	235.35	2019-12-09	6.5	3.54	2.2	236.895716548712
46	995625	235.35	235.55	2019-12-09	6.5	3.54	2.2	234.85123687929408
47	1775503	235.54	237.04	2019-12-09	6.5	3.54	2.2	236.895716548712
48	588895	236.6	238.14	2019-12-10	6.5	3.54	2.2	237.6005409898414
49	1697153	238.1	237.86	2019-12-10	6.5	3.54	2.2	237.6005409898414
50	1323843	237.86	237.91	2019-12-10	6.5	3.54	2.2	237.6005409898414
51	362765	237.81	238.76	2019-12-11	6.5	3.54	2.2	237.6005409898414
52	2233929	238.75	240.82	2019-12-11	6.5	3.54	2.2	239.06879734092138
53	1820091	240.82	240.32	2019-12-11	6.5	3.54	2.2	241.34612365708364
54	552986	242.0	241.44	2019-12-12	6.5	3.54	2.2	241.72340021044212
55	1427970	241.47	241.77	2019-12-12	6.5	3.54	2.2	241.72340021044212
56	1636509	241.78	241.05	2019-12-12	6.5	3.54	2.2	241.72340021044212
57	361820	242.0	241.4	2019-12-13	6.5	3.54	2.2	241.72340021044212
58	1886036	241.4	241.47	2019-12-13	6.5	3.54	2.2	241.72340021044212
59	1068519	241.48	241.21	2019-12-13	6.5	3.54	2.2	241.72340021044212
60	292351	242.48	240.95	2019-12-16	6.25	3.54	2.2	241.74023663281574
61	1173969	240.95	241.23	2019-12-16	6.25	3.54	2.2	241.34612365708364
62	1096098	241.27	241.45	2019-12-16	6.25	3.54	2.2	241.34612365708364
63	426926	241.8	242.3	2019-12-17	6.25	3.54	2.2	241.72340021044212
64	1015992	242.27	242.07	2019-12-17	6.25	3.54	2.2	241.72340021044212
65	1937549	242.07	241.6	2019-12-17	6.25	3.54	2.2	241.72340021044212
66	385891	241.3	240.73	2019-12-18	6.25	3.54	1.6	241.34612365708364
67	1445474	240.75	242.5	2019-12-18	6.25	3.54	1.6	241.34612365708364
68	3745184	242.5	246.2	2019-12-18	6.25	3.54	1.6	242.85911042037102
69	1187822	246.2	247.5	2019-12-19	6.25	3.54	1.6	245.4970088553718
70	2032847	247.48	244.67	2019-12-19	6.25	3.54	1.6	248.44520687953977
71	2774507	244.67	244.0	2019-12-19	6.25	3.54	1.6	244.8177104993605
72	443926	244.6	244.11	2019-12-20	6.25	3.54	1.6	244.79191949319906
73	1015780	244.19	244.25	2019-12-20	6.25	3.54	1.6	244.05659246530098
74	1836069	244.25	244.71	2019-12-20	6.25	3.54	1.6	244.05659246530098
75	284908	244.71	245.37	2019-12-23	6.25	3.54	1.6	244.80875591557268
76	653647	245.32	245.88	2019-12-23	6.25	3.54	1.6	245.33810379279853
77	1461126	245.86	248.8	2019-12-23	6.25	3.54	1.6	245.4970088553718
78	420019	248.8	248.71	2019-12-24	6.25	3.54	1.6	249.53441117042755
79	807227	248.77	249.35	2019-12-24	6.25	3.54	1.6	249.53441117042755
80	878958	249.34	248.67	2019-12-24	6.25	3.54	1.6	249.53441117042755
81	150023	248.99	248.42	2019-12-25	6.25	3.54	1.6	249.55124759280116
82	414029	248.43	248.2	2019-12-25	6.25	3.54	1.6	248.44520687953977
83	228074	248.22	248.04	2019-12-25	6.25	3.54	1.6	248.46204330191338
84	131768	248.2	248.8	2019-12-26	6.25	3.54	1.6	248.46204330191338
85	377137	248.8	248.03	2019-12-26	6.25	3.54	1.6	249.53441117042755
86	790003	248.02	248.24	2019-12-26	6.25	3.54	1.6	248.44520687953977
87	313694	248.55	248.6	2019-12-27	6.25	3.54	1.6	248.44520687953977
88	1236375	248.62	250.53	2019-12-27	6.25	3.54	1.6	248.44520687953977
89	1648207	250.53	252.06	2019-12-27	6.25	3.54	1.6	252.02778895761483
90	401752	252.1	251.27	2019-12-30	6.25	3.54	1.6	252.03834292163955
91	1560261	251.28	255.21	2019-12-30	6.25	3.54	1.6	252.03834292163955
92	2353723	255.2	254.75	2019-12-30	6.25	3.54	1.6	255.82897489131432
93	467900	255.99	255.77	2020-01-03	6.25	3.05	1.6	255.82897489131432
94	1601204	255.78	254.65	2020-01-03	6.25	3.05	1.6	255.82897489131432
95	1516080	254.64	255.0	2020-01-03	6.25	3.05	1.6	252.86146289393162
96	459862	254.75	252.1	2020-01-06	6.25	3.05	1.6	252.86146289393162
97	849377	252.1	252.01	2020-01-06	6.25	3.05	1.6	252.03834292163955
98	925591	252.01	253.9	2020-01-06	6.25	3.05	1.6	252.03834292163955
99	727569	253.57	255.06	2020-01-08	6.25	3.05	1.6	252.86146289393162
100	1788330	255.07	256.87	2020-01-08	6.25	3.05	1.6	255.82897489131432
101	1565825	256.88	259.15	2020-01-08	6.25	3.05	1.6	256.8456444232082
102	865090	259.4	261.1	2020-01-09	6.25	3.05	1.6	259.39177400273746
103	1490362	261.05	259.48	2020-01-09	6.25	3.05	1.6	260.87598738933775
104	1477450	259.48	257.99	2020-01-09	6.25	3.05	1.6	259.39177400273746
105	315359	257.86	257.45	2020-01-10	6.25	3.05	1.6	256.8456444232082
106	866455	257.42	258.14	2020-01-10	6.25	3.05	1.6	256.8456444232082
107	703325	258.13	258.19	2020-01-10	6.25	3.05	1.6	259.39177400273746
108	334195	258.3	258.87	2020-01-13	6.25	3.05	1.6	259.39177400273746
109	801162	258.89	258.98	2020-01-13	6.25	3.05	1.6	259.39177400273746
110	1450144	258.92	262.4	2020-01-13	6.25	3.05	1.6	259.39177400273746
111	527230	262.5	261.92	2020-01-14	6.25	3.05	1.6	262.4916015970293
112	1403349	261.93	259.55	2020-01-14	6.25	3.05	1.6	261.1001794043713
113	1181995	259.55	259.05	2020-01-14	6.25	3.05	1.6	259.39177400273746
114	385206	258.49	257.78	2020-01-15	6.25	3.05	1.6	259.39177400273746
115	1311680	257.8	257.4	2020-01-15	6.25	3.05	1.6	256.8456444232082
116	3239293	257.4	256.31	2020-01-15	6.25	3.05	1.6	256.8163399564628
117	852326	257.11	258.93	2020-01-16	6.25	3.05	1.6	256.8456444232082
118	1907196	258.93	257.02	2020-01-16	6.25	3.05	1.6	259.39177400273746
119	1265155	257.04	257.51	2020-01-16	6.25	3.05	1.6	256.8456444232082
120	727518	258.2	259.9	2020-01-17	6.25	3.05	1.6	259.39177400273746
121	2053685	259.85	262.35	2020-01-17	6.25	3.05	1.6	259.39177400273746
122	1710226	262.35	262.5	2020-01-17	6.25	3.05	1.6	262.07979440599047
123	553747	263.2	262.65	2020-01-20	6.25	3.05	1.6	262.9852407221356
124	1575811	262.7	265.27	2020-01-20	6.25	3.05	1.6	262.9852407221356
125	850213	265.29	266.28	2020-01-20	6.25	3.05	1.6	265.24450592504365
126	837694	265.5	264.03	2020-01-21	6.25	3.05	1.6	265.24450592504365
127	992024	264.06	264.46	2020-01-21	6.25	3.05	1.6	265.24450592504365
128	1978491	264.46	268.06	2020-01-21	6.25	3.05	1.6	265.24450592504365
129	930441	268.72	269.93	2020-01-22	6.25	3.05	1.6	268.77967223612046
130	1956255	269.93	265.51	2020-01-22	6.25	3.05	1.6	269.43558883801205
131	1541553	265.55	266.54	2020-01-22	6.25	3.05	1.6	265.24450592504365
132	703974	264.64	265.3	2020-01-23	6.25	3.05	1.6	265.24450592504365
133	1363287	265.3	266.19	2020-01-23	6.25	3.05	1.6	265.24450592504365
134	1993156	266.19	263.73	2020-01-23	6.25	3.05	1.6	265.77338975238865
135	378263	264.5	265.55	2020-01-24	6.25	3.05	1.6	265.24450592504365
136	1494589	265.55	266.0	2020-01-24	6.25	3.05	1.6	265.24450592504365
137	861158	266.14	265.49	2020-01-24	6.25	3.05	1.6	265.77338975238865
138	1067967	261.0	260.15	2020-01-27	6.25	3.05	1.6	260.87598738933775
139	2773352	260.15	257.28	2020-01-27	6.25	3.05	1.6	259.5646782134941
140	1804018	257.34	255.32	2020-01-27	6.25	3.05	1.6	256.8456444232082
141	797024	257.0	257.14	2020-01-28	6.25	3.05	1.6	256.8456444232082
142	2159616	257.14	257.45	2020-01-28	6.25	3.05	1.6	256.8456444232082
143	1857096	257.45	257.7	2020-01-28	6.25	3.05	1.6	256.8456444232082
144	617688	258.4	258.12	2020-01-29	6.25	3.05	1.6	259.39177400273746
145	1590607	258.12	260.74	2020-01-29	6.25	3.05	1.6	259.39177400273746
146	1296499	260.72	259.94	2020-01-29	6.25	3.05	1.6	260.87598738933775
147	651622	258.0	257.03	2020-01-30	6.25	3.05	2.4	259.39177400273746
148	1098381	257.1	256.46	2020-01-30	6.25	3.05	2.4	256.8456444232082
149	1426931	256.46	257.31	2020-01-30	6.25	3.05	2.4	256.8456444232082
150	481051	258.5	257.8	2020-01-31	6.25	3.05	2.4	259.39177400273746
151	1387518	257.83	255.57	2020-01-31	6.25	3.05	2.4	256.8456444232082
152	2898467	255.62	252.2	2020-01-31	6.25	3.05	2.4	255.85476589747574
153	905552	251.8	252.5	2020-02-03	6.25	3.05	2.4	252.03834292163955
154	1759705	252.5	253.5	2020-02-03	6.25	3.05	2.4	252.58032599997924
155	2607589	253.51	253.99	2020-02-03	6.25	3.05	2.4	252.86146289393162
156	601718	255.3	254.58	2020-02-04	6.25	3.05	2.4	255.82897489131432
157	2123714	254.58	254.88	2020-02-04	6.25	3.05	2.4	252.86146289393162
158	2253204	254.87	255.4	2020-02-04	6.25	3.05	2.4	255.82897489131432
159	492366	255.89	254.42	2020-02-05	6.25	3.05	2.4	255.82897489131432
160	2863208	254.35	256.33	2020-02-05	6.25	3.05	2.4	252.88725390009304
161	1720083	256.3	255.2	2020-02-05	6.25	3.05	2.4	256.53366920167025
162	564789	256.5	256.6	2020-02-06	6.25	3.05	2.4	256.8456444232082
163	1891120	256.59	254.3	2020-02-06	6.25	3.05	2.4	256.8456444232082
164	1905689	254.3	252.11	2020-02-06	6.25	3.05	2.4	252.86146289393162
165	660892	253.1	252.42	2020-02-07	6.25	3.05	2.4	252.86146289393162
166	2009061	252.48	250.69	2020-02-07	6.25	3.05	2.4	252.03834292163955
167	2352710	250.69	254.3	2020-02-07	6.25	3.05	2.4	252.02778895761483
168	607135	254.55	255.26	2020-02-10	6.0	3.05	2.4	252.86146289393162
169	1450068	255.23	253.4	2020-02-10	6.0	3.05	2.4	255.82897489131432
170	1464866	253.46	252.26	2020-02-10	6.0	3.05	2.4	252.86146289393162
171	643971	253.75	254.44	2020-02-11	6.0	3.05	2.4	252.86146289393162
172	1359653	254.44	254.82	2020-02-11	6.0	3.05	2.4	252.86146289393162
173	5941849	254.8	254.5	2020-02-11	6.0	3.05	2.4	255.4284037890333
174	1034539	255.4	254.77	2020-02-12	6.0	3.05	2.4	255.82897489131432
175	1881578	254.78	254.71	2020-02-12	6.0	3.05	2.4	255.82897489131432
176	2336213	254.67	254.5	2020-02-12	6.0	3.05	2.4	252.86146289393162
177	445445	253.62	253.18	2020-02-13	6.0	3.05	2.4	252.86146289393162
178	1688518	253.15	253.38	2020-02-13	6.0	3.05	2.4	252.86146289393162
179	1539121	253.43	253.89	2020-02-13	6.0	3.05	2.4	252.86146289393162
180	247146	254.4	253.23	2020-02-14	6.0	3.05	2.4	252.87829931630523
181	1570707	253.24	253.18	2020-02-14	6.0	3.05	2.4	252.86146289393162
182	1183885	253.18	251.75	2020-02-14	6.0	3.05	2.4	252.86146289393162
183	321528	252.5	252.19	2020-02-17	6.0	3.05	2.4	252.58032599997924
184	1297315	252.19	250.63	2020-02-17	6.0	3.05	2.4	252.03834292163955
185	1024095	250.62	251.36	2020-02-17	6.0	3.05	2.4	252.02778895761483
186	623766	250.07	248.83	2020-02-18	6.0	3.05	2.4	249.53441117042755
187	1197815	248.8	249.51	2020-02-18	6.0	3.05	2.4	249.53441117042755
188	1815014	249.46	249.2	2020-02-18	6.0	3.05	2.4	249.53441117042755
189	390600	250.37	249.5	2020-02-19	6.0	3.05	2.4	252.02778895761483
190	1115688	249.5	249.14	2020-02-19	6.0	3.05	2.4	249.53441117042755
191	1073601	249.18	249.7	2020-02-19	6.0	3.05	2.4	249.53441117042755
192	423810	250.03	251.65	2020-02-20	6.0	3.05	1.6	249.53441117042755
193	1109611	251.65	251.21	2020-02-20	6.0	3.05	1.6	252.03834292163955
194	1538315	251.17	250.15	2020-02-20	6.0	3.05	1.6	252.02778895761483
195	616936	248.35	248.11	2020-02-21	6.0	3.05	1.6	248.44520687953977
196	855481	248.13	249.89	2020-02-21	6.0	3.05	1.6	248.44520687953977
197	1303876	249.89	250.8	2020-02-21	6.0	3.05	1.6	249.53441117042755
198	844341	247.98	247.49	2020-02-25	6.0	3.05	1.6	248.44520687953977
199	1892303	247.5	246.32	2020-02-25	6.0	3.05	1.6	248.44520687953977
200	1368934	246.32	245.19	2020-02-25	6.0	3.05	1.6	245.4970088553718
201	1129167	244.75	245.31	2020-02-26	6.0	3.05	1.6	244.79191949319906
202	2924468	245.31	246.59	2020-02-26	6.0	3.05	1.6	245.36389479895996
203	2722150	246.59	250.8	2020-02-26	6.0	3.05	1.6	247.16007600980325
204	880379	247.5	247.79	2020-02-27	6.0	3.05	1.6	248.44520687953977
205	1432671	247.74	245.85	2020-02-27	6.0	3.05	1.6	248.44520687953977
206	3510990	245.8	242.88	2020-02-27	6.0	3.05	1.6	245.30879932605313
207	3117890	235.0	235.0	2020-02-28	6.0	3.05	1.6	234.8770278854555
208	5286666	234.88	235.42	2020-02-28	6.0	3.05	1.6	234.93575995197074
209	4058905	235.43	233.36	2020-02-28	6.0	3.05	1.6	234.8770278854555
210	1110928	238.93	238.4	2020-03-02	6.0	2.42	1.6	238.91033962365546
211	3146789	238.25	231.47	2020-03-02	6.0	2.42	1.6	237.4678742787369
212	5940887	231.4	228.17	2020-03-02	6.0	2.42	1.6	231.34136940372
213	1212729	233.0	233.65	2020-03-03	6.0	2.42	1.6	234.1015410994013
214	2338180	233.65	234.62	2020-03-03	6.0	2.42	1.6	234.69277916202816
215	4802281	234.7	236.63	2020-03-03	6.0	2.42	1.6	234.7185701681896
216	943235	234.13	234.0	2020-03-04	6.0	2.42	1.6	234.69277916202816
217	2310325	234.0	234.9	2020-03-04	6.0	2.42	1.6	234.69277916202816
218	2173907	234.89	235.27	2020-03-04	6.0	2.42	1.6	234.69277916202816
219	773860	237.0	237.17	2020-03-05	6.0	2.42	1.6	237.44208327257547
220	2635491	237.3	233.54	2020-03-05	6.0	2.42	1.6	237.44208327257547
221	2299025	233.49	232.33	2020-03-05	6.0	2.42	1.6	234.1015410994013
222	1120235	228.0	226.6	2020-03-06	6.0	2.42	1.6	227.74630479468442
223	5383832	226.56	218.13	2020-03-06	6.0	2.42	1.6	224.8557762139696
224	3940525	218.07	219.99	2020-03-06	6.0	2.42	1.6	218.71444794061688
225	3904606	197.99	194.74	2020-03-10	6.0	2.42	1.6	197.95165923456466
226	10390431	194.71	209.91	2020-03-10	6.0	2.42	1.6	201.17382196926954
227	10159143	209.91	201.2	2020-03-10	6.0	2.42	1.6	213.49715525690155
228	1958169	202.0	202.7	2020-03-11	6.0	2.42	1.6	202.75301338932726
229	5247758	202.59	199.09	2020-03-11	6.0	2.42	1.6	202.81889361063884
230	6624476	199.09	194.53	2020-03-11	6.0	2.42	1.6	196.9314499030125
231	3805630	185.15	181.86	2020-03-12	6.0	2.42	1.6	184.1225299042816
232	7605387	181.76	180.96	2020-03-12	6.0	2.42	1.6	183.91111676608452
233	8386271	180.87	175.91	2020-03-12	6.0	2.42	1.6	183.91111676608452
234	4336367	175.0	188.23	2020-03-13	6.0	2.42	1.6	181.15720105630572
235	9851983	188.29	197.77	2020-03-13	6.0	2.42	1.6	193.2348202244228
236	12114922	197.9	198.6	2020-03-13	6.0	2.42	1.6	200.18891213267736
237	3833707	194.0	194.9	2020-03-16	6.0	2.42	1.6	194.03387903819078
238	6761911	194.86	187.13	2020-03-16	6.0	2.42	1.6	193.27421949215557
239	6831692	187.13	195.85	2020-03-16	6.0	2.42	1.6	184.88238466895274
240	2850007	195.0	200.94	2020-03-17	6.0	2.42	1.6	195.31116594644084
241	8983186	200.93	188.63	2020-03-17	6.0	2.42	1.6	197.7270820992649
242	6581646	188.63	184.01	2020-03-17	6.0	2.42	1.6	187.17188658423945
243	2212638	179.0	178.69	2020-03-18	6.0	2.42	1.6	180.03062528077982
244	5171727	178.7	177.28	2020-03-18	6.0	2.42	1.6	180.0965055020914
245	8116453	177.36	174.27	2020-03-18	6.0	2.42	1.6	179.8850923638943
246	2313828	178.5	178.25	2020-03-19	6.0	2.42	1.6	180.03062528077982
247	10322717	178.19	182.77	2020-03-19	6.0	2.42	1.6	184.48166981403384
248	6106225	182.68	189.51	2020-03-19	6.0	2.42	1.6	183.31145913075144
249	3067080	198.62	197.56	2020-03-20	6.0	2.42	1.6	197.95165923456466
250	5963685	197.5	198.65	2020-03-20	6.0	2.42	1.6	197.1405884610345
251	8027532	198.65	195.69	2020-03-20	6.0	2.42	1.6	197.74024609636757
252	2763724	188.0	186.1	2020-03-23	6.0	2.42	2.9	189.21216755204966
253	5168483	186.08	185.92	2020-03-23	6.0	2.42	2.9	184.28302218186036
254	7856938	185.96	183.37	2020-03-23	6.0	2.42	2.9	184.07160904366327
255	2572290	193.3	189.93	2020-03-24	6.0	2.42	2.9	194.1685803096081
256	3642187	189.89	191.53	2020-03-24	6.0	2.42	2.9	189.801748306786
257	4273722	191.63	192.64	2020-03-24	6.0	2.42	2.9	192.2224899587647
258	2414991	196.38	200.85	2020-03-25	6.0	2.42	2.9	198.086360505982
259	7669013	200.9	191.11	2020-03-25	6.0	2.42	2.9	198.91747549667943
260	8713831	191.12	188.08	2020-03-25	6.0	2.42	2.9	189.59033516858892
261	2074882	187.69	184.2	2020-03-26	6.0	2.42	2.9	187.0139431795052
262	4174477	184.2	186.43	2020-03-26	6.0	2.42	2.9	184.28302218186036
263	4910878	186.43	188.07	2020-03-26	6.0	2.42	2.9	184.28302218186036
264	1443883	188.05	186.07	2020-03-27	6.0	2.42	2.9	189.1462873307381
265	3947015	186.02	184.24	2020-03-27	6.0	2.42	2.9	184.28302218186036
266	6036877	184.21	180.38	2020-03-27	6.0	2.42	2.9	183.4719514083302
267	2926937	177.0	178.08	2020-03-30	6.0	2.42	2.9	180.25699777967014
268	3341753	178.08	179.79	2020-03-30	6.0	2.42	2.9	180.25699777967014
269	3164778	179.77	183.0	2020-03-30	6.0	2.42	2.9	182.7301747950486
270	2354928	186.0	187.3	2020-03-31	6.0	2.31	2.9	184.2171419605488
271	4707409	187.3	185.54	2020-03-31	6.0	2.31	2.9	187.07982340081676
272	4340355	185.54	187.21	2020-03-31	6.0	2.31	2.9	184.28302218186036
273	1926326	183.2	184.65	2020-04-01	6.0	2.31	2.9	184.2171419605488
274	2678784	184.68	184.55	2020-04-01	6.0	2.31	2.9	184.28302218186036
275	3077572	184.55	184.78	2020-04-01	6.0	2.31	2.9	184.28302218186036
276	2105353	188.3	186.7	2020-04-02	6.0	2.31	2.9	189.3034450947919
277	2550946	186.69	186.4	2020-04-02	6.0	2.31	2.9	186.379163121272
278	7906733	186.39	186.95	2020-04-02	6.0	2.31	2.9	184.07160904366327
279	2306180	186.6	185.77	2020-04-03	6.0	2.31	2.9	184.22585282579757
280	3428420	185.72	185.5	2020-04-03	6.0	2.31	2.9	184.28302218186036
281	3551429	185.46	185.64	2020-04-03	6.0	2.31	2.9	184.28302218186036
282	1451396	187.52	187.18	2020-04-06	6.0	2.31	2.9	187.0139431795052
283	2315592	187.14	187.84	2020-04-06	6.0	2.31	2.9	187.0139431795052
284	4019504	187.88	190.7	2020-04-06	6.0	2.31	2.9	189.21216755204966
285	3419961	193.02	197.91	2020-04-07	6.0	2.31	2.9	194.19437131576953
286	5938641	197.82	196.68	2020-04-07	6.0	2.31	2.9	197.30108073861325
287	4283565	196.68	197.63	2020-04-07	6.0	2.31	2.9	198.1121515121434
288	1921976	196.02	198.69	2020-04-08	6.0	2.31	2.9	198.04627129083184
289	2948810	198.72	196.64	2020-04-08	6.0	2.31	2.9	198.1121515121434
290	4127312	196.64	200.29	2020-04-08	6.0	2.31	2.9	198.1121515121434
291	2119954	202.4	203.47	2020-04-09	6.0	2.31	2.9	202.91350566690602
292	3475856	203.43	201.32	2020-04-09	6.0	2.31	2.9	204.05019071183804
293	5402353	201.3	203.61	2020-04-09	6.0	2.31	2.9	200.64788776974854
294	873500	201.85	201.87	2020-04-10	6.0	2.31	2.9	201.23396396386107
295	854893	201.86	201.94	2020-04-10	6.0	2.31	2.9	201.23396396386107
296	1147432	201.95	201.99	2020-04-10	6.0	2.31	2.9	201.23396396386107
297	1110692	202.0	198.68	2020-04-13	6.0	2.31	2.9	202.91350566690602
298	1700903	198.62	198.84	2020-04-13	6.0	2.31	2.9	198.04627129083184
299	1316844	198.8	198.26	2020-04-13	6.0	2.31	2.9	198.86363667376068
300	1355061	199.99	201.55	2020-04-14	6.0	2.31	2.9	199.06300841356494
301	2543278	201.55	199.55	2020-04-14	6.0	2.31	2.9	201.27405317901122
302	4123668	199.5	197.37	2020-04-14	6.0	2.31	2.9	199.12888863487652
303	1838285	196.0	193.07	2020-04-15	6.0	2.31	2.9	195.40577800270802
304	3082459	193.0	190.56	2020-04-15	6.0	2.31	2.9	192.72778521550268
305	4895702	190.56	186.07	2020-04-15	6.0	2.31	2.9	189.801748306786
306	2680060	187.22	187.96	2020-04-16	6.0	2.31	2.9	187.07982340081676
307	4233844	187.91	189.94	2020-04-16	6.0	2.31	2.9	189.21216755204966
308	4003583	189.98	188.5	2020-04-16	6.0	2.31	2.9	189.801748306786
309	1800919	192.5	190.35	2020-04-17	6.0	2.31	2.9	192.15660973745312
310	2653851	190.34	190.8	2020-04-17	6.0	2.31	2.9	189.801748306786
311	2718024	190.8	191.8	2020-04-17	6.0	2.31	2.9	189.801748306786
312	1231063	190.6	191.35	2020-04-20	6.0	2.31	2.9	189.73586808547444
313	2627169	191.36	187.86	2020-04-20	6.0	2.31	2.9	189.77595730062458
314	2365776	187.89	189.32	2020-04-20	6.0	2.31	2.9	189.1462873307381
315	1682342	185.54	185.57	2020-04-21	6.0	2.31	2.9	184.2171419605488
316	4246085	185.55	185.8	2020-04-21	6.0	2.31	2.9	184.28302218186036
317	3502302	185.8	186.05	2020-04-21	6.0	2.31	2.9	184.28302218186036
318	1661780	185.01	187.3	2020-04-22	6.0	2.31	2.9	184.2171419605488
319	2457941	187.29	189.41	2020-04-22	6.0	2.31	2.9	187.05403239465534
320	3416468	189.41	190.2	2020-04-22	6.0	2.31	2.9	189.801748306786
321	1441596	191.99	189.48	2020-04-23	6.0	2.31	2.9	192.15660973745312
322	2313446	189.52	190.14	2020-04-23	6.0	2.31	2.9	189.73586808547444
323	2520923	190.11	190.94	2020-04-23	6.0	2.31	2.9	189.77595730062458
324	1163173	189.73	188.89	2020-04-24	6.0	2.31	2.9	189.73586808547444
325	1883755	188.9	190.8	2020-04-24	6.0	2.31	2.9	189.3034450947919
326	2484457	190.81	188.91	2020-04-24	6.0	2.31	2.9	189.77595730062458
327	811857	189.98	189.55	2020-04-27	5.5	2.31	2.9	189.73586808547444
328	1930861	189.56	189.16	2020-04-27	5.5	2.31	2.9	189.73586808547444
329	1628454	189.16	188.9	2020-04-27	5.5	2.31	2.9	189.3034450947919
330	814538	188.5	189.41	2020-04-28	5.5	2.31	2.9	189.3034450947919
331	3023354	189.42	191.32	2020-04-28	5.5	2.31	2.9	189.801748306786
332	4020586	191.32	192.8	2020-04-28	5.5	2.31	2.9	189.801748306786
333	1480919	194.46	194.71	2020-04-29	5.5	2.31	2.9	194.12849109445796
334	2178118	194.71	193.47	2020-04-29	5.5	2.31	2.9	196.01740365847397
335	3325177	193.47	195.8	2020-04-29	5.5	2.31	2.9	194.19437131576953
336	2482993	196.51	198.14	2020-04-30	5.5	2.55	0.9	198.08432594566915
337	3353084	198.09	196.67	2020-04-30	5.5	2.55	0.9	198.11011695183058
338	2883788	196.7	197.25	2020-04-30	5.5	2.55	0.9	198.11011695183058
339	1403065	195.68	195.32	2020-05-04	5.5	2.55	0.9	195.40374344239518
340	2039171	195.29	193.66	2020-05-04	5.5	2.55	0.9	195.40374344239518
341	2197584	193.65	193.69	2020-05-04	5.5	2.55	0.9	194.12645653414512
342	924990	195.51	195.29	2020-05-05	5.5	2.55	0.9	195.40374344239518
343	1360959	195.27	194.95	2020-05-05	5.5	2.55	0.9	195.40374344239518
344	1257977	194.95	194.75	2020-05-05	5.5	2.55	0.9	195.40374344239518
345	662510	195.0	194.5	2020-05-06	5.5	2.55	0.9	195.40374344239518
346	2273883	194.51	196.11	2020-05-06	5.5	2.55	0.9	194.12645653414512
347	2019748	196.07	195.7	2020-05-06	5.5	2.55	0.9	198.044236730519
348	712128	196.0	195.69	2020-05-07	5.5	2.55	0.9	195.40374344239518
349	2311022	195.68	197.97	2020-05-07	5.5	2.55	0.9	195.40374344239518
350	2749749	197.98	195.51	2020-05-07	5.5	2.55	0.9	198.11011695183058
351	890490	196.0	195.19	2020-05-08	5.5	2.55	0.9	195.40374344239518
352	892725	195.06	195.12	2020-05-08	5.5	2.55	0.9	195.40374344239518
353	1600419	195.13	196.02	2020-05-08	5.5	2.55	0.9	195.40374344239518
354	2042248	193.3	194.42	2020-05-12	5.5	2.55	0.9	194.12645653414512
355	2224794	194.44	192.64	2020-05-12	5.5	2.55	0.9	194.12645653414512
356	2498646	192.63	191.4	2020-05-12	5.5	2.55	0.9	192.19466439229043
357	2125929	190.05	187.34	2020-05-13	5.5	2.55	0.9	189.7338335251616
358	1494595	187.3	188.58	2020-05-13	5.5	2.55	0.9	187.01190861919235
359	2726087	188.63	187.31	2020-05-13	5.5	2.55	0.9	189.36729075579063
360	1133447	186.5	185.98	2020-05-14	5.5	2.55	0.9	184.21510740023595
361	2308262	185.95	186.03	2020-05-14	5.5	2.55	0.9	184.21510740023595
362	4226503	186.02	183.81	2020-05-14	5.5	2.55	0.9	184.28098762154752
363	1586093	186.13	185.78	2020-05-15	5.5	2.55	0.9	184.21510740023595
364	2000626	185.81	184.53	2020-05-15	5.5	2.55	0.9	184.21510740023595
365	2728095	184.51	183.85	2020-05-15	5.5	2.55	0.9	184.28098762154752
366	1037756	186.33	185.71	2020-05-18	5.5	2.55	0.9	184.21510740023595
367	2121475	185.71	186.42	2020-05-18	5.5	2.55	0.9	184.21510740023595
368	4595358	186.49	188.93	2020-05-18	5.5	2.55	0.9	184.28098762154752
369	1386091	190.37	190.53	2020-05-19	5.5	2.55	0.9	189.7338335251616
370	4650750	190.57	190.22	2020-05-19	5.5	2.55	0.9	189.5544647537311
371	4495561	190.25	189.0	2020-05-19	5.5	2.55	0.9	189.79971374647317
372	1153133	188.49	187.17	2020-05-20	5.5	2.55	0.9	189.30141053447906
373	4395342	187.2	191.68	2020-05-20	5.5	2.55	0.9	187.07778884050393
374	3785829	191.7	193.98	2020-05-20	5.5	2.55	0.9	192.22045539845186
375	2456558	194.0	194.56	2020-05-21	5.5	2.55	0.9	194.16654574929527
376	2954054	194.57	194.04	2020-05-21	5.5	2.55	0.9	194.1923367554567
377	2543583	194.1	192.4	2020-05-21	5.5	2.55	0.9	194.16654574929527
378	1215622	190.97	189.82	2020-05-22	5.5	2.55	0.9	189.7338335251616
379	2199766	189.81	189.78	2020-05-22	5.5	2.55	0.9	189.7338335251616
380	2285969	189.84	188.9	2020-05-22	5.5	2.55	0.9	189.7338335251616
381	595952	189.62	189.35	2020-05-25	5.5	2.55	0.9	189.7338335251616
382	760133	189.35	189.9	2020-05-25	5.5	2.55	0.9	189.7338335251616
383	957924	189.89	191.0	2020-05-25	5.5	2.55	0.9	189.7338335251616
384	1777064	193.0	193.64	2020-05-26	5.5	2.55	0.9	192.65987043387827
385	2442056	193.64	194.24	2020-05-26	5.5	2.55	0.9	194.16654574929527
386	3712100	194.25	194.0	2020-05-26	5.5	2.55	0.9	194.1923367554567
387	1487334	194.0	194.92	2020-05-27	5.5	2.55	0.9	194.12645653414512
388	5297365	194.94	197.79	2020-05-27	5.5	2.55	0.9	195.528355730222
389	4822722	197.8	198.51	2020-05-27	5.5	2.55	0.9	198.1688490183458
390	2057997	199.31	200.05	2020-05-28	5.5	2.55	-12.0	199.0609738532521
391	5278005	199.99	202.86	2020-05-28	5.5	2.55	-12.0	199.18558614107891
392	4381965	202.86	205.0	2020-05-28	5.5	2.55	-12.0	204.0481561515252
393	2407150	204.11	201.71	2020-05-29	5.5	2.55	-12.0	204.28541973142404
394	3159361	201.67	200.65	2020-05-29	5.5	2.55	-12.0	201.2978096248598
395	5098803	200.64	200.5	2020-05-29	5.5	2.55	-12.0	199.18558614107891
396	2144666	203.1	205.6	2020-06-01	5.5	3.1	-12.0	203.98227593021363
397	2407660	205.58	203.37	2020-06-01	5.5	3.1	-12.0	205.68983487129364
398	2012741	203.37	203.66	2020-06-01	5.5	3.1	-12.0	203.98227593021363
399	1439524	204.67	205.05	2020-06-02	5.5	3.1	-12.0	204.2453305162739
400	3778306	204.98	206.61	2020-06-02	5.5	3.1	-12.0	205.71562587745507
401	6469001	206.57	212.0	2020-06-02	5.5	3.1	-12.0	204.2717189606786
402	2516662	214.0	215.07	2020-06-03	5.5	3.1	-12.0	214.62507228951122
403	5817389	215.03	215.52	2020-06-03	5.5	3.1	-12.0	215.3643322759382
404	6170322	215.52	221.5	2020-06-03	5.5	3.1	-12.0	215.42787647615486
405	2491754	220.67	218.92	2020-06-04	5.5	3.1	-12.0	221.81768685104436
406	4251808	218.88	216.99	2020-06-04	5.5	3.1	-12.0	218.8729056578828
407	5505840	216.95	213.1	2020-06-04	5.5	3.1	-12.0	215.58699083426092
408	1972048	215.13	216.0	2020-06-05	5.5	3.1	-12.0	215.8916764035355
409	2501215	216.0	215.17	2020-06-05	5.5	3.1	-12.0	216.15442417700837
410	4392623	215.17	219.1	2020-06-05	5.5	3.1	-12.0	215.9575566248471
411	1954822	219.8	220.61	2020-06-08	5.5	3.1	-12.0	218.80702543657122
412	3395788	220.64	220.99	2020-06-08	5.5	3.1	-12.0	221.84347785720578
413	3532060	220.98	220.3	2020-06-08	5.5	3.1	-12.0	221.84347785720578
414	1759776	221.13	216.99	2020-06-09	5.5	3.1	-12.0	221.7775976358942
415	2800961	216.99	218.34	2020-06-09	5.5	3.1	-12.0	216.1802151831698
416	2355888	218.32	217.23	2020-06-09	5.5	3.1	-12.0	218.80702543657122
417	1615264	217.0	215.63	2020-06-10	5.5	3.1	-12.0	216.11433496185822
418	4619194	215.61	214.63	2020-06-10	5.5	3.1	-12.0	215.93496619042773
419	2955088	214.65	212.53	2020-06-10	5.5	3.1	-12.0	214.65086329567265
420	2498478	208.91	207.39	2020-06-11	5.5	3.1	-12.0	208.3483035439875
421	2025600	207.34	207.09	2020-06-11	5.5	3.1	-12.0	207.4554902633724
422	2479228	207.07	208.35	2020-06-11	5.5	3.1	-12.0	207.49557947852256
423	1736316	205.07	204.35	2020-06-15	5.5	3.1	-12.0	205.6497456561435
424	3022806	204.36	204.14	2020-06-15	5.5	3.1	-12.0	204.31121073758547
425	2840529	204.15	207.32	2020-06-15	5.5	3.1	-12.0	204.31121073758547
426	1462305	210.28	209.97	2020-06-16	5.5	3.1	-12.0	210.3190032773148
427	1626880	209.9	210.73	2020-06-16	5.5	3.1	-12.0	210.3190032773148
428	3566120	210.71	207.76	2020-06-16	5.5	3.1	-12.0	210.38488349862638
429	1149677	208.52	209.79	2020-06-17	5.5	3.1	-12.0	208.30821432883735
430	1938620	209.79	208.87	2020-06-17	5.5	3.1	-12.0	209.68322883922153
431	2569590	208.87	208.14	2020-06-17	5.5	3.1	-12.0	208.3483035439875
432	1106408	207.8	206.35	2020-06-18	5.5	3.1	-12.0	207.507326552437
433	2825102	206.31	203.35	2020-06-18	5.5	3.1	-12.0	205.8566957942607
434	3296066	203.43	203.77	2020-06-18	5.5	3.1	-12.0	204.0481561515252
435	1684608	205.44	208.01	2020-06-19	5.5	3.1	-10.9	205.6497456561435
436	1827698	208.0	208.59	2020-06-19	5.5	3.1	-10.9	208.30821432883735
437	3992245	208.61	207.0	2020-06-19	5.5	3.1	-10.9	208.37409455014893
438	1735975	206.7	206.01	2020-06-22	4.5	3.1	-10.9	207.287395456829
439	2197982	206.03	205.69	2020-06-22	4.5	3.1	-10.9	205.79081557294913
440	1759426	205.69	205.12	2020-06-22	4.5	3.1	-10.9	205.6497456561435
441	135616	205.6	205.9	2020-06-22	4.5	3.1	-10.9	205.6665820785171
442	37412	205.84	206.4	2020-06-22	4.5	3.1	-10.9	205.80765199532274
443	1000180	207.7	208.16	2020-06-23	4.5	3.1	-10.9	207.507326552437
444	1591789	208.2	209.08	2020-06-23	4.5	3.1	-10.9	208.30821432883735
445	2420863	209.09	207.84	2020-06-23	4.5	3.1	-10.9	209.72331805437167
446	271524	207.98	207.18	2020-06-23	4.5	3.1	-10.9	207.98080813553523
447	64438	207.18	207.3	2020-06-23	4.5	3.1	-10.9	207.47232668574603
448	2784715	201.0	202.71	2020-06-25	4.5	3.1	-10.9	201.2978096248598
449	1912030	202.69	203.24	2020-06-25	4.5	3.1	-10.9	202.91147110659318
450	2103316	203.27	205.09	2020-06-25	4.5	3.1	-10.9	203.98227593021363
451	286708	205.45	206.47	2020-06-25	4.5	3.1	-10.9	205.6665820785171
452	62753	206.56	206.92	2020-06-25	4.5	3.1	-10.9	205.80765199532274
453	848257	206.97	205.51	2020-06-26	4.5	3.1	-10.9	207.287395456829
454	1410722	205.57	204.18	2020-06-26	4.5	3.1	-10.9	205.6497456561435
455	2139456	204.17	203.21	2020-06-26	4.5	3.1	-10.9	204.2453305162739
456	239997	204.0	203.13	2020-06-26	4.5	3.1	-10.9	203.99911235258725
457	30632	203.14	203.15	2020-06-26	4.5	3.1	-10.9	203.99911235258725
458	725422	201.0	202.41	2020-06-29	4.5	3.1	-10.9	201.23192940354824
459	1432993	202.44	203.93	2020-06-29	4.5	3.1	-10.9	202.91147110659318
460	1898586	203.94	205.4	2020-06-29	4.5	3.1	-10.9	203.98227593021363
461	180835	205.25	205.52	2020-06-29	4.5	3.1	-10.9	205.6665820785171
462	70432	205.5	205.8	2020-06-29	4.5	3.1	-10.9	205.6665820785171
463	900729	205.7	204.15	2020-06-30	4.5	3.03	-10.9	205.6497456561435
464	1645077	204.11	202.95	2020-06-30	4.5	3.03	-10.9	204.2453305162739
465	1586978	202.94	202.8	2020-06-30	4.5	3.03	-10.9	203.98227593021363
466	210088	203.21	203.16	2020-06-30	4.5	3.03	-10.9	203.99911235258725
467	32624	203.27	203.22	2020-06-30	4.5	3.03	-10.9	203.99911235258725
468	1813263	205.0	207.24	2020-07-02	4.5	3.03	-10.9	205.6497456561435
469	2511773	207.18	208.07	2020-07-02	4.5	3.03	-10.9	207.49557947852256
470	2955059	208.03	210.0	2020-07-02	4.5	3.03	-10.9	208.37409455014893
471	323861	210.0	209.59	2020-07-02	4.5	3.03	-10.9	210.3190032773148
472	34249	209.6	209.6	2020-07-02	4.5	3.03	-10.9	209.70006526159514
473	1578537	210.0	211.18	2020-07-03	4.5	3.03	-10.9	210.3190032773148
474	1805537	211.18	209.98	2020-07-03	4.5	3.03	-10.9	211.0876407634839
475	1546400	209.98	210.08	2020-07-03	4.5	3.03	-10.9	210.3190032773148
476	97013	210.5	210.65	2020-07-03	4.5	3.03	-10.9	210.33583969968842
477	36934	210.66	210.95	2020-07-03	4.5	3.03	-10.9	210.33583969968842
478	1781981	212.97	215.3	2020-07-06	4.5	3.03	-10.9	212.91205177387576
479	2063523	215.3	214.7	2020-07-06	4.5	3.03	-10.9	215.8916764035355
480	1547761	214.7	214.75	2020-07-06	4.5	3.03	-10.9	214.58498307436108
481	122845	214.46	214.22	2020-07-06	4.5	3.03	-10.9	214.6018194967347
482	29401	214.22	214.61	2020-07-06	4.5	3.03	-10.9	214.6018194967347
483	1115103	213.0	212.9	2020-07-07	4.5	3.03	-10.9	212.91205177387576
484	1480975	212.89	211.15	2020-07-07	4.5	3.03	-10.9	212.91205177387576
485	1669896	211.14	211.41	2020-07-07	4.5	3.03	-10.9	211.0876407634839
486	169421	211.42	210.82	2020-07-07	4.5	3.03	-10.9	211.10447718585752
487	37461	210.82	210.53	2020-07-07	4.5	3.03	-10.9	210.33583969968842
488	781907	210.8	210.88	2020-07-08	4.5	3.03	-10.9	210.3190032773148
489	1231618	210.94	210.35	2020-07-08	4.5	3.03	-10.9	210.3190032773148
490	2054349	210.39	209.42	2020-07-08	4.5	3.03	-10.9	210.3190032773148
491	98830	209.6	210.65	2020-07-08	4.5	3.03	-10.9	209.70006526159514
492	40144	210.64	210.97	2020-07-08	4.5	3.03	-10.9	210.33583969968842
493	519603	210.7	210.39	2020-07-09	4.5	3.03	-10.9	210.3190032773148
494	987473	210.41	210.5	2020-07-09	4.5	3.03	-10.9	210.3190032773148
495	2806778	210.47	208.72	2020-07-09	4.5	3.03	-10.9	210.38488349862638
496	183231	208.85	209.21	2020-07-09	4.5	3.03	-10.9	208.32505075121097
497	21815	209.29	209.11	2020-07-09	4.5	3.03	-10.9	209.70006526159514
498	1051836	207.51	207.59	2020-07-10	4.5	3.03	-10.9	207.507326552437
499	1350477	207.62	207.76	2020-07-10	4.5	3.03	-10.9	207.507326552437
500	2327700	207.75	212.6	2020-07-10	4.5	3.03	-10.9	207.507326552437
501	274708	212.5	212.17	2020-07-10	4.5	3.03	-10.9	212.86714035599618
502	65931	212.16	212.28	2020-07-10	4.5	3.03	-10.9	212.86714035599618
503	1072988	213.87	211.48	2020-07-13	4.5	3.03	-10.9	213.10120061337378
504	1771265	211.5	210.5	2020-07-13	4.5	3.03	-10.9	211.0876407634839
505	1944529	210.5	210.16	2020-07-13	4.5	3.03	-10.9	210.3190032773148
506	309296	210.06	208.14	2020-07-13	4.5	3.03	-10.9	210.33583969968842
507	35083	208.2	208.39	2020-07-13	4.5	3.03	-10.9	208.32505075121097
508	1449895	208.38	205.89	2020-07-14	4.5	3.03	-10.9	208.30821432883735
509	2408522	205.91	206.62	2020-07-14	4.5	3.03	-10.9	205.83090478809928
510	2528785	206.62	209.06	2020-07-14	4.5	3.03	-10.9	207.32748467197914
511	158941	209.03	209.25	2020-07-14	4.5	3.03	-10.9	209.70006526159514
512	57359	209.21	209.5	2020-07-14	4.5	3.03	-10.9	209.70006526159514
513	1075917	210.29	208.45	2020-07-15	4.5	3.03	-10.9	210.3190032773148
514	1670233	208.43	211.42	2020-07-15	4.5	3.03	-10.9	208.30821432883735
515	1995424	211.42	211.11	2020-07-15	4.5	3.03	-10.9	211.0876407634839
516	191465	210.7	210.8	2020-07-15	4.5	3.03	-10.9	210.33583969968842
517	19862	210.81	211.09	2020-07-15	4.5	3.03	-10.9	210.33583969968842
518	556271	209.66	209.47	2020-07-16	4.5	3.03	-10.9	209.68322883922153
519	1132165	209.47	209.96	2020-07-16	4.5	3.03	-10.9	209.68322883922153
520	2010811	210.0	212.1	2020-07-16	4.5	3.03	-10.9	210.3190032773148
521	187955	212.04	211.57	2020-07-16	4.5	3.03	-10.9	212.01810335427453
522	15835	211.56	211.35	2020-07-16	4.5	3.03	-10.9	211.10447718585752
523	617682	211.69	210.58	2020-07-17	4.5	3.03	-6.4	211.0876407634839
524	1662581	210.6	210.87	2020-07-17	4.5	3.03	-6.4	210.3190032773148
525	1207337	210.86	210.73	2020-07-17	4.5	3.03	-6.4	210.3190032773148
526	100608	210.52	210.79	2020-07-17	4.5	3.03	-6.4	210.33583969968842
527	25814	210.88	210.81	2020-07-17	4.5	3.03	-6.4	210.33583969968842
528	634218	210.27	209.5	2020-07-20	4.5	3.03	-6.4	210.3190032773148
529	1191224	209.5	211.34	2020-07-20	4.5	3.03	-6.4	209.68322883922153
530	1892001	211.33	212.49	2020-07-20	4.5	3.03	-6.4	211.0876407634839
531	537427	212.34	213.82	2020-07-20	4.5	3.03	-6.4	212.85030393362257
532	195890	213.82	213.89	2020-07-20	4.5	3.03	-6.4	213.1180370357474
533	2378999	215.0	218.27	2020-07-21	4.5	3.03	-6.4	215.93176561868566
534	2469921	218.28	218.52	2020-07-21	4.5	3.03	-6.4	218.84711465172137
535	2402923	218.52	216.07	2020-07-21	4.5	3.03	-6.4	218.84711465172137
536	287485	215.56	215.85	2020-07-21	4.5	3.03	-6.4	216.13117138423183
537	25588	215.85	215.73	2020-07-21	4.5	3.03	-6.4	216.13117138423183
538	1244319	215.98	214.87	2020-07-22	4.5	3.03	-6.4	216.11433496185822
539	1898968	214.91	216.75	2020-07-22	4.5	3.03	-6.4	215.8916764035355
540	1550371	216.77	216.8	2020-07-22	4.5	3.03	-6.4	216.11433496185822
541	131585	216.99	216.7	2020-07-22	4.5	3.03	-6.4	216.13117138423183
542	18857	216.69	216.71	2020-07-22	4.5	3.03	-6.4	216.13117138423183
543	1279084	217.5	218.99	2020-07-23	4.5	3.03	-6.4	218.80702543657122
544	1428124	218.95	217.26	2020-07-23	4.5	3.03	-6.4	218.80702543657122
545	1302204	217.25	216.71	2020-07-23	4.5	3.03	-6.4	216.11433496185822
546	302764	216.84	215.52	2020-07-23	4.5	3.03	-6.4	216.13117138423183
547	30306	215.52	215.41	2020-07-23	4.5	3.03	-6.4	216.13117138423183
548	963204	214.8	215.27	2020-07-24	4.5	3.03	-6.4	215.8916764035355
549	1809163	215.26	214.85	2020-07-24	4.5	3.03	-6.4	215.8916764035355
550	1926456	214.85	216.86	2020-07-24	4.5	3.03	-6.4	215.8916764035355
551	619380	216.8	216.18	2020-07-24	4.5	3.03	-6.4	216.11433496185822
552	38519	216.16	215.97	2020-07-24	4.5	3.03	-6.4	216.13117138423183
553	739858	216.7	215.92	2020-07-27	4.25	3.03	-6.4	216.11433496185822
554	1376802	215.89	218.18	2020-07-27	4.25	3.03	-6.4	216.11433496185822
555	1542509	218.24	215.49	2020-07-27	4.25	3.03	-6.4	218.80702543657122
556	148613	215.95	216.9	2020-07-27	4.25	3.03	-6.4	216.13117138423183
557	24393	216.81	216.9	2020-07-27	4.25	3.03	-6.4	216.13117138423183
558	524114	216.81	216.51	2020-07-28	4.25	3.03	-6.4	216.11433496185822
559	1022101	216.49	215.5	2020-07-28	4.25	3.03	-6.4	216.11433496185822
560	788202	215.54	216.42	2020-07-28	4.25	3.03	-6.4	216.11433496185822
561	97301	216.08	215.59	2020-07-28	4.25	3.03	-6.4	216.13117138423183
562	29316	215.58	215.53	2020-07-28	4.25	3.03	-6.4	216.13117138423183
563	701433	215.89	216.93	2020-07-29	4.25	3.03	-6.4	216.11433496185822
564	1178528	217.04	217.78	2020-07-29	4.25	3.03	-6.4	216.11433496185822
565	2010420	217.81	218.88	2020-07-29	4.25	3.03	-6.4	218.80702543657122
566	195760	218.45	218.72	2020-07-29	4.25	3.03	-6.4	218.82386185894484
567	48482	218.72	219.18	2020-07-29	4.25	3.03	-6.4	218.82386185894484
568	1181192	218.71	217.82	2020-07-30	4.25	3.03	-6.4	218.80702543657122
569	1317007	217.79	217.48	2020-07-30	4.25	3.03	-6.4	218.80702543657122
570	2318197	217.44	216.84	2020-07-30	4.25	3.03	-6.4	218.80702543657122
571	256783	216.63	217.95	2020-07-30	4.25	3.03	-6.4	216.13117138423183
572	53318	217.95	218.15	2020-07-30	4.25	3.03	-6.4	218.82386185894484
573	1153042	218.19	219.22	2020-07-31	4.25	3.21	-6.4	218.80702543657122
574	2500616	219.22	220.89	2020-07-31	4.25	3.21	-6.4	218.84711465172137
575	2090991	220.9	221.13	2020-07-31	4.25	3.21	-6.4	221.7775976358942
576	152840	220.8	221.46	2020-07-31	4.25	3.21	-6.4	221.79443405826783
577	73482	221.5	221.57	2020-07-31	4.25	3.21	-6.4	221.79443405826783
578	901978	222.27	222.86	2020-08-03	4.25	3.21	-6.4	221.7775976358942
579	3331121	222.86	226.57	2020-08-03	4.25	3.21	-6.4	224.24172764961887
580	2064719	226.58	226.52	2020-08-03	4.25	3.21	-6.4	225.6403993404982
581	132565	226.5	226.82	2020-08-03	4.25	3.21	-6.4	225.6572357628718
582	25282	226.74	226.72	2020-08-03	4.25	3.21	-6.4	225.6572357628718
583	1203891	227.39	226.62	2020-08-04	4.25	3.21	-6.4	227.90476251195034
584	1205583	226.62	226.5	2020-08-04	4.25	3.21	-6.4	225.6403993404982
585	1654103	226.5	226.66	2020-08-04	4.25	3.21	-6.4	225.6403993404982
586	112727	226.69	226.98	2020-08-04	4.25	3.21	-6.4	225.6572357628718
587	25445	226.84	227.16	2020-08-04	4.25	3.21	-6.4	227.92159893432395
588	1108575	228.15	227.67	2020-08-05	4.25	3.21	-6.4	228.00563989333202
589	2983654	227.67	226.96	2020-08-05	4.25	3.21	-6.4	227.93055351811176
590	1250115	226.96	225.99	2020-08-05	4.25	3.21	-6.4	227.90476251195034
591	110275	225.99	226.35	2020-08-05	4.25	3.21	-6.4	225.6572357628718
592	11671	226.4	226.4	2020-08-05	4.25	3.21	-6.4	225.6572357628718
593	487386	226.75	226.19	2020-08-06	4.25	3.21	-6.4	225.6403993404982
594	969685	226.19	225.72	2020-08-06	4.25	3.21	-6.4	225.6403993404982
595	1384618	225.72	224.79	2020-08-06	4.25	3.21	-6.4	225.6403993404982
596	154061	224.61	225.96	2020-08-06	4.25	3.21	-6.4	225.48635878768363
597	20659	225.9	226.0	2020-08-06	4.25	3.21	-6.4	225.6572357628718
598	502995	225.0	225.77	2020-08-07	4.25	3.21	-6.4	225.6403993404982
599	1857178	225.77	226.43	2020-08-07	4.25	3.21	-6.4	225.6403993404982
600	1019492	226.42	226.81	2020-08-07	4.25	3.21	-6.4	225.6403993404982
601	145691	226.63	227.13	2020-08-07	4.25	3.21	-6.4	225.6572357628718
602	38660	227.13	227.28	2020-08-07	4.25	3.21	-6.4	227.92159893432395
603	574060	227.96	227.81	2020-08-10	4.25	3.21	-6.4	227.90476251195034
604	1681691	227.85	225.77	2020-08-10	4.25	3.21	-6.4	227.90476251195034
605	1781212	225.75	224.6	2020-08-10	4.25	3.21	-6.4	225.6403993404982
606	275881	225.18	226.0	2020-08-10	4.25	3.21	-6.4	225.6572357628718
607	37444	226.0	225.99	2020-08-10	4.25	3.21	-6.4	225.6572357628718
608	1407936	226.43	228.37	2020-08-11	4.25	3.21	-6.4	225.6403993404982
609	3130862	228.35	230.9	2020-08-11	4.25	3.21	-6.4	228.03143089949344
610	3175961	230.89	234.6	2020-08-11	4.25	3.21	-6.4	230.12283699802
611	402107	234.6	232.35	2020-08-11	4.25	3.21	-6.4	234.85123687929408
612	70651	232.35	232.65	2020-08-11	4.25	3.21	-6.4	232.13236347438604
613	1839465	233.12	236.67	2020-08-12	4.25	3.21	-6.4	234.2599988166672
614	3883774	236.67	238.61	2020-08-12	4.25	3.21	-6.4	237.62633199600282
615	3642414	238.65	241.4	2020-08-12	4.25	3.21	-6.4	239.0945883470828
616	628407	241.0	241.81	2020-08-12	4.25	3.21	-6.4	241.34612365708364
617	106167	241.81	242.4	2020-08-12	4.25	3.21	-6.4	241.74023663281574
618	1294503	242.2	240.45	2020-08-13	4.25	3.21	-6.4	241.72340021044212
619	3580350	240.37	241.4	2020-08-13	4.25	3.21	-6.4	241.31681919033824
620	3419069	241.34	242.54	2020-08-13	4.25	3.21	-6.4	241.69409574369672
621	251415	242.12	241.34	2020-08-13	4.25	3.21	-6.4	241.74023663281574
622	26696	241.34	241.39	2020-08-13	4.25	3.21	-6.4	241.74023663281574
623	829457	242.0	239.41	2020-08-14	4.25	3.21	-6.4	241.72340021044212
624	1862238	239.41	239.8	2020-08-14	4.25	3.21	-6.4	239.06879734092138
625	1568588	239.75	239.5	2020-08-14	4.25	3.21	-6.4	239.11179835984927
626	109506	239.52	239.75	2020-08-14	4.25	3.21	-6.4	239.085633763295
627	58666	239.75	239.99	2020-08-14	4.25	3.21	-6.4	239.1286347822229
628	1414218	240.8	241.38	2020-08-17	4.25	3.21	-6.4	241.34612365708364
629	2456229	241.4	237.59	2020-08-17	4.25	3.21	-6.4	241.72340021044212
630	3590189	237.51	237.01	2020-08-17	4.25	3.21	-6.4	237.62633199600282
631	227120	237.25	237.74	2020-08-17	4.25	3.21	-6.4	237.617377412215
632	24285	237.74	237.8	2020-08-17	4.25	3.21	-6.4	237.617377412215
633	640087	236.88	237.42	2020-08-18	4.25	3.21	-6.4	237.6005409898414
634	1322364	237.4	238.3	2020-08-18	4.25	3.21	-6.4	237.6005409898414
635	1613348	238.3	235.8	2020-08-18	4.25	3.21	-6.4	237.6005409898414
636	66976	236.22	236.28	2020-08-18	4.25	3.21	-6.4	236.9125529710856
637	33513	236.28	236.3	2020-08-18	4.25	3.21	-6.4	236.9125529710856
638	600018	235.85	237.2	2020-08-19	4.25	3.21	-6.4	236.895716548712
639	1316461	237.21	239.44	2020-08-19	4.25	3.21	-6.4	237.6005409898414
640	1669476	239.44	239.75	2020-08-19	4.25	3.21	-6.4	239.06879734092138
641	207445	240.0	239.11	2020-08-19	4.25	3.21	-6.4	239.1286347822229
642	30065	239.11	239.4	2020-08-19	4.25	3.21	-6.4	239.085633763295
643	2249861	238.44	235.33	2020-08-20	4.25	3.21	-4.7	237.6005409898414
644	3850351	235.32	233.42	2020-08-20	4.25	3.21	-4.7	234.8770278854555
645	5226780	233.44	230.7	2020-08-20	4.25	3.21	-4.7	234.34452188934387
646	330483	231.25	232.84	2020-08-20	4.25	3.21	-4.7	232.11552705201242
647	36640	232.84	232.48	2020-08-20	4.25	3.21	-4.7	234.27683523904082
648	1562163	233.3	231.94	2020-08-21	4.25	3.21	-4.7	234.2599988166672
649	7344322	231.97	229.68	2020-08-21	4.25	3.21	-4.7	232.23111979839462
650	4748693	229.72	230.7	2020-08-21	4.25	3.21	-4.7	229.89102916160076
651	195476	231.29	231.49	2020-08-21	4.25	3.21	-4.7	232.13236347438604
652	40652	231.5	231.22	2020-08-21	4.25	3.21	-4.7	232.13236347438604
653	1176926	232.5	233.15	2020-08-24	4.25	3.21	-4.7	232.11552705201242
654	1646698	233.15	231.69	2020-08-24	4.25	3.21	-4.7	234.2599988166672
655	1440019	231.69	231.06	2020-08-24	4.25	3.21	-4.7	232.11552705201242
656	152969	231.01	231.46	2020-08-24	4.25	3.21	-4.7	230.1138824142322
657	38068	231.4	231.81	2020-08-24	4.25	3.21	-4.7	232.13236347438604
658	814392	232.3	231.23	2020-08-25	4.25	3.21	-4.7	232.11552705201242
659	2168458	231.23	229.44	2020-08-25	4.25	3.21	-4.7	229.97112089107034
660	2609230	229.43	227.33	2020-08-25	4.25	3.21	-4.7	229.4136757467953
661	262355	227.17	227.9	2020-08-25	4.25	3.21	-4.7	227.92159893432395
662	43552	227.94	228.08	2020-08-25	4.25	3.21	-4.7	227.92159893432395
663	1521686	228.3	226.2	2020-08-26	4.25	3.21	-4.7	228.00563989333202
664	3681774	226.17	227.07	2020-08-26	4.25	3.21	-4.7	225.66619034665962
665	2084966	227.07	227.5	2020-08-26	4.25	3.21	-4.7	227.90476251195034
666	193628	227.45	227.61	2020-08-26	4.25	3.21	-4.7	227.92159893432395
667	95891	227.61	227.8	2020-08-26	4.25	3.21	-4.7	227.92159893432395
668	936646	227.87	228.69	2020-08-27	4.25	3.21	-4.7	227.90476251195034
669	1809248	228.81	227.15	2020-08-27	4.25	3.21	-4.7	228.00563989333202
670	2055756	227.15	226.57	2020-08-27	4.25	3.21	-4.7	227.90476251195034
671	267656	226.75	226.21	2020-08-27	4.25	3.21	-4.7	225.6572357628718
672	33801	226.21	226.23	2020-08-27	4.25	3.21	-4.7	225.6572357628718
673	755157	227.0	226.28	2020-08-28	4.25	3.21	-4.7	227.90476251195034
674	1548451	226.25	226.59	2020-08-28	4.25	3.21	-4.7	225.6403993404982
675	1629570	226.61	225.99	2020-08-28	4.25	3.21	-4.7	225.6403993404982
676	116298	226.38	226.45	2020-08-28	4.25	3.21	-4.7	225.6572357628718
677	25333	226.45	226.3	2020-08-28	4.25	3.21	-4.7	225.6572357628718
678	652011	227.0	227.63	2020-08-31	4.25	3.37	-4.7	227.90476251195034
679	1930478	227.69	227.99	2020-08-31	4.25	3.37	-4.7	227.90476251195034
680	3351261	227.99	225.0	2020-08-31	4.25	3.37	-4.7	227.93055351811176
681	223047	225.57	226.19	2020-08-31	4.25	3.37	-4.7	225.6572357628718
682	44710	226.18	226.1	2020-08-31	4.25	3.37	-4.7	225.6572357628718
683	911805	226.7	227.67	2020-09-01	4.25	3.37	-4.7	225.6403993404982
684	1051571	227.68	227.03	2020-09-01	4.25	3.37	-4.7	227.90476251195034
685	1647409	227.01	226.72	2020-09-01	4.25	3.37	-4.7	227.90476251195034
686	114869	226.99	227.38	2020-09-01	4.25	3.37	-4.7	227.92159893432395
687	29383	227.38	227.64	2020-09-01	4.25	3.37	-4.7	227.92159893432395
688	532108	228.56	227.37	2020-09-02	4.25	3.37	-4.7	228.00563989333202
689	893223	227.37	227.21	2020-09-02	4.25	3.37	-4.7	227.90476251195034
690	5966529	227.2	221.8	2020-09-02	4.25	3.37	-4.7	227.17821481109684
691	340490	221.9	222.73	2020-09-02	4.25	3.37	-4.7	221.7775976358942
692	53054	222.8	222.57	2020-09-02	4.25	3.37	-4.7	224.1926838506809
693	1212951	221.67	223.4	2020-09-03	4.25	3.37	-4.7	221.7775976358942
694	1951184	223.38	222.28	2020-09-03	4.25	3.37	-4.7	224.1758474283073
695	3378053	222.3	218.95	2020-09-03	4.25	3.37	-4.7	221.84347785720578
696	366625	218.55	218.4	2020-09-03	4.25	3.37	-4.7	218.80702543657122
697	38259	218.4	218.32	2020-09-03	4.25	3.37	-4.7	218.82386185894484
698	1598339	218.0	219.61	2020-09-04	4.25	3.37	-4.7	218.80702543657122
699	1991837	219.61	218.89	2020-09-04	4.25	3.37	-4.7	218.80702543657122
700	3041603	218.85	220.0	2020-09-04	4.25	3.37	-4.7	218.8729056578828
701	373773	220.99	222.2	2020-09-04	4.25	3.37	-4.7	221.7775976358942
702	61454	222.28	222.21	2020-09-04	4.25	3.37	-4.7	221.79443405826783
703	1106898	221.5	223.04	2020-09-07	4.25	3.37	-4.7	221.7775976358942
704	2636210	223.07	221.58	2020-09-07	4.25	3.37	-4.7	224.21593664345744
705	2035823	221.59	220.5	2020-09-07	4.25	3.37	-4.7	221.7775976358942
706	129415	220.8	221.25	2020-09-07	4.25	3.37	-4.7	221.79443405826783
707	25150	221.25	221.32	2020-09-07	4.25	3.37	-4.7	221.79443405826783
708	1027236	222.0	220.28	2020-09-08	4.25	3.37	-4.7	221.7775976358942
709	2707534	220.28	217.9	2020-09-08	4.25	3.37	-4.7	218.8729056578828
710	3023699	217.9	217.25	2020-09-08	4.25	3.37	-4.7	218.8729056578828
711	220635	217.44	217.73	2020-09-08	4.25	3.37	-4.7	218.82386185894484
712	23331	217.68	217.68	2020-09-08	4.25	3.37	-4.7	218.82386185894484
713	1221863	217.01	218.06	2020-09-09	4.25	3.37	-4.7	216.11433496185822
714	1570831	218.06	218.4	2020-09-09	4.25	3.37	-4.7	218.80702543657122
715	1813792	218.39	217.48	2020-09-09	4.25	3.37	-4.7	218.80702543657122
716	165124	217.76	218.17	2020-09-09	4.25	3.37	-4.7	218.82386185894484
717	34688	218.12	218.0	2020-09-09	4.25	3.37	-4.7	218.82386185894484
718	1264937	218.24	217.85	2020-09-10	4.25	3.37	-4.7	218.80702543657122
719	2229444	217.84	218.13	2020-09-10	4.25	3.37	-4.7	218.80702543657122
720	3225466	218.14	221.88	2020-09-10	4.25	3.37	-4.7	218.8729056578828
721	365116	221.5	220.56	2020-09-10	4.25	3.37	-4.7	221.7775976358942
722	34891	220.56	220.6	2020-09-10	4.25	3.37	-4.7	221.79443405826783
723	845492	221.46	219.92	2020-09-11	4.25	3.37	-4.7	221.7775976358942
724	1458101	219.92	222.63	2020-09-11	4.25	3.37	-4.7	218.80702543657122
725	2013637	222.6	220.53	2020-09-11	4.25	3.37	-4.7	221.7775976358942
726	216974	220.58	220.98	2020-09-11	4.25	3.37	-4.7	221.79443405826783
727	34688	220.99	221.07	2020-09-11	4.25	3.37	-4.7	221.79443405826783
728	1418822	222.31	224.6	2020-09-14	4.25	3.37	-4.7	221.7775976358942
729	1668707	224.6	224.24	2020-09-14	4.25	3.37	-4.7	224.54413147513893
730	2924530	224.24	227.07	2020-09-14	4.25	3.37	-4.7	224.56992248130035
731	227836	227.0	227.44	2020-09-14	4.25	3.37	-4.7	227.92159893432395
732	50725	227.44	227.37	2020-09-14	4.25	3.37	-4.7	227.92159893432395
733	1016894	228.22	228.38	2020-09-15	4.25	3.37	-4.7	228.00563989333202
734	2820092	228.37	231.02	2020-09-15	4.25	3.37	-4.7	228.03143089949344
735	2087816	231.01	231.3	2020-09-15	4.25	3.37	-4.7	230.09704599185858
736	200549	231.39	231.11	2020-09-15	4.25	3.37	-4.7	232.13236347438604
737	64873	231.17	231.5	2020-09-15	4.25	3.37	-4.7	229.98795731344396
738	1136564	231.72	231.61	2020-09-16	4.25	3.37	-4.7	232.11552705201242
739	1306151	231.61	231.19	2020-09-16	4.25	3.37	-4.7	232.11552705201242
740	1233499	231.19	231.35	2020-09-16	4.25	3.37	-4.7	229.97112089107034
741	249361	231.16	231.19	2020-09-16	4.25	3.37	-4.7	229.98795731344396
742	35018	231.21	231.06	2020-09-16	4.25	3.37	-4.7	229.98795731344396
743	1182759	229.1	229.27	2020-09-17	4.25	3.37	-4.7	229.4136757467953
744	1221993	229.27	229.91	2020-09-17	4.25	3.37	-4.7	229.4136757467953
745	2292175	229.91	231.75	2020-09-17	4.25	3.37	-4.7	229.8065060889241
746	181993	231.5	231.37	2020-09-17	4.25	3.37	-4.7	232.13236347438604
747	33751	231.36	231.46	2020-09-17	4.25	3.37	-4.7	232.13236347438604
748	1004969	232.0	231.35	2020-09-18	4.25	3.37	-4.7	232.11552705201242
749	923000	231.38	231.2	2020-09-18	4.25	3.37	-4.7	232.11552705201242
750	3137874	231.2	229.0	2020-09-18	4.25	3.37	-4.7	229.99691189723177
751	330886	229.44	229.59	2020-09-18	4.25	3.37	-4.7	229.4136757467953
752	65755	229.59	230.3	2020-09-18	4.25	3.37	-4.7	229.8233425112977
753	1131064	229.88	228.53	2020-09-21	4.25	3.37	-4.3	229.8065060889241
754	2779879	228.55	226.53	2020-09-21	4.25	3.37	-4.3	228.03143089949344
755	2721679	226.51	224.64	2020-09-21	4.25	3.37	-4.3	225.66619034665962
756	293641	224.88	226.25	2020-09-21	4.25	3.37	-4.3	225.6572357628718
757	104099	226.27	226.25	2020-09-21	4.25	3.37	-4.3	225.6572357628718
758	1102184	226.0	226.87	2020-09-22	4.25	3.37	-4.3	225.6403993404982
759	2537328	226.96	229.26	2020-09-22	4.25	3.37	-4.3	227.90476251195034
760	2263597	229.35	227.03	2020-09-22	4.25	3.37	-4.3	229.4136757467953
761	487953	227.21	228.9	2020-09-22	4.25	3.37	-4.3	227.90476251195034
762	271146	228.94	229.88	2020-09-22	4.25	3.37	-4.3	229.4305121691689
763	1466982	230.02	231.32	2020-09-23	4.25	3.37	-4.3	229.8065060889241
764	1888861	231.39	231.0	2020-09-23	4.25	3.37	-4.3	232.11552705201242
765	3190199	231.0	227.61	2020-09-23	4.25	3.37	-4.3	230.12283699802
766	509786	227.94	228.1	2020-09-23	4.25	3.37	-4.3	227.90476251195034
767	74094	228.07	228.5	2020-09-23	4.25	3.37	-4.3	228.02247631570563
768	1921074	227.63	230.9	2020-09-24	4.25	3.37	-4.3	227.90476251195034
769	3472746	230.9	227.9	2020-09-24	4.25	3.37	-4.3	230.12283699802
770	2409702	227.9	228.36	2020-09-24	4.25	3.37	-4.3	227.90476251195034
771	365938	228.4	228.26	2020-09-24	4.25	3.37	-4.3	228.00563989333202
772	30051	228.26	228.17	2020-09-24	4.25	3.37	-4.3	228.02247631570563
773	1355041	229.0	227.46	2020-09-25	4.25	3.37	-4.3	229.4136757467953
774	1983847	227.46	227.52	2020-09-25	4.25	3.37	-4.3	227.90476251195034
775	2368087	227.53	227.57	2020-09-25	4.25	3.37	-4.3	227.90476251195034
776	255799	227.6	228.29	2020-09-25	4.25	3.37	-4.3	227.92159893432395
777	62060	228.26	228.24	2020-09-25	4.25	3.37	-4.3	228.02247631570563
778	1236680	228.79	228.38	2020-09-28	4.25	3.37	-4.3	228.00563989333202
779	1941136	228.38	228.27	2020-09-28	4.25	3.37	-4.3	228.00563989333202
780	3097688	228.25	228.32	2020-09-28	4.25	3.37	-4.3	228.03143089949344
781	144834	228.4	228.5	2020-09-28	4.25	3.37	-4.3	228.02247631570563
782	31645	228.51	228.63	2020-09-28	4.25	3.37	-4.3	228.02247631570563
783	1222221	228.88	227.08	2020-09-29	4.25	3.37	-4.3	229.4136757467953
784	3622347	227.08	225.54	2020-09-29	4.25	3.37	-4.3	227.93055351811176
785	3842405	225.54	224.9	2020-09-29	4.25	3.37	-4.3	225.66619034665962
786	318718	224.85	225.35	2020-09-29	4.25	3.37	-4.3	225.46952236531
787	36028	225.3	225.48	2020-09-29	4.25	3.37	-4.3	225.6572357628718
788	1074022	224.5	224.97	2020-09-30	4.25	3.57	-4.3	224.54413147513893
789	2642904	224.96	227.65	2020-09-30	4.25	3.57	-4.3	225.66619034665962
790	3534133	227.66	228.0	2020-09-30	4.25	3.57	-4.3	227.93055351811176
791	547212	228.14	229.14	2020-09-30	4.25	3.57	-4.3	228.00563989333202
792	62176	229.08	229.14	2020-09-30	4.25	3.57	-4.3	229.4305121691689
793	1077537	229.08	229.19	2020-10-01	4.25	3.57	-4.3	229.4136757467953
794	2126607	229.17	229.08	2020-10-01	4.25	3.57	-4.3	229.4136757467953
795	3563609	229.08	228.85	2020-10-01	4.25	3.57	-4.3	229.43946675295672
796	796512	228.86	227.11	2020-10-01	4.25	3.57	-4.3	228.00563989333202
797	218556	227.11	227.23	2020-10-01	4.25	3.57	-4.3	227.92159893432395
798	5278793	210.4	208.4	2020-10-02	4.25	3.57	-4.3	210.4436155651416
799	3780688	208.4	208.16	2020-10-02	4.25	3.57	-4.3	208.37409455014893
800	1985431	208.1	208.16	2020-10-02	4.25	3.57	-4.3	208.30821432883735
801	346111	208.16	208.88	2020-10-02	4.25	3.57	-4.3	208.30821432883735
802	41222	208.88	208.8	2020-10-02	4.25	3.57	-4.3	208.32505075121097
803	981261	209.65	208.9	2020-10-05	4.25	3.57	-4.3	209.68322883922153
804	1779749	208.81	208.14	2020-10-05	4.25	3.57	-4.3	208.30821432883735
805	1594942	208.14	208.79	2020-10-05	4.25	3.57	-4.3	208.30821432883735
806	175366	208.83	208.91	2020-10-05	4.25	3.57	-4.3	208.32505075121097
807	28870	208.9	208.89	2020-10-05	4.25	3.57	-4.3	208.32505075121097
808	1327433	209.0	210.05	2020-10-06	4.25	3.57	-4.3	209.68322883922153
809	4487756	210.05	212.5	2020-10-06	4.25	3.57	-4.3	210.38488349862638
810	2273967	212.51	212.21	2020-10-06	4.25	3.57	-4.3	212.85030393362257
811	489330	212.21	211.04	2020-10-06	4.25	3.57	-4.3	212.85030393362257
812	174219	211.04	211.18	2020-10-06	4.25	3.57	-4.3	210.33583969968842
813	1345027	211.3	210.29	2020-10-07	4.25	3.57	-4.3	211.0876407634839
814	2596073	210.29	210.01	2020-10-07	4.25	3.57	-4.3	210.35909249246495
815	2041222	210.01	210.5	2020-10-07	4.25	3.57	-4.3	210.3190032773148
816	199958	210.14	210.62	2020-10-07	4.25	3.57	-4.3	210.33583969968842
817	22883	210.62	210.6	2020-10-07	4.25	3.57	-4.3	210.33583969968842
818	662316	211.2	210.68	2020-10-08	4.25	3.57	-4.3	211.0876407634839
819	1811812	210.68	208.43	2020-10-08	4.25	3.57	-4.3	210.3190032773148
820	2282808	208.42	208.0	2020-10-08	4.25	3.57	-4.3	208.30821432883735
821	166634	207.99	208.11	2020-10-08	4.25	3.57	-4.3	207.98080813553523
822	30976	208.18	207.97	2020-10-08	4.25	3.57	-4.3	208.32505075121097
823	1461945	208.47	206.16	2020-10-09	4.25	3.57	-4.3	208.30821432883735
824	2520776	206.11	206.91	2020-10-09	4.25	3.57	-4.3	205.83090478809928
825	1955965	206.91	206.0	2020-10-09	4.25	3.57	-4.3	207.287395456829
826	199046	206.38	205.9	2020-10-09	4.25	3.57	-4.3	205.80765199532274
827	414074	205.82	205.38	2020-10-09	4.25	3.57	-4.3	205.79081557294913
828	730209	205.97	206.5	2020-10-12	4.25	3.57	-4.3	205.79081557294913
829	1644721	206.46	208.0	2020-10-12	4.25	3.57	-4.3	205.79081557294913
830	2648818	207.99	205.58	2020-10-12	4.25	3.57	-4.3	208.0298519344732
831	159973	205.56	206.0	2020-10-12	4.25	3.57	-4.3	205.6665820785171
832	48417	206.0	206.18	2020-10-12	4.25	3.57	-4.3	205.80765199532274
833	624206	205.92	205.8	2020-10-13	4.25	3.57	-4.3	205.79081557294913
834	1525322	205.78	206.34	2020-10-13	4.25	3.57	-4.3	205.79081557294913
835	2259768	206.34	205.0	2020-10-13	4.25	3.57	-4.3	205.79081557294913
836	167253	205.05	205.3	2020-10-13	4.25	3.57	-4.3	205.6665820785171
837	25779	205.3	205.03	2020-10-13	4.25	3.57	-4.3	205.6665820785171
838	764903	205.06	206.33	2020-10-14	4.25	3.57	-4.3	205.6497456561435
839	1498975	206.33	206.32	2020-10-14	4.25	3.57	-4.3	205.79081557294913
840	2152130	206.27	207.8	2020-10-14	4.25	3.57	-4.3	205.79081557294913
841	241325	207.4	207.74	2020-10-14	4.25	3.57	-4.3	207.47232668574603
842	26684	207.72	207.83	2020-10-14	4.25	3.57	-4.3	207.52416297481062
843	816560	207.46	206.53	2020-10-15	4.25	3.57	-4.3	207.4554902633724
844	1885606	206.55	205.15	2020-10-15	4.25	3.57	-4.3	205.79081557294913
845	4505659	205.18	203.35	2020-10-15	4.25	3.57	-4.3	205.71562587745507
846	395791	203.02	203.9	2020-10-15	4.25	3.57	-4.3	203.98227593021363
847	46587	203.92	203.85	2020-10-15	4.25	3.57	-4.3	203.99911235258725
848	1204677	204.02	203.02	2020-10-16	4.25	3.57	-4.3	204.2453305162739
849	2348052	202.98	201.98	2020-10-16	4.25	3.57	-4.3	203.98227593021363
850	2867290	201.99	201.22	2020-10-16	4.25	3.57	-4.3	201.2978096248598
851	152983	201.52	201.35	2020-10-16	4.25	3.57	-4.3	201.24876582592185
852	52848	201.35	201.17	2020-10-16	4.25	3.57	-4.3	201.24876582592185
853	1229658	201.55	202.63	2020-10-19	4.25	3.57	-4.3	201.23192940354824
854	1468286	202.6	202.86	2020-10-19	4.25	3.57	-4.3	202.91147110659318
855	1683081	202.87	203.84	2020-10-19	4.25	3.57	-4.3	203.98227593021363
856	315311	203.84	202.3	2020-10-19	4.25	3.57	-4.3	203.98227593021363
857	45804	202.3	202.78	2020-10-19	4.25	3.57	-4.3	202.9283075289668
858	674368	203.0	204.05	2020-10-20	4.25	3.57	-3.3	203.98227593021363
859	3964164	204.02	207.61	2020-10-20	4.25	3.57	-3.3	204.31121073758547
860	3033860	207.63	209.08	2020-10-20	4.25	3.57	-3.3	207.57320677374858
861	323384	209.08	209.25	2020-10-20	4.25	3.57	-3.3	209.68322883922153
862	96135	209.23	209.54	2020-10-20	4.25	3.57	-3.3	209.70006526159514
863	2425919	210.04	212.68	2020-10-21	4.25	3.57	-3.3	210.35909249246495
864	3641150	212.7	210.37	2020-10-21	4.25	3.57	-3.3	212.91618415493414
865	1899634	210.36	210.07	2020-10-21	4.25	3.57	-3.3	210.3190032773148
866	241657	210.11	210.3	2020-10-21	4.25	3.57	-3.3	210.33583969968842
867	42615	210.3	210.33	2020-10-21	4.25	3.57	-3.3	210.33583969968842
868	994360	209.58	210.91	2020-10-22	4.25	3.57	-3.3	209.68322883922153
869	1041071	210.91	210.61	2020-10-22	4.25	3.57	-3.3	210.3190032773148
870	2249646	210.61	209.1	2020-10-22	4.25	3.57	-3.3	210.3190032773148
871	331989	209.05	209.93	2020-10-22	4.25	3.57	-3.3	209.68322883922153
872	68885	209.91	210.21	2020-10-22	4.25	3.57	-3.3	210.33583969968842
873	957284	210.0	211.11	2020-10-23	4.25	3.57	-3.3	210.3190032773148
874	2676845	211.12	212.27	2020-10-23	4.25	3.57	-3.3	211.15352098479548
875	3475152	212.27	214.15	2020-10-23	4.25	3.57	-3.3	212.91618415493414
876	336369	213.81	214.31	2020-10-23	4.25	3.57	-3.3	213.10120061337378
877	90499	214.31	214.5	2020-10-23	4.25	3.57	-3.3	214.6018194967347
878	1289032	213.4	212.32	2020-10-26	4.25	3.57	-3.3	212.91205177387576
879	2000141	212.32	213.44	2020-10-26	4.25	3.57	-3.3	212.85030393362257
880	1972018	213.44	211.8	2020-10-26	4.25	3.57	-3.3	212.91205177387576
881	598581	211.93	211.25	2020-10-26	4.25	3.57	-3.3	212.00126693190091
882	32349	211.32	211.1	2020-10-26	4.25	3.57	-3.3	211.10447718585752
883	528577	211.5	211.05	2020-10-27	4.25	3.57	-3.3	211.0876407634839
884	3595138	211.06	207.79	2020-10-27	4.25	3.57	-3.3	210.38488349862638
885	1693389	207.78	207.88	2020-10-27	4.25	3.57	-3.3	207.507326552437
886	231672	207.89	208.01	2020-10-27	4.25	3.57	-3.3	207.98080813553523
887	59692	208.03	207.64	2020-10-27	4.25	3.57	-3.3	208.32505075121097
888	997486	206.94	205.71	2020-10-28	4.25	3.57	-3.3	207.287395456829
889	2624756	205.75	203.85	2020-10-28	4.25	3.57	-3.3	205.83090478809928
890	2706894	203.87	204.84	2020-10-28	4.25	3.57	-3.3	204.0481561515252
891	588031	205.01	205.05	2020-10-28	4.25	3.57	-3.3	205.6497456561435
892	99975	205.08	204.73	2020-10-28	4.25	3.57	-3.3	205.6665820785171
893	1040989	206.5	205.93	2020-10-29	4.25	3.57	-3.3	205.79081557294913
894	3513332	205.93	204.46	2020-10-29	4.25	3.57	-3.3	205.8566957942607
895	4093895	204.44	204.5	2020-10-29	4.25	3.57	-3.3	204.31121073758547
896	427599	204.61	206.1	2020-10-29	4.25	3.57	-3.3	204.2453305162739
897	74712	206.11	205.58	2020-10-29	4.25	3.57	-3.3	205.80765199532274
898	1099937	203.62	203.84	2020-10-30	4.25	3.57	-3.3	203.98227593021363
899	2418111	203.85	203.99	2020-10-30	4.25	3.57	-3.3	204.02236514536378
900	4202478	204.0	201.03	2020-10-30	4.25	3.57	-3.3	204.0481561515252
901	553916	201.1	200.83	2020-10-30	4.25	3.57	-3.3	201.23192940354824
902	91446	200.85	200.99	2020-10-30	4.25	3.57	-3.3	199.07781027562572
903	2018357	200.45	199.2	2020-11-02	4.25	3.67	-3.3	199.0609738532521
904	2783403	199.16	202.15	2020-11-02	4.25	3.67	-3.3	199.12685407456368
905	2863477	202.15	203.58	2020-11-02	4.25	3.67	-3.3	202.97735132790476
906	488038	204.06	204.0	2020-11-02	4.25	3.67	-3.3	204.2453305162739
907	80291	203.95	204.5	2020-11-02	4.25	3.67	-3.3	203.99911235258725
908	1214993	205.7	205.29	2020-11-03	4.25	3.67	-3.3	205.6497456561435
909	3588676	205.28	207.84	2020-11-03	4.25	3.67	-3.3	205.71562587745507
910	3225385	207.9	209.96	2020-11-03	4.25	3.67	-3.3	208.0298519344732
911	902388	210.5	208.68	2020-11-03	4.25	3.67	-3.3	210.3190032773148
912	105429	208.68	209.2	2020-11-03	4.25	3.67	-3.3	208.32505075121097
913	2465194	214.4	213.95	2020-11-05	4.25	3.67	-3.3	214.62507228951122
914	7313858	213.91	216.86	2020-11-05	4.25	3.67	-3.3	214.5710851995512
915	4473053	216.88	217.58	2020-11-05	4.25	3.67	-3.3	216.1802151831698
916	915379	218.33	216.99	2020-11-05	4.25	3.67	-3.3	218.80702543657122
917	88014	216.95	216.7	2020-11-05	4.25	3.67	-3.3	216.13117138423183
918	1748706	215.8	215.88	2020-11-06	4.25	3.67	-3.3	216.11433496185822
919	4077250	215.89	216.28	2020-11-06	4.25	3.67	-3.3	216.1802151831698
920	3228251	216.31	217.55	2020-11-06	4.25	3.67	-3.3	216.1802151831698
921	360299	217.3	217.26	2020-11-06	4.25	3.67	-3.3	218.80702543657122
922	85233	217.25	217.5	2020-11-06	4.25	3.67	-3.3	216.13117138423183
923	1763087	220.0	219.95	2020-11-09	4.25	3.67	-3.3	218.80702543657122
924	3733059	219.94	221.94	2020-11-09	4.25	3.67	-3.3	218.8729056578828
925	13917786	221.99	229.89	2020-11-09	4.25	3.67	-3.3	225.25598948794902
926	2228133	230.25	228.21	2020-11-09	4.25	3.67	-3.3	229.8065060889241
927	111610	228.22	228.05	2020-11-09	4.25	3.67	-3.3	228.02247631570563
928	2051901	227.0	227.08	2020-11-10	4.25	3.67	-3.3	227.90476251195034
929	10348846	227.05	233.56	2020-11-10	4.25	3.67	-3.3	232.44735287212984
930	9197054	233.61	237.4	2020-11-10	4.25	3.67	-3.3	236.2201888609146
931	1259569	237.5	235.8	2020-11-10	4.25	3.67	-3.3	237.6005409898414
932	102953	235.78	236.1	2020-11-10	4.25	3.67	-3.3	236.9125529710856
933	2890818	237.0	238.87	2020-11-11	4.25	3.67	-3.3	237.62633199600282
934	11141226	238.83	242.94	2020-11-11	4.25	3.67	-3.3	243.07588061614206
935	7763581	242.99	243.6	2020-11-11	4.25	3.67	-3.3	243.27716924711024
936	1541106	244.38	244.38	2020-11-11	4.25	3.67	-3.3	244.05659246530098
937	147616	244.33	244.2	2020-11-11	4.25	3.67	-3.3	244.0734288876746
938	2367288	243.31	241.68	2020-11-12	4.25	3.67	-3.3	243.66380407018838
939	5759607	241.66	244.55	2020-11-12	4.25	3.67	-3.3	241.59870831764852
940	5999302	244.58	245.07	2020-11-12	4.25	3.67	-3.3	244.5081132422994
941	819198	244.82	242.49	2020-11-12	4.25	3.67	-3.3	244.79191949319906
942	198297	242.48	242.08	2020-11-12	4.25	3.67	-3.3	241.74023663281574
943	1542285	242.01	243.89	2020-11-13	4.25	3.67	-3.3	241.72340021044212
944	4474322	243.89	239.78	2020-11-13	4.25	3.67	-3.3	244.0128794778677
945	3479496	239.8	239.79	2020-11-13	4.25	3.67	-3.3	239.08249389310387
946	996811	240.37	242.63	2020-11-13	4.25	3.67	-3.3	241.34612365708364
947	122173	242.63	242.99	2020-11-13	4.25	3.67	-3.3	242.90525130949004
948	2459771	244.14	247.74	2020-11-16	4.25	3.67	-3.3	244.05659246530098
949	3424030	247.74	246.98	2020-11-16	4.25	3.67	-3.3	248.41590241279437
950	4939122	246.99	248.0	2020-11-16	4.25	3.67	-3.3	247.16371260341165
951	431384	248.17	247.7	2020-11-16	4.25	3.67	-3.3	248.44520687953977
952	140212	247.7	247.99	2020-11-16	4.25	3.67	-3.3	248.46204330191338
953	1346979	248.0	246.05	2020-11-17	4.25	3.67	-3.3	248.44520687953977
954	4872027	246.03	244.45	2020-11-17	4.25	3.67	-3.3	245.52643645514163
955	2689457	244.45	246.58	2020-11-17	4.25	3.67	-3.3	244.0823834714624
956	509863	246.5	246.41	2020-11-17	4.25	3.67	-3.3	245.4970088553718
957	73521	246.49	245.7	2020-11-17	4.25	3.67	-3.3	245.51384527774542
958	1002662	245.1	246.29	2020-11-18	4.25	3.67	-3.3	245.33810379279853
959	1842551	246.29	245.43	2020-11-18	4.25	3.67	-3.3	245.4970088553718
960	2465558	245.4	244.18	2020-11-18	4.25	3.67	-3.3	245.33810379279853
961	516634	244.18	243.86	2020-11-18	4.25	3.67	-3.3	244.05659246530098
962	181489	243.81	242.71	2020-11-18	4.25	3.67	-3.3	244.05902036698672
963	2387167	242.5	239.08	2020-11-19	4.25	3.67	-3.3	242.88841488711643
964	4041646	239.14	239.11	2020-11-19	4.25	3.67	-3.3	239.0945883470828
965	2811107	239.12	238.8	2020-11-19	4.25	3.67	-3.3	239.0945883470828
966	383458	238.79	239.98	2020-11-19	4.25	3.67	-3.3	239.06879734092138
967	90995	239.97	240.27	2020-11-19	4.25	3.67	-3.3	239.1286347822229
968	1036568	239.58	237.97	2020-11-20	4.25	3.67	-4.7	239.06879734092138
969	2099738	237.97	238.72	2020-11-20	4.25	3.67	-4.7	237.6005409898414
970	1351626	238.74	238.0	2020-11-20	4.25	3.67	-4.7	239.06879734092138
971	271518	238.0	238.81	2020-11-20	4.25	3.67	-4.7	237.617377412215
972	120537	238.83	239.42	2020-11-20	4.25	3.67	-4.7	239.085633763295
973	1627626	240.45	243.12	2020-11-23	4.25	3.67	-4.7	241.34612365708364
974	2541451	243.19	239.9	2020-11-23	4.25	3.67	-4.7	242.88841488711643
975	2861372	239.9	238.84	2020-11-23	4.25	3.67	-4.7	239.1375893660107
976	359119	238.9	239.7	2020-11-23	4.25	3.67	-4.7	239.06879734092138
977	93660	239.7	239.7	2020-11-23	4.25	3.67	-4.7	239.1286347822229
978	894682	241.65	240.58	2020-11-24	4.25	3.67	-4.7	241.72340021044212
979	1601627	240.6	240.54	2020-11-24	4.25	3.67	-4.7	241.34612365708364
980	5132359	240.54	245.72	2020-11-24	4.25	3.67	-4.7	241.37555125685347
981	598765	246.1	246.83	2020-11-24	4.25	3.67	-4.7	245.4970088553718
982	224145	246.79	247.33	2020-11-24	4.25	3.67	-4.7	247.15112142601544
983	1866950	248.0	249.66	2020-11-25	4.25	3.67	-4.7	248.44520687953977
984	6566850	249.69	250.42	2020-11-25	4.25	3.67	-4.7	248.30120194157936
985	4053587	250.46	251.35	2020-11-25	4.25	3.67	-4.7	251.88171963948807
986	718605	251.29	251.23	2020-11-25	4.25	3.67	-4.7	252.03834292163955
987	133782	251.23	251.91	2020-11-25	4.25	3.67	-4.7	252.05517934401317
988	1441620	252.3	248.75	2020-11-26	4.25	3.67	-4.7	252.03834292163955
989	3055171	248.77	249.1	2020-11-26	4.25	3.67	-4.7	249.56020217658897
990	3101083	249.09	251.5	2020-11-26	4.25	3.67	-4.7	249.56020217658897
991	329617	251.09	250.41	2020-11-26	4.25	3.67	-4.7	252.02778895761483
992	64211	250.42	250.1	2020-11-26	4.25	3.67	-4.7	252.04462537998845
993	708796	250.3	248.74	2020-11-27	4.25	3.67	-4.7	252.02778895761483
994	1757818	248.8	249.21	2020-11-27	4.25	3.67	-4.7	249.53441117042755
995	2314258	249.21	251.18	2020-11-27	4.25	3.67	-4.7	249.53441117042755
996	305653	251.59	251.7	2020-11-27	4.25	3.67	-4.7	252.05517934401317
997	56588	251.71	251.59	2020-11-27	4.25	3.67	-4.7	252.05517934401317
998	1542874	249.72	249.87	2020-11-30	4.25	3.98	-4.7	249.53441117042755
999	3686836	249.89	247.29	2020-11-30	4.25	3.98	-4.7	249.50510670368215
1000	4970401	247.27	249.65	2020-11-30	4.25	3.98	-4.7	247.54318640758925
1001	882313	249.52	249.88	2020-11-30	4.25	3.98	-4.7	249.53441117042755
1002	131738	249.9	249.63	2020-11-30	4.25	3.98	-4.7	249.55124759280116
1003	1054274	250.75	252.5	2020-12-01	4.25	3.98	-4.7	252.02778895761483
1004	3758410	252.5	254.23	2020-12-01	4.25	3.98	-4.7	252.55102153323384
1005	7194133	254.24	259.76	2020-12-01	4.25	3.98	-4.7	255.09553340341148
1006	1045675	259.74	260.49	2020-12-01	4.25	3.98	-4.7	259.39177400273746
1007	154458	260.49	260.81	2020-12-01	4.25	3.98	-4.7	260.89282381171137
1008	1740762	260.05	260.4	2020-12-02	4.25	3.98	-4.7	259.53888720733266
1009	3240733	260.4	262.33	2020-12-02	4.25	3.98	-4.7	260.8466829225923
1010	3772372	262.33	264.99	2020-12-02	4.25	3.98	-4.7	262.05048993924504
1011	523059	264.81	264.06	2020-12-02	4.25	3.98	-4.7	265.24450592504365
1012	68194	264.1	264.06	2020-12-02	4.25	3.98	-4.7	265.26134234741727
1013	849650	264.5	263.48	2020-12-03	4.25	3.98	-4.7	265.24450592504365
1014	2703390	263.48	263.95	2020-12-03	4.25	3.98	-4.7	263.01103172829704
1015	2224256	263.95	263.94	2020-12-03	4.25	3.98	-4.7	265.24450592504365
1016	388781	263.97	263.73	2020-12-03	4.25	3.98	-4.7	265.24450592504365
1017	58007	263.73	263.14	2020-12-03	4.25	3.98	-4.7	263.0020771445092
1018	1508909	264.63	267.6	2020-12-04	4.25	3.98	-4.7	265.24450592504365
1019	4066804	267.6	269.57	2020-12-04	4.25	3.98	-4.7	266.55966174240234
1020	3438411	269.57	269.21	2020-12-04	4.25	3.98	-4.7	269.20815669010517
1021	292748	269.29	269.93	2020-12-04	4.25	3.98	-4.7	269.320772733186
1022	150782	269.93	270.0	2020-12-04	4.25	3.98	-4.7	269.45242526038567
1023	2198591	269.0	274.77	2020-12-07	4.25	3.98	-4.7	269.24888388853884
1024	3697291	274.77	275.06	2020-12-07	4.25	3.98	-4.7	274.4567488179091
1025	2792044	275.13	275.8	2020-12-07	4.25	3.98	-4.7	275.58181039119575
1026	683664	275.5	274.69	2020-12-07	4.25	3.98	-4.7	275.5560193850343
1027	107776	274.71	274.36	2020-12-07	4.25	3.98	-4.7	274.6320964482085
1028	1413977	274.5	272.56	2020-12-08	4.25	3.98	-4.7	274.61526002583486
1029	2929428	272.55	274.79	2020-12-08	4.25	3.98	-4.7	272.9412834252807
1030	3119892	274.73	275.5	2020-12-08	4.25	3.98	-4.7	274.6410510319963
1031	354734	275.49	275.3	2020-12-08	4.25	3.98	-4.7	275.5560193850343
1032	67914	275.3	275.49	2020-12-08	4.25	3.98	-4.7	275.5728558074079
1033	1501074	276.4	277.36	2020-12-09	4.25	3.98	-4.7	276.53780752491735
1034	2142812	277.32	278.07	2020-12-09	4.25	3.98	-4.7	278.0775231689014
1035	2930290	278.07	278.48	2020-12-09	4.25	3.98	-4.7	278.10331417506285
1036	649511	278.07	276.61	2020-12-09	4.25	3.98	-4.7	278.0775231689014
1037	140311	276.65	276.89	2020-12-09	4.25	3.98	-4.7	276.585359588412
1038	767225	276.55	276.78	2020-12-10	4.25	3.98	-4.7	276.5685231660384
1039	2436403	276.73	279.14	2020-12-10	4.25	3.98	-4.7	276.5685231660384
1040	3802163	279.15	281.81	2020-12-10	4.25	3.98	-4.7	279.2668972729745
1041	418737	281.5	281.29	2020-12-10	4.25	3.98	-4.7	282.639653194394
1042	141341	281.36	282.2	2020-12-10	4.25	3.98	-4.7	282.6564896167676
1043	1247971	282.5	283.37	2020-12-11	4.25	3.98	-4.7	282.639653194394
1044	3132395	283.33	282.29	2020-12-11	4.25	3.98	-4.7	283.1861581923718
1045	2650120	282.3	283.67	2020-12-11	4.25	3.98	-4.7	282.66544420055544
1046	436930	283.53	283.8	2020-12-11	4.25	3.98	-4.7	283.16036718621035
1047	142779	283.85	283.73	2020-12-11	4.25	3.98	-4.7	283.429071240685
1048	2584673	285.01	286.26	2020-12-14	4.25	3.98	-4.7	286.69240953806747
1049	3611783	286.26	286.64	2020-12-14	4.25	3.98	-4.7	286.5338983301417
1050	4576224	286.62	279.04	2020-12-14	4.25	3.98	-4.7	286.4171334787604
1051	658979	278.61	280.09	2020-12-14	4.25	3.98	-4.7	279.2323318452864
1052	112532	280.1	279.95	2020-12-14	4.25	3.98	-4.7	279.66022116843044
1053	1042281	278.53	278.5	2020-12-15	4.25	3.98	-4.7	279.2323318452864
1054	2820973	278.44	280.98	2020-12-15	4.25	3.98	-4.7	279.25812285144787
1055	4079088	280.99	276.47	2020-12-15	4.25	3.98	-4.7	279.5813361112444
1056	395320	276.51	278.32	2020-12-15	4.25	3.98	-4.7	276.5685231660384
1057	81659	278.32	278.7	2020-12-15	4.25	3.98	-4.7	278.094359591275
1058	1081372	278.0	278.1	2020-12-16	4.25	3.98	-4.7	278.0775231689014
1059	1892433	278.14	277.74	2020-12-16	4.25	3.98	-4.7	278.0775231689014
1060	2181816	277.77	278.35	2020-12-16	4.25	3.98	-4.7	278.0775231689014
1061	258268	278.12	278.08	2020-12-16	4.25	3.98	-4.7	278.094359591275
1062	61007	278.08	278.35	2020-12-16	4.25	3.98	-4.7	278.094359591275
1063	2199568	279.81	284.84	2020-12-17	4.25	3.98	-4.7	279.6433847460568
1064	2677974	284.78	280.2	2020-12-17	4.25	3.98	-4.7	283.43802582447285
1065	4060662	280.2	278.16	2020-12-17	4.25	3.98	-4.7	279.36810868674974
1066	213220	278.45	278.79	2020-12-17	4.25	3.98	-4.7	279.24916826766
1067	62431	278.79	278.5	2020-12-17	4.25	3.98	-4.7	279.5590097546552
1068	2061038	277.22	273.73	2020-12-18	4.25	3.98	-3.7	276.5685231660384
1069	3469652	273.76	272.41	2020-12-18	4.25	3.98	-3.7	273.0892353149756
1070	3650234	272.48	271.15	2020-12-18	4.25	3.98	-3.7	272.7569812111935
1071	680339	270.64	270.58	2020-12-18	4.25	3.98	-3.7	271.2667122197709
1072	65921	270.58	270.16	2020-12-18	4.25	3.98	-3.7	271.2835486421445
1073	2311562	266.2	265.3	2020-12-21	4.25	3.98	-3.7	265.77338975238865
1074	4804419	265.3	262.27	2020-12-21	4.25	3.98	-3.7	265.1571686734321
1075	3822250	262.22	259.89	2020-12-21	4.25	3.98	-3.7	261.9337250878637
1076	1001557	260.1	262.3	2020-12-21	4.25	3.98	-3.7	259.53888720733266
1077	112007	262.3	261.79	2020-12-21	4.25	3.98	-3.7	262.0966308283641
1078	1698406	259.55	262.0	2020-12-22	4.25	3.98	-3.7	259.39177400273746
1079	4496044	262.0	263.69	2020-12-22	4.25	3.98	-3.7	261.9337250878637
1080	3619195	263.7	262.92	2020-12-22	4.25	3.98	-3.7	262.95593625539016
1081	647857	262.6	262.4	2020-12-22	4.25	3.98	-3.7	262.9852407221356
1082	87546	262.44	262.04	2020-12-22	4.25	3.98	-3.7	262.5084380194029
1083	1135161	262.25	263.35	2020-12-23	4.25	3.98	-3.7	262.07979440599047
1084	1362968	263.3	263.25	2020-12-23	4.25	3.98	-3.7	262.9852407221356
1085	3216416	263.23	268.83	2020-12-23	4.25	3.98	-3.7	263.01103172829704
1086	956814	269.22	268.97	2020-12-23	4.25	3.98	-3.7	269.24888388853884
1087	122520	268.95	270.1	2020-12-23	4.25	3.98	-3.7	268.7965086584941
1088	1160742	271.98	271.77	2020-12-24	4.25	3.98	-3.7	271.2667122197709
1089	2002334	271.77	269.43	2020-12-24	4.25	3.98	-3.7	271.2667122197709
1090	830493	269.43	269.12	2020-12-24	4.25	3.98	-3.7	269.3039363108124
1091	196763	269.1	269.98	2020-12-24	4.25	3.98	-3.7	269.26572031091246
1092	70354	269.98	269.32	2020-12-24	4.25	3.98	-3.7	269.45242526038567
1093	231373	269.97	269.55	2020-12-25	4.25	3.98	-3.7	269.45242526038567
1094	265181	269.55	269.42	2020-12-25	4.25	3.98	-3.7	269.320772733186
1095	542100	269.43	270.7	2020-12-25	4.25	3.98	-3.7	269.3039363108124
1096	108309	270.69	270.45	2020-12-25	4.25	3.98	-3.7	271.2835486421445
1097	52012	270.5	270.64	2020-12-25	4.25	3.98	-3.7	271.2835486421445
1098	798822	270.9	271.29	2020-12-28	4.25	3.98	-3.7	271.2667122197709
1099	1037688	271.35	270.55	2020-12-28	4.25	3.98	-3.7	271.2667122197709
1100	1750793	270.56	274.3	2020-12-28	4.25	3.98	-3.7	271.2667122197709
1101	266979	274.29	274.6	2020-12-28	4.25	3.98	-3.7	274.36568747332024
1102	50061	274.6	274.7	2020-12-28	4.25	3.98	-3.7	274.6320964482085
1103	785384	275.91	275.72	2020-12-29	4.25	3.98	-3.7	275.5560193850343
1104	1744484	275.76	274.15	2020-12-29	4.25	3.98	-3.7	275.5560193850343
1105	1034682	274.13	272.74	2020-12-29	4.25	3.98	-3.7	274.3488510509466
1106	296882	272.77	271.93	2020-12-29	4.25	3.98	-3.7	272.93232884149285
1107	40729	271.99	272.0	2020-12-29	4.25	3.98	-3.7	271.2835486421445
1108	514576	272.49	272.6	2020-12-30	4.25	3.98	-3.7	272.91549241911923
1109	1056902	272.6	272.22	2020-12-30	4.25	3.98	-3.7	272.91549241911923
1110	1289558	272.22	271.1	2020-12-30	4.25	3.98	-3.7	271.2667122197709
1111	210875	271.1	271.3	2020-12-30	4.25	3.98	-3.7	271.2835486421445
1112	81155	271.37	271.65	2020-12-30	4.25	3.98	-3.7	271.2835486421445
1113	534073	274.67	273.94	2021-01-04	4.25	4.42	-3.7	274.61526002583486
1114	1750158	273.99	275.68	2021-01-04	4.25	4.42	-3.7	274.3488510509466
1115	1713262	275.68	276.0	2021-01-04	4.25	4.42	-3.7	275.5560193850343
1116	833594	275.5	272.2	2021-01-04	4.25	4.42	-3.7	275.5560193850343
1117	61205	272.16	272.0	2021-01-04	4.25	4.42	-3.7	271.2835486421445
1118	712175	272.69	270.65	2021-01-05	4.25	4.42	-3.7	272.91549241911923
1119	1333481	270.65	272.71	2021-01-05	4.25	4.42	-3.7	271.2667122197709
1120	2107073	272.79	273.82	2021-01-05	4.25	4.42	-3.7	272.91549241911923
1121	325277	273.97	275.27	2021-01-05	4.25	4.42	-3.7	274.3488510509466
1122	80385	275.27	275.2	2021-01-05	4.25	4.42	-3.7	275.5728558074079
1123	560017	275.94	274.12	2021-01-06	4.25	4.42	-3.7	275.5560193850343
1124	1370175	274.13	273.44	2021-01-06	4.25	4.42	-3.7	274.3488510509466
1125	1702302	273.42	274.68	2021-01-06	4.25	4.42	-3.7	273.18501493568283
1126	389955	274.2	272.93	2021-01-06	4.25	4.42	-3.7	274.3488510509466
1127	72403	272.93	272.93	2021-01-06	4.25	4.42	-3.7	272.93232884149285
1128	1244073	275.11	276.78	2021-01-08	4.25	4.42	-3.7	275.5560193850343
1129	4266918	276.76	282.54	2021-01-08	4.25	4.42	-3.7	276.2932471067313
1130	2832595	282.52	282.08	2021-01-08	4.25	4.42	-3.7	282.66544420055544
1131	414909	282.47	283.38	2021-01-08	4.25	4.42	-3.7	282.639653194394
1132	134294	283.44	283.64	2021-01-08	4.25	4.42	-3.7	283.17720360858397
1133	1082178	282.86	282.8	2021-01-11	4.25	4.42	-3.7	282.73395795422977
1134	4514687	282.8	289.77	2021-01-11	4.25	4.42	-3.7	282.4586818949227
1135	5182400	289.77	288.85	2021-01-11	4.25	4.42	-3.7	289.44046618238434
1136	410450	289.0	289.37	2021-01-11	4.25	4.42	-3.7	289.6570101751762
1137	45237	289.37	289.49	2021-01-11	4.25	4.42	-3.7	289.6738465975498
1138	2286754	290.88	294.62	2021-01-12	4.25	4.42	-3.7	290.84699388442476
1139	2568840	294.64	292.32	2021-01-12	4.25	4.42	-3.7	294.7406967993083
1140	2558134	292.31	288.45	2021-01-12	4.25	4.42	-3.7	292.19105549749753
1141	401745	288.44	289.56	2021-01-12	4.25	4.42	-3.7	289.6570101751762
1142	80763	289.56	289.99	2021-01-12	4.25	4.42	-3.7	289.6738465975498
1143	1175314	291.01	287.97	2021-01-13	4.25	4.42	-3.7	290.84699388442476
1144	2990159	287.97	286.21	2021-01-13	4.25	4.42	-3.7	286.7182005442289
1145	2140600	286.18	283.66	2021-01-13	4.25	4.42	-3.7	286.69240953806747
1146	375459	283.47	284.56	2021-01-13	4.25	4.42	-3.7	283.16036718621035
1147	74376	284.56	283.78	2021-01-13	4.25	4.42	-3.7	283.429071240685
1148	1815326	284.0	281.39	2021-01-14	4.25	4.42	-3.7	283.4122348183114
1149	3165091	281.39	286.3	2021-01-14	4.25	4.42	-3.7	282.66544420055544
1150	2119325	286.3	284.28	2021-01-14	4.25	4.42	-3.7	286.69240953806747
1151	297992	284.26	284.99	2021-01-14	4.25	4.42	-3.7	283.429071240685
1152	69636	284.94	284.79	2021-01-14	4.25	4.42	-3.7	283.429071240685
1153	813097	282.55	284.13	2021-01-15	4.25	4.42	-3.7	282.73395795422977
1154	2262368	284.13	281.75	2021-01-15	4.25	4.42	-3.7	283.4122348183114
1155	3798250	281.74	276.82	2021-01-15	4.25	4.42	-3.7	282.3643771350869
1156	406305	276.9	277.09	2021-01-15	4.25	4.42	-3.7	276.5685231660384
1157	97467	277.09	276.9	2021-01-15	4.25	4.42	-3.7	276.585359588412
1158	1495605	275.72	273.9	2021-01-18	4.25	4.42	-3.7	275.5560193850343
1159	3490401	273.93	279.6	2021-01-18	4.25	4.42	-3.7	274.2530714302394
1160	2034974	279.64	280.95	2021-01-18	4.25	4.42	-3.7	279.6433847460568
1161	318557	280.05	279.73	2021-01-18	4.25	4.42	-3.7	279.6433847460568
1162	54028	279.73	279.79	2021-01-18	4.25	4.42	-3.7	279.66022116843044
1163	1222976	280.98	281.85	2021-01-19	4.25	4.42	-3.7	279.8566121705515
1164	1858473	281.86	280.89	2021-01-19	4.25	4.42	-3.7	282.639653194394
1165	2078600	281.0	277.09	2021-01-19	4.25	4.42	-3.7	279.8566121705515
1166	396726	277.05	277.9	2021-01-19	4.25	4.42	-3.7	276.5685231660384
1167	43107	277.9	278.19	2021-01-19	4.25	4.42	-3.7	278.094359591275
1168	695803	278.62	278.54	2021-01-20	4.25	4.42	-3.7	279.2323318452864
1169	1436298	278.6	278.97	2021-01-20	4.25	4.42	-3.7	279.2323318452864
1170	2238531	279.03	278.8	2021-01-20	4.25	4.42	-3.7	279.5421733322816
1171	340886	278.71	279.6	2021-01-20	4.25	4.42	-3.7	279.2323318452864
1172	82580	279.6	279.8	2021-01-20	4.25	4.42	-3.7	279.66022116843044
1173	727235	280.75	280.11	2021-01-21	4.25	4.42	-3.7	279.8566121705515
1174	4994293	280.1	274.32	2021-01-21	4.25	4.42	-3.7	279.42684075326497
1175	2299959	274.32	275.75	2021-01-21	4.25	4.42	-3.7	274.3488510509466
1176	293854	275.52	274.99	2021-01-21	4.25	4.42	-3.7	275.5728558074079
1177	64220	275.0	274.4	2021-01-21	4.25	4.42	-3.7	274.6320964482085
1178	1220292	273.0	272.06	2021-01-22	4.25	4.42	-3.7	272.91549241911923
1179	4645951	272.06	267.74	2021-01-22	4.25	4.42	-3.7	270.74618716772176
1180	2494427	267.74	267.5	2021-01-22	4.25	4.42	-3.7	268.77967223612046
1181	272434	267.61	268.51	2021-01-22	4.25	4.42	-3.7	266.7890426368645
1182	67635	268.5	268.25	2021-01-22	4.25	4.42	-3.7	268.7965086584941
1183	1664987	271.0	272.48	2021-01-25	4.25	4.42	-3.7	271.2667122197709
1184	3667028	272.48	269.07	2021-01-25	4.25	4.42	-3.7	272.7569812111935
1185	5259751	269.07	265.19	2021-01-25	4.25	4.42	-3.7	269.0950714829655
1186	746241	262.6	265.19	2021-01-25	4.25	4.42	-3.7	262.9852407221356
1187	95088	265.18	265.3	2021-01-25	4.25	4.42	-3.7	265.26134234741727
1188	1373977	262.7	264.56	2021-01-26	4.25	4.42	-3.7	262.9852407221356
1189	3123475	264.56	268.58	2021-01-26	4.25	4.42	-3.7	265.2702969312051
1190	2545292	268.58	268.27	2021-01-26	4.25	4.42	-3.7	268.77967223612046
1191	390124	268.17	269.0	2021-01-26	4.25	4.42	-3.7	268.77967223612046
1192	89944	269.0	269.34	2021-01-26	4.25	4.42	-3.7	269.26572031091246
1193	1096033	270.07	269.93	2021-01-27	4.25	4.42	-3.7	269.43558883801205
1194	4200371	269.87	270.12	2021-01-27	4.25	4.42	-3.7	269.16031277870496
1195	4114702	270.16	266.84	2021-01-27	4.25	4.42	-3.7	269.16031277870496
1196	468583	266.6	266.0	2021-01-27	4.25	4.42	-3.7	265.77338975238865
1197	129637	266.02	265.5	2021-01-27	4.25	4.42	-3.7	265.79022617476227
1198	1652321	263.5	262.77	2021-01-28	4.25	4.42	-3.7	262.9852407221356
1199	2622662	262.76	263.06	2021-01-28	4.25	4.42	-3.7	262.9852407221356
1200	3340615	263.05	264.68	2021-01-28	4.25	4.42	-3.7	262.95593625539016
1201	426927	265.0	265.89	2021-01-28	4.25	4.42	-3.7	265.24450592504365
1202	82804	265.86	265.96	2021-01-28	4.25	4.42	-3.7	265.26134234741727
1203	1817198	263.77	262.21	2021-01-29	4.25	4.42	-3.7	262.9852407221356
1204	3642866	262.16	261.4	2021-01-29	4.25	4.42	-3.7	262.05048993924504
1205	5609406	261.47	258.42	2021-01-29	4.25	4.42	-3.7	260.85872266019635
1206	796049	258.42	258.19	2021-01-29	4.25	4.42	-3.7	259.39177400273746
1207	146852	258.19	258.11	2021-01-29	4.25	4.42	-3.7	259.4086104251111
1208	1662913	260.0	260.86	2021-02-01	4.25	4.91	-3.7	259.53888720733266
1209	2162640	260.84	262.05	2021-02-01	4.25	4.91	-3.7	260.87598738933775
1210	1966011	262.03	262.24	2021-02-01	4.25	4.91	-3.7	262.07979440599047
1211	352081	262.09	263.73	2021-02-01	4.25	4.91	-3.7	262.07979440599047
1212	169395	263.74	263.8	2021-02-01	4.25	4.91	-3.7	263.0020771445092
1213	1470885	265.0	264.4	2021-02-02	4.25	4.91	-3.7	265.24450592504365
1214	2520515	264.31	265.2	2021-02-02	4.25	4.91	-3.7	265.24450592504365
1215	2423078	265.2	267.0	2021-02-02	4.25	4.91	-3.7	265.24450592504365
1216	1387088	267.01	263.6	2021-02-02	4.25	4.91	-3.7	266.7722062144909
1217	150216	263.6	263.15	2021-02-02	4.25	4.91	-3.7	263.0020771445092
1218	986572	264.32	265.4	2021-02-03	4.25	4.91	-3.7	265.24450592504365
1219	2979714	265.4	264.57	2021-02-03	4.25	4.91	-3.7	265.2702969312051
1220	3179400	264.57	261.55	2021-02-03	4.25	4.91	-3.7	265.2702969312051
1221	524217	261.6	263.24	2021-02-03	4.25	4.91	-3.7	261.1001794043713
1222	94965	263.24	263.53	2021-02-03	4.25	4.91	-3.7	263.0020771445092
1223	1224979	263.21	264.62	2021-02-04	4.25	4.91	-3.7	262.9852407221356
1224	3197368	264.6	265.88	2021-02-04	4.25	4.91	-3.7	265.2702969312051
1225	2836618	265.91	268.34	2021-02-04	4.25	4.91	-3.7	265.7991807585501
1226	369325	268.2	269.58	2021-02-04	4.25	4.91	-3.7	268.77967223612046
1227	264639	269.58	270.11	2021-02-04	4.25	4.91	-3.7	269.320772733186
1228	2338574	271.99	269.8	2021-02-05	4.25	4.91	-3.7	271.2667122197709
1229	2589617	269.78	269.73	2021-02-05	4.25	4.91	-3.7	269.43558883801205
1230	1893788	269.73	271.55	2021-02-05	4.25	4.91	-3.7	269.43558883801205
1231	264360	271.41	271.27	2021-02-05	4.25	4.91	-3.7	271.2835486421445
1232	94268	271.26	271.7	2021-02-05	4.25	4.91	-3.7	271.2835486421445
1233	1455032	273.01	275.0	2021-02-08	4.25	4.91	-3.7	273.18501493568283
1234	1421914	275.0	273.7	2021-02-08	4.25	4.91	-3.7	274.61526002583486
1235	1779031	273.7	274.77	2021-02-08	4.25	4.91	-3.7	273.18501493568283
1236	409527	274.4	275.11	2021-02-08	4.25	4.91	-3.7	274.61526002583486
1237	122335	275.13	275.2	2021-02-08	4.25	4.91	-3.7	275.5728558074079
1238	957716	275.99	274.32	2021-02-09	4.25	4.91	-3.7	275.5560193850343
1239	4353382	274.3	270.11	2021-02-09	4.25	4.91	-3.7	274.07357499163953
1240	3344514	270.09	267.91	2021-02-09	4.25	4.91	-3.7	269.33980921730483
1241	459347	267.77	268.74	2021-02-09	4.25	4.91	-3.7	268.77967223612046
1242	77192	268.77	268.98	2021-02-09	4.25	4.91	-3.7	268.7965086584941
1243	1169055	269.28	269.89	2021-02-10	4.25	4.91	-3.7	269.3039363108124
1244	2316709	269.78	268.73	2021-02-10	4.25	4.91	-3.7	269.43558883801205
1245	2325424	268.73	265.53	2021-02-10	4.25	4.91	-3.7	268.77967223612046
1246	396491	266.36	267.1	2021-02-10	4.25	4.91	-3.7	265.77338975238865
1247	101070	267.1	265.9	2021-02-10	4.25	4.91	-3.7	266.7890426368645
1248	821940	265.5	264.82	2021-02-11	4.25	4.91	-3.7	265.24450592504365
1249	1444966	264.9	264.29	2021-02-11	4.25	4.91	-3.7	265.24450592504365
1250	1246137	264.29	265.1	2021-02-11	4.25	4.91	-3.7	265.24450592504365
1251	298897	265.1	264.9	2021-02-11	4.25	4.91	-3.7	265.26134234741727
1252	55040	264.89	264.7	2021-02-11	4.25	4.91	-3.7	265.26134234741727
1253	846984	264.0	262.26	2021-02-12	4.25	4.91	-3.7	265.24450592504365
1254	3520827	262.17	260.35	2021-02-12	4.25	4.91	-3.7	262.05048993924504
1255	2537901	260.28	264.0	2021-02-12	4.25	4.91	-3.7	259.53888720733266
1256	1168943	264.31	265.38	2021-02-12	4.25	4.91	-3.7	265.24450592504365
1257	91198	265.31	266.0	2021-02-12	4.25	4.91	-3.7	265.26134234741727
1258	1234242	268.49	268.0	2021-02-15	4.25	4.91	-3.7	268.77967223612046
1259	1773139	267.93	268.59	2021-02-15	4.25	4.91	-3.7	268.77967223612046
1260	2097310	268.63	270.18	2021-02-15	4.25	4.91	-3.7	268.77967223612046
1261	478937	270.69	271.44	2021-02-15	4.25	4.91	-3.7	271.2667122197709
1262	110903	271.43	271.81	2021-02-15	4.25	4.91	-3.7	271.2835486421445
1263	1276661	272.3	269.52	2021-02-16	4.25	4.91	-3.7	271.2667122197709
1264	2220317	269.48	269.8	2021-02-16	4.25	4.91	-3.7	269.3039363108124
1265	2427275	269.78	271.25	2021-02-16	4.25	4.91	-3.7	269.43558883801205
1266	303700	271.0	271.2	2021-02-16	4.25	4.91	-3.7	271.2835486421445
1267	82364	271.2	270.9	2021-02-16	4.25	4.91	-3.7	271.2835486421445
1268	597743	270.99	270.76	2021-02-17	4.25	4.91	-3.7	271.2667122197709
1269	3007103	270.75	273.66	2021-02-17	4.25	4.91	-3.7	271.29250322593236
1270	3537954	273.67	268.94	2021-02-17	4.25	4.91	-3.7	273.0265037277571
1271	646755	269.02	270.41	2021-02-17	4.25	4.91	-3.7	269.24888388853884
1272	120830	270.47	270.9	2021-02-17	4.25	4.91	-3.7	271.2835486421445
1273	862028	270.35	269.15	2021-02-18	4.25	4.91	-2.4	269.43558883801205
1274	1951799	269.16	270.3	2021-02-18	4.25	4.91	-2.4	269.24888388853884
1275	2614476	270.36	266.51	2021-02-18	4.25	4.91	-2.4	269.43558883801205
1276	381556	267.89	267.53	2021-02-18	4.25	4.91	-2.4	268.77967223612046
1277	63110	267.5	266.99	2021-02-18	4.25	4.91	-2.4	266.7890426368645
1278	1073103	266.12	264.86	2021-02-19	4.25	4.91	-2.4	265.77338975238865
1279	2179222	264.91	266.98	2021-02-19	4.25	4.91	-2.4	265.24450592504365
1280	2191470	266.98	271.35	2021-02-19	4.25	4.91	-2.4	266.7722062144909
1281	430398	271.82	270.4	2021-02-19	4.25	4.91	-2.4	271.2667122197709
1282	52662	270.48	271.34	2021-02-19	4.25	4.91	-2.4	271.2835486421445
1283	323278	271.0	269.27	2021-02-20	4.25	4.91	-2.4	271.2667122197709
1284	282762	269.27	269.72	2021-02-20	4.25	4.91	-2.4	269.320772733186
1285	210022	269.71	270.51	2021-02-20	4.25	4.91	-2.4	269.45242526038567
1286	48506	270.53	270.41	2021-02-20	4.25	4.91	-2.4	271.2835486421445
1287	11757	270.42	270.51	2021-02-20	4.25	4.91	-2.4	271.2835486421445
1288	744882	270.1	269.21	2021-02-22	4.25	4.91	-2.4	269.43558883801205
1289	1400896	269.31	270.44	2021-02-22	4.25	4.91	-2.4	269.3039363108124
1290	2091485	270.43	273.0	2021-02-22	4.25	4.91	-2.4	271.2667122197709
1291	520755	273.25	273.59	2021-02-22	4.25	4.91	-2.4	273.18501493568283
1292	54959	273.6	273.71	2021-02-22	4.25	4.91	-2.4	273.20185135805644
1293	1504917	272.12	270.54	2021-02-24	4.25	4.91	-2.4	271.2667122197709
1294	2691012	270.54	271.49	2021-02-24	4.25	4.91	-2.4	271.29250322593236
1295	1767520	271.49	269.79	2021-02-24	4.25	4.91	-2.4	271.2667122197709
1296	399087	270.0	271.41	2021-02-24	4.25	4.91	-2.4	269.43558883801205
1297	56496	271.42	271.9	2021-02-24	4.25	4.91	-2.4	271.2835486421445
1298	632875	273.6	272.86	2021-02-25	4.25	4.91	-2.4	273.18501493568283
1299	3384052	272.86	273.1	2021-02-25	4.25	4.91	-2.4	272.819712798412
1300	2977922	273.01	275.19	2021-02-25	4.25	4.91	-2.4	273.2108059418443
1301	730458	275.0	272.83	2021-02-25	4.25	4.91	-2.4	274.61526002583486
1302	246294	272.79	270.71	2021-02-25	4.25	4.91	-2.4	272.93232884149285
1303	1601512	268.0	269.05	2021-02-26	4.25	4.91	-2.4	268.77967223612046
1304	2244304	269.05	269.15	2021-02-26	4.25	4.91	-2.4	269.24888388853884
1305	3150048	269.02	270.03	2021-02-26	4.25	4.91	-2.4	269.2746748947003
1306	423453	270.03	269.68	2021-02-26	4.25	4.91	-2.4	269.43558883801205
1307	69888	269.68	270.17	2021-02-26	4.25	4.91	-2.4	269.45242526038567
1308	707861	273.0	271.86	2021-03-01	4.25	4.91	-2.4	272.91549241911923
1309	1012404	271.78	271.7	2021-03-01	4.25	4.91	-2.4	271.2667122197709
1310	1578013	271.75	274.27	2021-03-01	4.25	4.91	-2.4	271.2667122197709
1311	264958	273.85	273.83	2021-03-01	4.25	4.91	-2.4	274.36568747332024
1312	32965	273.91	273.58	2021-03-01	4.25	4.91	-2.4	274.36568747332024
1313	590498	271.89	272.34	2021-03-02	4.25	4.91	-2.4	271.2667122197709
1314	2702398	272.34	277.15	2021-03-02	4.25	4.91	-2.4	272.9412834252807
1315	3381778	277.15	279.2	2021-03-02	4.25	4.91	-2.4	276.4727435453312
1316	411768	279.2	279.0	2021-03-02	4.25	4.91	-2.4	279.5421733322816
1317	70194	279.0	279.1	2021-03-02	4.25	4.91	-2.4	279.5590097546552
1318	1379808	281.7	281.04	2021-03-03	4.25	4.91	-2.4	282.639653194394
1319	1927290	281.01	283.63	2021-03-03	4.25	4.91	-2.4	282.639653194394
1320	2536902	283.64	278.88	2021-03-03	4.25	4.91	-2.4	283.16036718621035
1321	505780	279.11	278.3	2021-03-03	4.25	4.91	-2.4	279.5421733322816
1322	77741	278.24	278.01	2021-03-03	4.25	4.91	-2.4	278.094359591275
1323	1113256	278.5	277.81	2021-03-04	4.25	4.91	-2.4	279.2323318452864
1324	2568643	277.89	276.89	2021-03-04	4.25	4.91	-2.4	278.0775231689014
1325	3466995	276.92	279.84	2021-03-04	4.25	4.91	-2.4	276.4727435453312
1326	1642734	280.43	275.53	2021-03-04	4.25	4.91	-2.4	279.8566121705515
1327	407509	275.54	274.75	2021-03-04	4.25	4.91	-2.4	275.5560193850343
1328	1132835	276.0	278.13	2021-03-05	4.25	4.91	-2.4	276.3864374916454
1329	2874397	278.2	274.25	2021-03-05	4.25	4.91	-2.4	278.10331417506285
1330	3783481	274.26	275.44	2021-03-05	4.25	4.91	-2.4	274.19033984302087
1331	459301	275.02	276.99	2021-03-05	4.25	4.91	-2.4	275.5560193850343
1332	105097	277.0	277.5	2021-03-05	4.25	4.91	-2.4	276.585359588412
1333	1290982	278.8	280.93	2021-03-09	4.25	4.91	-2.4	279.5421733322816
1334	3160801	280.9	284.54	2021-03-09	4.25	4.91	-2.4	279.88240317671296
1335	2460192	284.55	284.72	2021-03-09	4.25	4.91	-2.4	283.4122348183114
1336	288290	284.81	285.64	2021-03-09	4.25	4.91	-2.4	283.429071240685
1337	78553	285.63	285.79	2021-03-09	4.25	4.91	-2.4	286.7092459604411
1338	789065	285.24	284.39	2021-03-10	4.25	4.91	-2.4	286.69240953806747
1339	2604210	284.39	283.52	2021-03-10	4.25	4.91	-2.4	283.4122348183114
1340	1687118	283.56	281.66	2021-03-10	4.25	4.91	-2.4	283.16036718621035
1341	387158	281.04	283.04	2021-03-10	4.25	4.91	-2.4	282.639653194394
1342	47967	282.99	282.24	2021-03-10	4.25	4.91	-2.4	282.7507943766034
1343	738892	283.84	284.12	2021-03-11	4.25	4.91	-2.4	283.4122348183114
1344	1605180	284.1	283.4	2021-03-11	4.25	4.91	-2.4	283.4122348183114
1345	1941904	283.32	285.48	2021-03-11	4.25	4.91	-2.4	283.16036718621035
1346	397643	285.76	285.6	2021-03-11	4.25	4.91	-2.4	286.69240953806747
1347	52899	285.6	286.0	2021-03-11	4.25	4.91	-2.4	286.7092459604411
1348	489012	286.3	285.0	2021-03-12	4.25	4.91	-2.4	286.69240953806747
1349	2100347	285.0	284.98	2021-03-12	4.25	4.91	-2.4	283.4122348183114
1350	2100964	284.93	285.7	2021-03-12	4.25	4.91	-2.4	283.4122348183114
1351	412559	285.12	285.07	2021-03-12	4.25	4.91	-2.4	286.69240953806747
1352	51137	285.08	284.93	2021-03-12	4.25	4.91	-2.4	286.7092459604411
1353	696375	286.05	286.89	2021-03-15	4.25	4.91	-2.4	286.69240953806747
1354	3651476	286.9	291.33	2021-03-15	4.25	4.91	-2.4	286.5338983301417
1355	2099073	291.34	291.19	2021-03-15	4.25	4.91	-2.4	290.84699388442476
1356	261968	291.25	292.33	2021-03-15	4.25	4.91	-2.4	290.8638303067984
1357	71682	292.31	292.74	2021-03-15	4.25	4.91	-2.4	292.20789191987114
1358	859666	293.06	291.7	2021-03-16	4.25	4.91	-2.4	292.19105549749753
1359	2389406	291.73	290.8	2021-03-16	4.25	4.91	-2.4	290.84699388442476
1360	1688808	290.8	293.3	2021-03-16	4.25	4.91	-2.4	290.84699388442476
1361	407694	293.3	292.22	2021-03-16	4.25	4.91	-2.4	292.19105549749753
1362	46599	292.22	292.33	2021-03-16	4.25	4.91	-2.4	292.20789191987114
1363	733850	292.35	289.86	2021-03-17	4.25	4.91	-2.4	292.19105549749753
1364	4618715	289.94	284.34	2021-03-17	4.25	4.91	-2.4	289.13648512312704
1365	4597545	284.37	281.3	2021-03-17	4.25	4.91	-2.4	283.1369587590043
1366	959382	281.5	283.98	2021-03-17	4.25	4.91	-2.4	282.639653194394
1367	119741	284.05	283.35	2021-03-17	4.25	4.91	-2.4	283.429071240685
1368	1264110	284.04	284.4	2021-03-18	4.25	4.91	-2.4	283.4122348183114
1369	2302533	284.38	281.7	2021-03-18	4.25	4.91	-2.4	283.4122348183114
1370	2846283	281.7	283.45	2021-03-18	4.25	4.91	-2.4	282.66544420055544
1371	831412	283.5	279.45	2021-03-18	4.25	4.91	-2.4	283.16036718621035
1372	168536	279.45	279.25	2021-03-18	4.25	4.91	-2.4	279.66022116843044
1373	889799	279.0	281.0	2021-03-19	4.25	4.91	-2.8	279.5421733322816
1374	3193355	281.01	285.23	2021-03-19	4.25	4.91	-2.8	282.66544420055544
1375	3866434	285.23	284.32	2021-03-19	4.25	4.91	-2.8	286.4171334787604
1376	399693	284.48	285.03	2021-03-19	4.25	4.91	-2.8	283.4122348183114
1377	75662	285.03	285.47	2021-03-19	4.25	4.91	-2.8	286.7092459604411
1378	783867	285.0	284.28	2021-03-22	4.5	4.91	-2.8	283.4122348183114
1379	3173128	284.33	289.07	2021-03-22	4.5	4.91	-2.8	283.43802582447285
1380	1909378	289.15	289.05	2021-03-22	4.5	4.91	-2.8	289.6570101751762
1381	302373	289.53	288.43	2021-03-22	4.5	4.91	-2.8	289.6738465975498
1382	107495	288.42	288.65	2021-03-22	4.5	4.91	-2.8	289.6738465975498
1383	1322421	287.56	286.96	2021-03-23	4.5	4.91	-2.8	286.69240953806747
1384	3158904	286.99	283.85	2021-03-23	4.5	4.91	-2.8	286.7182005442289
1385	1816391	283.85	283.03	2021-03-23	4.5	4.91	-2.8	283.4122348183114
1386	701101	283.03	282.66	2021-03-23	4.5	4.91	-2.8	282.73395795422977
1387	77246	282.63	282.6	2021-03-23	4.5	4.91	-2.8	282.7507943766034
1388	692022	283.4	284.92	2021-03-24	4.5	4.91	-2.8	283.16036718621035
1389	1901408	284.99	284.17	2021-03-24	4.5	4.91	-2.8	283.4122348183114
1390	1396545	284.13	286.6	2021-03-24	4.5	4.91	-2.8	283.4122348183114
1391	589788	286.9	285.64	2021-03-24	4.5	4.91	-2.8	286.69240953806747
1392	61360	285.69	285.79	2021-03-24	4.5	4.91	-2.8	286.7092459604411
1393	659346	286.5	284.7	2021-03-25	4.5	4.91	-2.8	286.69240953806747
1394	1066229	284.66	284.93	2021-03-25	4.5	4.91	-2.8	283.4122348183114
1395	1449484	284.85	285.17	2021-03-25	4.5	4.91	-2.8	283.4122348183114
1396	305856	285.48	286.33	2021-03-25	4.5	4.91	-2.8	286.7092459604411
1397	40747	286.42	286.66	2021-03-25	4.5	4.91	-2.8	286.7092459604411
1398	2462705	288.63	291.8	2021-03-26	4.5	4.91	-2.8	289.6570101751762
1399	1624581	291.82	290.12	2021-03-26	4.5	4.91	-2.8	290.84699388442476
1400	1010910	290.1	288.9	2021-03-26	4.5	4.91	-2.8	289.6808221184041
1401	362555	288.88	291.07	2021-03-26	4.5	4.91	-2.8	289.6570101751762
1402	146535	291.0	291.22	2021-03-26	4.5	4.91	-2.8	290.8638303067984
1403	1130047	289.72	292.74	2021-03-29	4.5	4.91	-2.8	289.6570101751762
1404	1598718	292.75	293.44	2021-03-29	4.5	4.91	-2.8	292.19105549749753
1405	1331833	293.44	293.0	2021-03-29	4.5	4.91	-2.8	292.19105549749753
1406	243764	292.89	293.23	2021-03-29	4.5	4.91	-2.8	292.20789191987114
1407	63771	293.22	293.3	2021-03-29	4.5	4.91	-2.8	292.20789191987114
1408	1281322	294.86	294.03	2021-03-30	4.5	4.91	-2.8	294.7406967993083
1409	1441796	294.0	291.93	2021-03-30	4.5	4.91	-2.8	294.7406967993083
1410	893844	291.94	293.84	2021-03-30	4.5	4.91	-2.8	292.19105549749753
1411	229135	293.23	293.5	2021-03-30	4.5	4.91	-2.8	292.20789191987114
1412	34525	293.49	293.25	2021-03-30	4.5	4.91	-2.8	292.20789191987114
1413	581795	294.0	292.93	2021-03-31	4.5	5.19	-2.8	294.7406967993083
1414	1709571	292.93	293.11	2021-03-31	4.5	5.19	-2.8	292.19105549749753
1415	2084038	293.11	290.26	2021-03-31	4.5	5.19	-2.8	292.19105549749753
1416	251403	290.52	291.29	2021-03-31	4.5	5.19	-2.8	290.5718810265073
1417	72881	291.31	291.02	2021-03-31	4.5	5.19	-2.8	290.8638303067984
1418	1470421	292.0	294.24	2021-04-01	4.5	5.19	-2.8	292.19105549749753
1419	1061728	294.3	291.9	2021-04-01	4.5	5.19	-2.8	294.7406967993083
1420	2192800	291.9	288.86	2021-04-01	4.5	5.19	-2.8	292.19105549749753
1421	363783	288.86	289.75	2021-04-01	4.5	5.19	-2.8	289.6570101751762
1422	71401	289.75	290.24	2021-04-01	4.5	5.19	-2.8	289.6738465975498
1423	418340	290.81	289.76	2021-04-02	4.5	5.19	-2.8	290.84699388442476
1424	438003	289.76	290.33	2021-04-02	4.5	5.19	-2.8	289.6570101751762
1425	903944	290.33	291.72	2021-04-02	4.5	5.19	-2.8	290.5550446041337
1426	125783	291.39	291.75	2021-04-02	4.5	5.19	-2.8	290.8638303067984
1427	41848	291.75	291.7	2021-04-02	4.5	5.19	-2.8	290.8638303067984
1428	817695	290.8	289.25	2021-04-05	4.5	5.19	-2.8	290.84699388442476
1429	1551767	289.25	287.68	2021-04-05	4.5	5.19	-2.8	289.6570101751762
1430	864757	287.68	288.79	2021-04-05	4.5	5.19	-2.8	286.69240953806747
1431	280178	288.51	288.78	2021-04-05	4.5	5.19	-2.8	289.6738465975498
1432	21940	288.78	288.78	2021-04-05	4.5	5.19	-2.8	289.6738465975498
1433	2192871	289.0	284.9	2021-04-06	4.5	5.19	-2.8	289.6570101751762
1434	1889382	284.91	283.25	2021-04-06	4.5	5.19	-2.8	283.4122348183114
1435	3102069	283.25	281.8	2021-04-06	4.5	5.19	-2.8	283.1861581923718
1436	459130	282.22	281.6	2021-04-06	4.5	5.19	-2.8	282.639653194394
1437	109637	281.6	281.5	2021-04-06	4.5	5.19	-2.8	282.6564896167676
1438	1780634	281.68	282.5	2021-04-07	4.5	5.19	-2.8	282.639653194394
1439	3021233	282.5	283.2	2021-04-07	4.5	5.19	-2.8	282.66544420055544
1440	2157359	283.23	282.4	2021-04-07	4.5	5.19	-2.8	283.16036718621035
1441	409562	282.7	284.0	2021-04-07	4.5	5.19	-2.8	282.73395795422977
1442	45818	284.05	283.98	2021-04-07	4.5	5.19	-2.8	283.429071240685
1443	1519806	284.88	284.85	2021-04-08	4.5	5.19	-2.8	283.4122348183114
1444	1990408	284.86	283.88	2021-04-08	4.5	5.19	-2.8	283.4122348183114
1445	1472839	283.88	283.72	2021-04-08	4.5	5.19	-2.8	283.4122348183114
1446	109258	283.72	283.8	2021-04-08	4.5	5.19	-2.8	283.429071240685
1447	36667	283.85	283.89	2021-04-08	4.5	5.19	-2.8	283.429071240685
1448	818568	283.47	283.11	2021-04-09	4.5	5.19	-2.8	283.16036718621035
1449	1492889	283.16	280.99	2021-04-09	4.5	5.19	-2.8	283.16036718621035
1450	1440767	280.99	280.1	2021-04-09	4.5	5.19	-2.8	279.8566121705515
1451	183742	280.4	280.96	2021-04-09	4.5	5.19	-2.8	279.8734485929251
1452	67376	280.96	281.07	2021-04-09	4.5	5.19	-2.8	279.8734485929251
1453	817108	278.2	279.39	2021-04-12	4.5	5.19	-2.8	278.0775231689014
1454	2852316	279.4	283.9	2021-04-12	4.5	5.19	-2.8	279.6691757522183
1455	1779485	283.92	281.2	2021-04-12	4.5	5.19	-2.8	283.4122348183114
1456	216980	281.47	281.76	2021-04-12	4.5	5.19	-2.8	282.6564896167676
1457	52114	281.83	281.75	2021-04-12	4.5	5.19	-2.8	282.6564896167676
1458	907795	282.93	282.11	2021-04-13	4.5	5.19	-2.8	282.73395795422977
1459	2025683	282.05	283.07	2021-04-13	4.5	5.19	-2.8	282.639653194394
1460	2679265	283.15	286.28	2021-04-13	4.5	5.19	-2.8	283.1861581923718
1461	1082946	286.28	287.64	2021-04-13	4.5	5.19	-2.8	286.69240953806747
1462	101663	287.59	287.95	2021-04-13	4.5	5.19	-2.8	286.7092459604411
1463	1939555	290.0	289.19	2021-04-14	4.5	5.19	-2.8	289.6570101751762
1464	1629892	289.07	288.94	2021-04-14	4.5	5.19	-2.8	289.6570101751762
1465	2066621	288.94	288.3	2021-04-14	4.5	5.19	-2.8	289.6570101751762
1466	264910	287.98	287.34	2021-04-14	4.5	5.19	-2.8	286.7092459604411
1467	35516	287.34	287.18	2021-04-14	4.5	5.19	-2.8	286.7092459604411
1468	2521305	281.5	283.06	2021-04-15	4.5	5.19	-2.8	282.639653194394
1469	2487446	283.0	281.71	2021-04-15	4.5	5.19	-2.8	282.73395795422977
1470	3488303	281.8	283.17	2021-04-15	4.5	5.19	-2.8	282.54387357368677
1471	272919	283.22	283.74	2021-04-15	4.5	5.19	-2.8	283.17720360858397
1472	34887	283.74	283.72	2021-04-15	4.5	5.19	-2.8	283.429071240685
1473	1740299	285.71	284.77	2021-04-16	4.5	5.19	-2.8	286.69240953806747
1474	2259891	284.77	286.61	2021-04-16	4.5	5.19	-2.8	283.4122348183114
1475	2096973	286.64	289.03	2021-04-16	4.5	5.19	-2.8	286.69240953806747
1476	202074	288.61	288.5	2021-04-16	4.5	5.19	-2.8	289.6738465975498
1477	50663	288.47	288.5	2021-04-16	4.5	5.19	-2.8	289.6738465975498
1478	1107994	287.86	286.94	2021-04-19	4.5	5.19	-2.8	286.69240953806747
1479	1580870	287.0	288.9	2021-04-19	4.5	5.19	-2.8	286.69240953806747
1480	2231158	288.9	287.84	2021-04-19	4.5	5.19	-2.8	289.6570101751762
1481	182162	287.35	287.56	2021-04-19	4.5	5.19	-2.8	286.7092459604411
1482	30588	287.61	287.72	2021-04-19	4.5	5.19	-2.8	286.7092459604411
1483	1268466	288.9	290.24	2021-04-20	4.5	5.19	0.5	289.6570101751762
1484	2213268	290.2	288.84	2021-04-20	4.5	5.19	0.5	289.6808221184041
1485	2618545	288.84	287.92	2021-04-20	4.5	5.19	0.5	289.6570101751762
1486	183573	287.8	287.86	2021-04-20	4.5	5.19	0.5	286.7092459604411
1487	35936	287.87	287.42	2021-04-20	4.5	5.19	0.5	286.7092459604411
1488	1405572	288.01	290.1	2021-04-21	4.5	5.19	0.5	289.6570101751762
1489	1727098	290.1	288.94	2021-04-21	4.5	5.19	0.5	289.6808221184041
1490	1639262	288.96	288.1	2021-04-21	4.5	5.19	0.5	289.6570101751762
1491	181336	288.48	289.35	2021-04-21	4.5	5.19	0.5	289.6738465975498
1492	26012	289.3	289.25	2021-04-21	4.5	5.19	0.5	289.6738465975498
1493	416960	289.04	288.07	2021-04-22	4.5	5.19	0.5	289.6570101751762
1494	3353638	288.09	292.39	2021-04-22	4.5	5.19	0.5	289.561230554469
1495	3260183	292.4	292.21	2021-04-22	4.5	5.19	0.5	292.1617510307521
1496	285055	292.23	292.18	2021-04-22	4.5	5.19	0.5	292.20789191987114
1497	47371	292.09	292.18	2021-04-22	4.5	5.19	0.5	292.20789191987114
1498	775627	293.1	291.33	2021-04-23	4.5	5.19	0.5	292.19105549749753
1499	1572534	291.33	293.22	2021-04-23	4.5	5.19	0.5	290.84699388442476
1500	1646675	293.24	293.0	2021-04-23	4.5	5.19	0.5	292.19105549749753
1501	187484	292.57	293.39	2021-04-23	4.5	5.19	0.5	292.20789191987114
1502	82813	293.39	293.19	2021-04-23	4.5	5.19	0.5	292.20789191987114
1503	1264866	294.3	295.31	2021-04-26	5.0	5.19	0.5	294.7406967993083
1504	1443873	295.31	294.2	2021-04-26	5.0	5.19	0.5	295.6867029838371
1505	1604015	294.19	294.9	2021-04-26	5.0	5.19	0.5	294.7406967993083
1506	224999	295.43	294.67	2021-04-26	5.0	5.19	0.5	295.7035394062107
1507	38252	294.68	295.27	2021-04-26	5.0	5.19	0.5	294.7575332216819
1508	901491	295.74	296.18	2021-04-27	5.0	5.19	0.5	295.6867029838371
1509	2881977	296.11	299.15	2021-04-27	5.0	5.19	0.5	296.50960667327223
1510	2197813	299.14	297.5	2021-04-27	5.0	5.19	0.5	298.7705158350182
1511	261476	297.51	298.05	2021-04-27	5.0	5.19	0.5	296.5006520894844
1512	42559	298.18	298.5	2021-04-27	5.0	5.19	0.5	298.78735225739183
1513	533747	299.0	297.12	2021-04-28	5.0	5.19	0.5	298.7705158350182
1514	1395463	297.12	296.62	2021-04-28	5.0	5.19	0.5	296.4838156671108
1515	1929400	296.68	298.4	2021-04-28	5.0	5.19	0.5	296.4838156671108
1516	164140	298.01	298.5	2021-04-28	5.0	5.19	0.5	298.78735225739183
1517	39502	298.49	298.49	2021-04-28	5.0	5.19	0.5	298.78735225739183
1518	1278170	301.0	299.7	2021-04-29	5.0	5.19	0.5	300.7264027091575
1519	1870143	299.71	298.12	2021-04-29	5.0	5.19	0.5	298.7705158350182
1520	2319220	298.18	296.94	2021-04-29	5.0	5.19	0.5	298.7705158350182
1521	212708	296.35	297.53	2021-04-29	5.0	5.19	0.5	296.5006520894844
1522	27985	297.62	297.1	2021-04-29	5.0	5.19	0.5	296.5006520894844
1523	639998	296.92	295.86	2021-04-30	5.0	5.67	0.5	296.4838156671108
1524	1201543	295.8	296.22	2021-04-30	5.0	5.67	0.5	295.6867029838371
1525	1456491	296.3	297.72	2021-04-30	5.0	5.67	0.5	296.4838156671108
1526	222415	297.7	297.61	2021-04-30	5.0	5.67	0.5	296.5006520894844
1527	47518	297.63	297.73	2021-04-30	5.0	5.67	0.5	296.5006520894844
1528	1186267	298.7	300.02	2021-05-04	5.0	5.67	0.5	298.7705158350182
1529	2763948	300.05	302.82	2021-05-04	5.0	5.67	0.5	300.752193715319
1530	1605238	302.78	301.3	2021-05-04	5.0	5.67	0.5	303.411779672198
1531	417866	301.31	303.17	2021-05-04	5.0	5.67	0.5	301.6370481055746
1532	72434	303.17	303.7	2021-05-04	5.0	5.67	0.5	303.4680688503404
1533	994254	304.01	303.52	2021-05-05	5.0	5.67	0.5	303.4512324279668
1534	1229473	303.52	303.64	2021-05-05	5.0	5.67	0.5	303.4512324279668
1535	1609963	303.68	305.85	2021-05-05	5.0	5.67	0.5	303.4512324279668
1536	305504	305.79	305.9	2021-05-05	5.0	5.67	0.5	306.05263464754006
1537	32333	305.81	305.99	2021-05-05	5.0	5.67	0.5	306.05263464754006
1538	1349557	306.29	309.54	2021-05-06	5.0	5.67	0.5	307.1115921091692
1539	1782492	309.54	310.4	2021-05-06	5.0	5.67	0.5	309.8378781292225
1540	2306612	310.4	312.76	2021-05-06	5.0	5.67	0.5	311.14509992205745
1541	704900	312.78	314.54	2021-05-06	5.0	5.67	0.5	311.88654311851786
1542	112966	314.54	314.72	2021-05-06	5.0	5.67	0.5	315.0425199025927
1543	1620153	316.0	317.95	2021-05-07	5.0	5.67	0.5	315.71756900843553
1544	2021770	317.91	317.89	2021-05-07	5.0	5.67	0.5	317.89130245645265
1545	1563427	317.89	317.91	2021-05-07	5.0	5.67	0.5	317.89130245645265
1546	321409	317.92	317.8	2021-05-07	5.0	5.67	0.5	317.89130245645265
1547	116638	317.8	317.94	2021-05-07	5.0	5.67	0.5	317.90813887882626
1548	1112047	318.26	315.86	2021-05-10	5.0	5.67	0.5	317.89130245645265
1549	1651893	315.85	319.01	2021-05-10	5.0	5.67	0.5	315.71756900843553
1550	2435952	319.01	319.97	2021-05-10	5.0	5.67	0.5	317.94470275791076
1551	523734	319.9	319.59	2021-05-10	5.0	5.67	0.5	318.84228032623787
1552	201185	319.6	320.19	2021-05-10	5.0	5.67	0.5	318.8591167486115
1553	2961465	303.0	305.73	2021-05-11	5.0	5.67	0.5	303.4770234341282
1554	2328997	305.68	308.42	2021-05-11	5.0	5.67	0.5	306.03579822516645
1555	2339470	308.42	306.16	2021-05-11	5.0	5.67	0.5	308.0001881892681
1556	302691	306.29	307.76	2021-05-11	5.0	5.67	0.5	307.1284285315428
1557	61924	307.76	307.16	2021-05-11	5.0	5.67	0.5	308.0170246116417
1558	881421	307.39	306.62	2021-05-12	5.0	5.67	0.5	307.1115921091692
1559	2128251	306.62	305.78	2021-05-12	5.0	5.67	0.5	307.1115921091692
1560	2109959	305.8	303.27	2021-05-12	5.0	5.67	0.5	306.03579822516645
1561	423525	303.0	302.14	2021-05-12	5.0	5.67	0.5	303.4512324279668
1562	71127	302.14	302.02	2021-05-12	5.0	5.67	0.5	301.6538845279482
1563	1342624	302.11	300.53	2021-05-13	5.0	5.67	0.5	301.6370481055746
1564	2108933	300.51	303.09	2021-05-13	5.0	5.67	0.5	300.7264027091575
1565	1970038	303.07	306.05	2021-05-13	5.0	5.67	0.5	303.4512324279668
1566	289438	306.06	306.67	2021-05-13	5.0	5.67	0.5	306.05263464754006
1567	61113	306.67	306.74	2021-05-13	5.0	5.67	0.5	307.1284285315428
1568	680420	308.2	304.77	2021-05-14	5.0	5.67	0.5	308.0001881892681
1569	799097	304.76	304.75	2021-05-14	5.0	5.67	0.5	304.68850045847483
1570	962179	304.76	302.7	2021-05-14	5.0	5.67	0.5	304.68850045847483
1571	211989	303.02	304.4	2021-05-14	5.0	5.67	0.5	303.4680688503404
1572	32158	304.34	304.1	2021-05-14	5.0	5.67	0.5	303.4680688503404
1573	730616	303.5	303.23	2021-05-17	5.0	5.67	0.5	303.4512324279668
1574	927368	303.29	301.98	2021-05-17	5.0	5.67	0.5	303.4512324279668
1575	965911	301.98	302.6	2021-05-17	5.0	5.67	0.5	301.6370481055746
1576	182488	302.88	303.7	2021-05-17	5.0	5.67	0.5	303.4680688503404
1577	32039	303.62	303.94	2021-05-17	5.0	5.67	0.5	303.4680688503404
1578	874662	305.01	305.5	2021-05-18	5.0	5.67	0.5	304.68850045847483
1579	940269	305.5	304.73	2021-05-18	5.0	5.67	0.5	306.03579822516645
1580	1208229	304.73	304.96	2021-05-18	5.0	5.67	0.5	304.68850045847483
1581	459611	304.31	305.57	2021-05-18	5.0	5.67	0.5	303.4512324279668
1582	66869	305.61	305.78	2021-05-18	5.0	5.67	0.5	306.05263464754006
1583	1357287	304.38	302.48	2021-05-19	5.0	5.67	0.5	303.4512324279668
1584	2478620	302.44	297.78	2021-05-19	5.0	5.67	0.5	301.6370481055746
1585	2902804	297.74	296.61	2021-05-19	5.0	5.67	0.5	296.50960667327223
1586	394791	297.27	297.81	2021-05-19	5.0	5.67	0.5	296.4838156671108
1587	41293	297.72	297.0	2021-05-19	5.0	5.67	0.5	296.5006520894844
1588	873177	297.94	296.52	2021-05-20	5.0	5.67	0.5	296.4838156671108
1589	2527160	296.52	294.17	2021-05-20	5.0	5.67	0.5	296.4838156671108
1590	2255216	294.17	297.11	2021-05-20	5.0	5.67	0.5	294.7406967993083
1591	167390	297.36	297.16	2021-05-20	5.0	5.67	0.5	296.5006520894844
1592	28118	297.05	296.72	2021-05-20	5.0	5.67	0.5	296.5006520894844
1593	869884	296.85	296.1	2021-05-21	5.0	5.67	0.5	296.4838156671108
1594	2278258	296.13	301.74	2021-05-21	5.0	5.67	0.5	296.4838156671108
1595	1770666	301.71	301.54	2021-05-21	5.0	5.67	0.5	301.6370481055746
1596	193276	301.5	301.46	2021-05-21	5.0	5.67	0.5	301.6538845279482
1597	29424	301.4	301.23	2021-05-21	5.0	5.67	0.5	301.6538845279482
1598	942364	302.02	303.2	2021-05-24	5.0	5.67	0.5	301.6370481055746
1599	688891	303.18	302.15	2021-05-24	5.0	5.67	0.5	303.4512324279668
1600	1209581	302.15	299.74	2021-05-24	5.0	5.67	0.5	301.6370481055746
1601	220066	299.97	300.9	2021-05-24	5.0	5.67	0.5	300.74323913153114
1602	22251	300.9	300.7	2021-05-24	5.0	5.67	0.5	300.74323913153114
1603	613082	301.77	303.2	2021-05-25	5.0	5.67	0.5	301.6370481055746
1604	1354965	303.13	305.07	2021-05-25	5.0	5.67	0.5	303.4512324279668
1605	1518819	305.07	307.0	2021-05-25	5.0	5.67	0.5	306.03579822516645
1606	232838	307.0	306.56	2021-05-25	5.0	5.67	0.5	307.1284285315428
1607	35064	306.56	306.8	2021-05-25	5.0	5.67	0.5	307.1284285315428
1608	1047424	307.84	308.0	2021-05-26	5.0	5.67	0.5	308.0001881892681
1609	1346470	307.98	306.95	2021-05-26	5.0	5.67	0.5	308.0001881892681
1610	934788	306.9	306.25	2021-05-26	5.0	5.67	0.5	307.1115921091692
1611	175519	306.24	307.22	2021-05-26	5.0	5.67	0.5	307.1284285315428
1612	31651	307.22	307.01	2021-05-26	5.0	5.67	0.5	307.1284285315428
1613	915944	306.39	308.23	2021-05-27	5.0	5.67	0.5	307.1115921091692
1614	2200488	308.18	310.43	2021-05-27	5.0	5.67	0.5	308.0001881892681
1615	3514727	310.48	313.9	2021-05-27	5.0	5.67	0.5	311.04932030135024
1616	402482	313.72	312.22	2021-05-27	5.0	5.67	0.5	314.92607181116256
1617	41728	312.35	312.72	2021-05-27	5.0	5.67	0.5	311.7581528588677
1618	802138	313.3	311.06	2021-05-28	5.0	5.67	0.5	311.88654311851786
1619	1096302	311.04	309.84	2021-05-28	5.0	5.67	0.5	311.14509992205745
1620	1409454	309.83	309.9	2021-05-28	5.0	5.67	0.5	309.8378781292225
1621	181316	309.9	310.0	2021-05-28	5.0	5.67	0.5	309.8547145515961
1622	59204	309.99	309.56	2021-05-28	5.0	5.67	0.5	309.8547145515961
1623	547695	309.3	311.39	2021-05-31	5.0	5.78	0.5	309.08545082391515
1624	871834	311.39	310.02	2021-05-31	5.0	5.78	0.5	311.14509992205745
1625	760624	310.01	309.91	2021-05-31	5.0	5.78	0.5	309.8378781292225
1626	164077	309.89	310.7	2021-05-31	5.0	5.78	0.5	309.8547145515961
1627	24071	310.65	310.79	2021-05-31	5.0	5.78	0.5	311.16193634443107
1628	995757	312.6	313.97	2021-06-01	5.0	5.78	0.5	311.88654311851786
1629	1009782	313.93	312.81	2021-06-01	5.0	5.78	0.5	314.92607181116256
1630	1559799	312.83	311.3	2021-06-01	5.0	5.78	0.5	311.88654311851786
1631	174698	311.3	311.73	2021-06-01	5.0	5.78	0.5	311.16193634443107
1632	25553	311.74	311.6	2021-06-01	5.0	5.78	0.5	311.3804994513514
1633	609937	311.6	312.85	2021-06-02	5.0	5.78	0.5	311.3636630289778
1634	669155	312.85	311.92	2021-06-02	5.0	5.78	0.5	311.88654311851786
1635	1150926	311.92	313.85	2021-06-02	5.0	5.78	0.5	311.3636630289778
1636	212157	313.55	313.71	2021-06-02	5.0	5.78	0.5	314.9429082335362
1637	58703	313.71	313.98	2021-06-02	5.0	5.78	0.5	314.9429082335362
1638	870890	314.81	313.34	2021-06-03	5.0	5.78	0.5	315.0256834802191
1639	1320471	313.29	310.8	2021-06-03	5.0	5.78	0.5	311.88654311851786
1640	1076707	310.8	312.5	2021-06-03	5.0	5.78	0.5	311.14509992205745
1641	148171	312.71	312.62	2021-06-03	5.0	5.78	0.5	311.9033795408915
1642	38393	312.66	312.41	2021-06-03	5.0	5.78	0.5	311.9033795408915
1643	617760	313.0	310.8	2021-06-04	5.0	5.78	0.5	311.88654311851786
1644	1840455	310.87	310.33	2021-06-04	5.0	5.78	0.5	311.14509992205745
1645	1024886	310.33	310.46	2021-06-04	5.0	5.78	0.5	310.5877171529333
1646	208703	310.25	311.11	2021-06-04	5.0	5.78	0.5	310.6045535753069
1647	20861	311.02	310.94	2021-06-04	5.0	5.78	0.5	311.16193634443107
1648	649128	310.03	311.77	2021-06-07	5.0	5.78	10.7	310.60328312014497
1649	1366707	311.8	313.63	2021-06-07	5.0	5.78	10.7	311.37922899618945
1650	1841105	313.64	314.6	2021-06-07	5.0	5.78	10.7	314.94163777837423
1651	115008	314.65	315.16	2021-06-07	5.0	5.78	10.7	315.0425199025927
1652	47796	315.05	315.53	2021-06-07	5.0	5.78	10.7	315.0425199025927
1653	548224	315.29	315.12	2021-06-08	5.0	5.78	10.7	315.04124944743074
1654	1352309	315.12	313.83	2021-06-08	5.0	5.78	10.7	315.04124944743074
1655	1445540	313.78	313.99	2021-06-08	5.0	5.78	10.7	314.94163777837423
1656	129116	314.05	314.65	2021-06-08	5.0	5.78	10.7	314.9429082335362
1657	19273	314.67	314.83	2021-06-08	5.0	5.78	10.7	315.0425199025927
1658	447664	315.0	314.9	2021-06-09	5.0	5.78	10.7	315.04124944743074
1659	681807	314.9	313.61	2021-06-09	5.0	5.78	10.7	315.04124944743074
1660	1232899	313.61	315.51	2021-06-09	5.0	5.78	10.7	314.94163777837423
1661	96585	315.74	314.77	2021-06-09	5.0	5.78	10.7	315.4712646114285
1662	56274	314.77	314.78	2021-06-09	5.0	5.78	10.7	315.0425199025927
1663	455123	314.87	314.97	2021-06-10	5.0	5.78	10.7	315.04124944743074
1664	695849	315.0	314.87	2021-06-10	5.0	5.78	10.7	315.04124944743074
1665	1578874	314.87	314.3	2021-06-10	5.0	5.78	10.7	315.04124944743074
1666	171481	314.44	314.7	2021-06-10	5.0	5.78	10.7	314.9429082335362
1667	19853	314.71	314.62	2021-06-10	5.0	5.78	10.7	315.0425199025927
1668	488651	314.88	314.08	2021-06-11	5.0	5.78	10.7	315.04124944743074
1669	549434	314.07	313.52	2021-06-11	5.0	5.78	10.7	314.94163777837423
1670	1018579	313.52	313.01	2021-06-11	5.0	5.78	10.7	315.1916193752461
1671	93950	313.18	313.42	2021-06-11	5.0	5.78	10.7	311.9033795408915
1672	41876	313.42	313.0	2021-06-11	5.0	5.78	10.7	311.9033795408915
1673	514983	313.48	311.36	2021-06-14	5.0	5.78	10.7	311.90210908572953
1674	803993	311.38	312.53	2021-06-14	5.0	5.78	10.7	311.1606658892691
1675	1095176	312.53	314.4	2021-06-14	5.0	5.78	10.7	311.75688240370573
1676	119522	314.05	314.12	2021-06-14	5.0	5.78	10.7	314.9429082335362
1677	18097	314.12	314.12	2021-06-14	5.0	5.78	10.7	314.9429082335362
1678	587382	314.14	315.22	2021-06-15	5.5	5.78	10.7	314.94163777837423
1679	1070169	315.22	314.42	2021-06-15	5.5	5.78	10.7	315.04124944743074
1680	1134727	314.41	312.7	2021-06-15	5.5	5.78	10.7	314.94163777837423
1681	148473	313.0	312.76	2021-06-15	5.5	5.78	10.7	311.9033795408915
1682	33374	312.76	312.51	2021-06-15	5.5	5.78	10.7	311.9033795408915
1683	620239	312.5	313.46	2021-06-16	5.5	5.78	10.7	311.75688240370573
1684	1364162	313.46	313.74	2021-06-16	5.5	5.78	10.7	311.90210908572953
1685	1383965	313.74	313.06	2021-06-16	5.5	5.78	10.7	314.94163777837423
1686	418752	313.13	311.8	2021-06-16	5.5	5.78	10.7	311.90210908572953
1687	37711	311.77	311.61	2021-06-16	5.5	5.78	10.7	311.3804994513514
1688	877075	311.0	313.56	2021-06-17	5.5	5.78	10.7	311.1606658892691
1689	1348109	313.56	313.88	2021-06-17	5.5	5.78	10.7	314.94163777837423
1690	1922652	313.9	314.89	2021-06-17	5.5	5.78	10.7	314.94163777837423
1691	245554	314.45	313.96	2021-06-17	5.5	5.78	10.7	314.9429082335362
1692	38890	314.0	313.9	2021-06-17	5.5	5.78	10.7	314.9429082335362
1693	748701	312.9	311.9	2021-06-18	5.5	5.78	10.7	311.90210908572953
1694	1871384	311.89	308.78	2021-06-18	5.5	5.78	10.7	311.37922899618945
1695	3299431	308.78	309.37	2021-06-18	5.5	5.78	10.7	308.9026309075738
1696	244918	309.41	309.9	2021-06-18	5.5	5.78	10.7	309.8547145515961
1697	81811	309.94	309.3	2021-06-18	5.5	5.78	10.7	309.8547145515961
1698	1145201	308.47	307.52	2021-06-21	5.5	5.78	10.7	308.0157541564798
1699	1047732	307.52	307.63	2021-06-21	5.5	5.78	10.7	308.0157541564798
1700	1196699	307.63	308.71	2021-06-21	5.5	5.78	10.7	308.0157541564798
1701	184557	309.21	309.99	2021-06-21	5.5	5.78	10.7	309.10228724628877
1702	38789	310.0	310.4	2021-06-21	5.5	5.78	10.7	309.8547145515961
1703	657307	310.79	309.3	2021-06-22	5.5	5.78	10.7	311.1606658892691
1704	687366	309.3	309.82	2021-06-22	5.5	5.78	10.7	309.1010167911268
1705	821304	309.82	309.37	2021-06-22	5.5	5.78	10.7	309.85344409643415
1706	169883	309.47	309.95	2021-06-22	5.5	5.78	10.7	309.8547145515961
1707	17948	310.05	309.73	2021-06-22	5.5	5.78	10.7	310.6045535753069
1708	418779	310.45	311.26	2021-06-23	5.5	5.78	10.7	311.1606658892691
1709	1066997	311.38	309.23	2021-06-23	5.5	5.78	10.7	311.1606658892691
1710	826602	309.29	311.0	2021-06-23	5.5	5.78	10.7	309.1010167911268
1711	152403	310.72	309.96	2021-06-23	5.5	5.78	10.7	311.16193634443107
1712	18323	309.9	309.79	2021-06-23	5.5	5.78	10.7	309.8547145515961
1713	401908	309.8	310.8	2021-06-24	5.5	5.78	10.7	309.85344409643415
1714	538360	310.84	310.22	2021-06-24	5.5	5.78	10.7	311.1606658892691
1715	919499	310.27	310.88	2021-06-24	5.5	5.78	10.7	310.60328312014497
1716	88818	310.5	310.23	2021-06-24	5.5	5.78	10.7	311.16193634443107
1717	23696	310.25	310.0	2021-06-24	5.5	5.78	10.7	310.6045535753069
1718	321953	310.58	311.35	2021-06-25	5.5	5.78	10.7	311.1606658892691
1719	934928	311.4	311.63	2021-06-25	5.5	5.78	10.7	311.37922899618945
1720	797362	311.63	311.9	2021-06-25	5.5	5.78	10.7	311.37922899618945
1721	171847	312.02	312.08	2021-06-25	5.5	5.78	10.7	311.7581528588677
1722	33774	312.08	311.81	2021-06-25	5.5	5.78	10.7	311.7581528588677
1723	446916	311.77	310.63	2021-06-28	5.5	5.78	10.7	311.37922899618945
1724	737816	310.63	309.71	2021-06-28	5.5	5.78	10.7	311.1606658892691
1725	648175	309.71	309.2	2021-06-28	5.5	5.78	10.7	309.85344409643415
1726	96675	309.4	309.88	2021-06-28	5.5	5.78	10.7	309.10228724628877
1727	16436	309.88	309.48	2021-06-28	5.5	5.78	10.7	309.8547145515961
1728	776199	308.7	307.41	2021-06-29	5.5	5.78	10.7	309.02420153444245
1729	1453717	307.32	306.5	2021-06-29	5.5	5.78	10.7	307.12715807638085
1730	1045070	306.46	305.14	2021-06-29	5.5	5.78	10.7	307.12715807638085
1731	93505	305.58	306.07	2021-06-29	5.5	5.78	10.7	306.05263464754006
1732	25986	306.07	306.1	2021-06-29	5.5	5.78	10.7	306.05263464754006
1733	272558	306.19	305.8	2021-06-30	5.5	5.52	10.7	306.05263464754006
1734	1378069	305.78	305.19	2021-06-30	5.5	5.52	10.7	306.0513641923781
1735	1319225	305.2	305.69	2021-06-30	5.5	5.52	10.7	306.0513641923781
1736	153178	305.67	306.25	2021-06-30	5.5	5.52	10.7	306.05263464754006
1737	31928	306.25	306.45	2021-06-30	5.5	5.52	10.7	307.1284285315428
1738	366827	306.0	306.52	2021-07-01	5.5	5.52	10.9	306.0513641923781
1739	805478	306.5	306.02	2021-07-01	5.5	5.52	10.9	307.12715807638085
1740	741473	306.02	305.51	2021-07-01	5.5	5.52	10.9	306.0513641923781
1741	69071	305.98	306.0	2021-07-01	5.5	5.52	10.9	306.05263464754006
1742	16130	305.91	305.78	2021-07-01	5.5	5.52	10.9	306.05263464754006
1743	559333	305.52	305.98	2021-07-02	5.5	5.52	10.9	306.0513641923781
1744	1176027	305.93	307.38	2021-07-02	5.5	5.52	10.9	306.0513641923781
1745	1028742	307.37	307.11	2021-07-02	5.5	5.52	10.9	307.12715807638085
1746	104504	307.12	307.28	2021-07-02	5.5	5.52	10.9	307.1284285315428
1747	22227	307.28	307.39	2021-07-02	5.5	5.52	10.9	307.1284285315428
1748	350268	307.81	305.87	2021-07-05	5.5	5.52	10.9	308.0157541564798
1749	703004	305.91	305.85	2021-07-05	5.5	5.52	10.9	306.0513641923781
1750	490347	305.83	307.18	2021-07-05	5.5	5.52	10.9	306.0513641923781
1751	90563	306.94	307.1	2021-07-05	5.5	5.52	10.9	307.1284285315428
1752	16788	307.1	307.0	2021-07-05	5.5	5.52	10.9	307.1284285315428
1753	480054	307.32	305.34	2021-07-06	5.5	5.52	10.9	307.12715807638085
1754	984781	305.43	304.43	2021-07-06	5.5	5.52	10.9	306.0513641923781
1755	1635539	304.4	303.1	2021-07-06	5.5	5.52	10.9	303.46679839517844
1756	143588	303.57	303.59	2021-07-06	5.5	5.52	10.9	303.4680688503404
1757	25482	303.59	303.34	2021-07-06	5.5	5.52	10.9	303.4680688503404
1758	598304	303.98	305.0	2021-07-07	5.5	5.52	10.9	303.46679839517844
1759	576560	305.0	305.94	2021-07-07	5.5	5.52	10.9	304.7040664256865
1760	944975	305.95	303.31	2021-07-07	5.5	5.52	10.9	306.0513641923781
1761	128591	303.65	304.09	2021-07-07	5.5	5.52	10.9	303.4680688503404
1762	19164	304.08	304.06	2021-07-07	5.5	5.52	10.9	303.4680688503404
1763	747378	303.0	302.65	2021-07-08	5.5	5.52	10.9	303.46679839517844
1764	1204690	302.58	301.13	2021-07-08	5.5	5.52	10.9	303.4273456394097
1765	999699	301.1	302.75	2021-07-08	5.5	5.52	10.9	300.7419686763692
1766	114642	302.95	302.67	2021-07-08	5.5	5.52	10.9	303.4680688503404
1767	10669	302.65	302.63	2021-07-08	5.5	5.52	10.9	303.4286160945716
1768	342208	302.7	301.93	2021-07-09	5.5	5.52	10.9	303.4273456394097
1769	664303	302.0	302.87	2021-07-09	5.5	5.52	10.9	301.65261407278626
1770	952358	302.86	303.63	2021-07-09	5.5	5.52	10.9	303.46679839517844
1771	69704	303.81	303.51	2021-07-09	5.5	5.52	10.9	303.4680688503404
1772	24151	303.51	303.56	2021-07-09	5.5	5.52	10.9	303.4680688503404
1773	354580	303.55	302.12	2021-07-12	5.5	5.52	10.9	303.46679839517844
1774	874086	302.04	304.72	2021-07-12	5.5	5.52	10.9	301.65261407278626
1775	1131621	304.72	305.6	2021-07-12	5.5	5.52	10.9	304.7040664256865
1776	149863	305.65	306.19	2021-07-12	5.5	5.52	10.9	306.05263464754006
1777	20077	306.19	306.23	2021-07-12	5.5	5.52	10.9	306.05263464754006
1778	355039	306.81	304.78	2021-07-13	5.5	5.52	10.9	307.12715807638085
1779	834221	304.74	303.5	2021-07-13	5.5	5.52	10.9	304.7040664256865
1780	846333	303.48	303.63	2021-07-13	5.5	5.52	10.9	303.46679839517844
1781	73979	303.8	303.16	2021-07-13	5.5	5.52	10.9	303.4680688503404
1782	17486	303.16	303.0	2021-07-13	5.5	5.52	10.9	303.4680688503404
1783	359931	302.7	302.78	2021-07-14	5.5	5.52	10.9	303.4273456394097
1784	943533	302.88	302.44	2021-07-14	5.5	5.52	10.9	303.46679839517844
1785	977032	302.45	302.02	2021-07-14	5.5	5.52	10.9	301.65261407278626
1786	96529	301.88	301.37	2021-07-14	5.5	5.52	10.9	301.6538845279482
1787	20407	301.32	301.5	2021-07-14	5.5	5.52	10.9	301.6538845279482
1788	625039	301.13	302.09	2021-07-15	5.5	5.52	10.9	300.7419686763692
1789	807629	302.15	301.7	2021-07-15	5.5	5.52	10.9	301.65261407278626
1790	559797	301.66	302.31	2021-07-15	5.5	5.52	10.9	301.65261407278626
1791	103250	302.3	301.68	2021-07-15	5.5	5.52	10.9	301.6538845279482
1792	15452	301.68	301.72	2021-07-15	5.5	5.52	10.9	301.6538845279482
1793	303568	302.05	302.1	2021-07-16	5.5	5.52	10.9	301.6538845279482
1794	1545303	302.1	302.42	2021-07-16	5.5	5.52	10.9	301.65261407278626
1795	1420287	302.43	299.75	2021-07-16	5.5	5.52	10.9	301.65261407278626
1796	149733	300.1	298.74	2021-07-16	5.5	5.52	10.9	300.74323913153114
1797	34405	298.74	298.85	2021-07-16	5.5	5.52	10.9	298.78735225739183
1798	565483	298.0	296.31	2021-07-19	5.5	5.52	10.9	296.49938163432245
1799	1333035	296.33	294.19	2021-07-19	5.5	5.52	10.9	296.49938163432245
1800	1914153	294.2	290.74	2021-07-19	5.5	5.52	10.9	294.75626276651997
1801	266732	290.65	290.99	2021-07-19	5.5	5.52	10.9	290.5718810265073
1802	52648	290.99	291.46	2021-07-19	5.5	5.52	10.9	290.8638303067984
1803	764521	292.33	294.13	2021-07-20	5.5	5.52	10.9	292.2066214647092
1804	1232777	294.17	293.5	2021-07-20	5.5	5.52	10.9	294.75626276651997
1805	1297224	293.57	295.51	2021-07-20	5.5	5.52	10.9	294.75626276651997
1806	230119	296.3	296.51	2021-07-20	5.5	5.52	10.9	296.5006520894844
1807	34772	296.51	296.1	2021-07-20	5.5	5.52	10.9	296.5006520894844
1808	516272	296.0	295.72	2021-07-21	5.5	5.52	10.9	296.49938163432245
1809	551791	295.72	294.19	2021-07-21	5.5	5.52	10.9	295.7022689510488
1810	556503	294.18	294.56	2021-07-21	5.5	5.52	10.9	294.75626276651997
1811	106340	294.49	294.66	2021-07-21	5.5	5.52	10.9	294.7575332216819
1812	23250	294.69	294.86	2021-07-21	5.5	5.52	10.9	294.7575332216819
1813	397357	295.77	294.96	2021-07-22	5.5	5.52	10.9	295.7022689510488
1814	869866	294.96	297.84	2021-07-22	5.5	5.52	10.9	295.2841910119138
1815	663792	297.8	297.09	2021-07-22	5.5	5.52	10.9	296.49938163432245
1816	89174	297.09	296.83	2021-07-22	5.5	5.52	10.9	296.5006520894844
1817	14291	296.83	297.27	2021-07-22	5.5	5.52	10.9	296.5006520894844
1818	317303	297.49	296.67	2021-07-23	5.5	5.52	10.9	296.49938163432245
1819	405902	296.67	296.97	2021-07-23	5.5	5.52	10.9	296.49938163432245
1820	670195	296.98	295.82	2021-07-23	5.5	5.52	10.9	296.49938163432245
1821	85991	296.19	296.31	2021-07-23	5.5	5.52	10.9	296.5006520894844
1822	17331	296.31	296.38	2021-07-23	5.5	5.52	10.9	296.5006520894844
1823	465386	294.0	295.44	2021-07-26	6.5	5.52	10.9	294.75626276651997
1824	1092524	295.38	298.97	2021-07-26	6.5	5.52	10.9	295.7022689510488
1825	1449129	298.97	301.96	2021-07-26	6.5	5.52	10.9	298.7860818022299
1826	320639	301.9	303.65	2021-07-26	6.5	5.52	10.9	301.65261407278626
1827	74727	303.63	303.34	2021-07-26	6.5	5.52	10.9	303.4680688503404
1828	790064	302.66	302.44	2021-07-27	6.5	5.52	10.9	303.4273456394097
1829	1389043	302.33	300.83	2021-07-27	6.5	5.52	10.9	301.65261407278626
1830	1518607	300.83	299.5	2021-07-27	6.5	5.52	10.9	300.7419686763692
1831	145141	299.96	300.59	2021-07-27	6.5	5.52	10.9	300.74323913153114
1832	18024	300.55	299.71	2021-07-27	6.5	5.52	10.9	300.74323913153114
1833	482847	300.43	301.24	2021-07-28	6.5	5.52	10.9	300.7419686763692
1834	844189	301.24	300.11	2021-07-28	6.5	5.52	10.9	301.3971971326148
1835	1138989	300.19	302.98	2021-07-28	6.5	5.52	10.9	300.7419686763692
1836	202117	302.55	302.98	2021-07-28	6.5	5.52	10.9	303.4286160945716
1837	32770	302.98	302.9	2021-07-28	6.5	5.52	10.9	303.4680688503404
1838	795379	304.13	303.77	2021-07-29	6.5	5.52	8.5	303.46679839517844
1839	877761	303.75	303.85	2021-07-29	6.5	5.52	8.5	303.46679839517844
1840	966910	303.85	304.0	2021-07-29	6.5	5.52	8.5	303.46679839517844
1841	129933	304.0	303.43	2021-07-29	6.5	5.52	8.5	303.4680688503404
1842	33738	303.44	303.12	2021-07-29	6.5	5.52	8.5	303.4680688503404
1843	956200	302.48	303.47	2021-07-30	6.5	5.52	8.5	303.4273456394097
1844	1659624	303.37	305.3	2021-07-30	6.5	5.52	8.5	303.46679839517844
1845	2138899	305.33	306.31	2021-07-30	6.5	5.52	8.5	306.0513641923781
1846	178232	305.84	305.38	2021-07-30	6.5	5.52	8.5	306.05263464754006
1847	40237	305.27	305.59	2021-07-30	6.5	5.52	8.5	306.05263464754006
1848	671143	306.23	307.28	2021-08-02	6.5	6.01	8.5	307.12715807638085
1849	888818	307.22	307.25	2021-08-02	6.5	6.01	8.5	307.12715807638085
1850	1352011	307.24	308.0	2021-08-02	6.5	6.01	8.5	307.12715807638085
1851	223839	307.55	306.27	2021-08-02	6.5	6.01	8.5	308.0170246116417
1852	23543	306.23	306.51	2021-08-02	6.5	6.01	8.5	307.1284285315428
1853	607456	306.31	308.38	2021-08-03	6.5	6.01	8.5	307.12715807638085
1854	1042424	308.41	308.99	2021-08-03	6.5	6.01	8.5	308.0157541564798
1855	1534147	309.0	309.55	2021-08-03	6.5	6.01	8.5	309.1010167911268
1856	161105	309.65	309.68	2021-08-03	6.5	6.01	8.5	309.8547145515961
1857	48005	309.73	309.89	2021-08-03	6.5	6.01	8.5	309.8547145515961
1858	747008	310.26	311.15	2021-08-04	6.5	6.01	8.5	310.60328312014497
1859	997324	311.11	310.85	2021-08-04	6.5	6.01	8.5	311.1606658892691
1860	1136033	310.85	311.64	2021-08-04	6.5	6.01	8.5	311.1606658892691
1861	197266	311.51	311.0	2021-08-04	6.5	6.01	8.5	311.3804994513514
1862	15374	311.0	311.1	2021-08-04	6.5	6.01	8.5	311.16193634443107
1863	511294	311.02	311.67	2021-08-05	6.5	6.01	8.5	311.1606658892691
1864	998696	311.67	313.15	2021-08-05	6.5	6.01	8.5	311.37922899618945
1865	1960348	313.18	315.56	2021-08-05	6.5	6.01	8.5	311.90210908572953
1866	207572	315.5	315.4	2021-08-05	6.5	6.01	8.5	315.4712646114285
1867	55006	315.4	315.82	2021-08-05	6.5	6.01	8.5	315.4712646114285
1868	990988	316.2	317.8	2021-08-06	6.5	6.01	8.5	315.7331349756472
1869	2152736	317.8	319.18	2021-08-06	6.5	6.01	8.5	317.9068684236643
1870	2071444	319.18	320.0	2021-08-06	6.5	6.01	8.5	317.96026872512243
1871	168153	319.57	319.04	2021-08-06	6.5	6.01	8.5	318.8591167486115
1872	30824	319.04	319.15	2021-08-06	6.5	6.01	8.5	317.9615391802844
1873	1348302	318.59	321.46	2021-08-09	6.5	6.01	8.5	317.96026872512243
1874	3154969	321.45	324.86	2021-08-09	6.5	6.01	8.5	322.8420860343412
1875	2458390	324.84	326.78	2021-08-09	6.5	6.01	8.5	325.9631957019058
1876	184960	326.78	326.88	2021-08-09	6.5	6.01	8.5	327.35245405269904
1877	60419	326.89	326.91	2021-08-09	6.5	6.01	8.5	327.35245405269904
1878	1438371	328.05	330.44	2021-08-10	6.5	6.01	8.5	327.9150503248974
1879	1450712	330.5	329.72	2021-08-10	6.5	6.01	8.5	329.9067074955001
1880	1127716	329.72	329.63	2021-08-10	6.5	6.01	8.5	329.3986277218868
1881	85607	329.61	329.95	2021-08-10	6.5	6.01	8.5	329.3998981770487
1882	51787	329.99	330.11	2021-08-10	6.5	6.01	8.5	329.90797795066203
1883	578570	330.7	330.32	2021-08-11	6.5	6.01	8.5	331.31145447792903
1884	1232026	330.42	327.8	2021-08-11	6.5	6.01	8.5	329.9067074955001
1885	1469832	327.8	330.4	2021-08-11	6.5	6.01	8.5	327.9150503248974
1886	133358	330.57	329.95	2021-08-11	6.5	6.01	8.5	329.90797795066203
1887	31422	329.9	329.9	2021-08-11	6.5	6.01	8.5	329.3998981770487
1888	417237	330.0	329.37	2021-08-12	6.5	6.01	8.5	329.9067074955001
1889	757171	329.44	327.92	2021-08-12	6.5	6.01	8.5	328.80545877525043
1890	807236	327.95	329.43	2021-08-12	6.5	6.01	8.5	327.9150503248974
1891	108116	329.08	328.7	2021-08-12	6.5	6.01	8.5	328.8067292304124
1892	10505	328.69	328.57	2021-08-12	6.5	6.01	8.5	328.8067292304124
1893	304828	328.6	328.9	2021-08-13	6.5	6.01	8.5	328.8067292304124
1894	861551	328.9	328.5	2021-08-13	6.5	6.01	8.5	328.80545877525043
1895	619251	328.5	328.49	2021-08-13	6.5	6.01	8.5	328.80545877525043
1896	66949	328.75	328.8	2021-08-13	6.5	6.01	8.5	328.8067292304124
1897	29024	328.82	328.68	2021-08-13	6.5	6.01	8.5	328.8067292304124
1898	423431	327.59	328.79	2021-08-16	6.5	6.01	8.5	327.3511835975371
1899	1065418	328.74	330.22	2021-08-16	6.5	6.01	8.5	328.80545877525043
1900	791225	330.22	329.16	2021-08-16	6.5	6.01	8.5	329.9067074955001
1901	94798	329.14	329.67	2021-08-16	6.5	6.01	8.5	328.8067292304124
1902	18506	329.72	329.36	2021-08-16	6.5	6.01	8.5	329.3998981770487
1903	1116093	329.0	332.81	2021-08-17	6.5	6.01	8.5	328.80545877525043
1904	1254259	332.81	334.25	2021-08-17	6.5	6.01	8.5	333.9510307534935
1905	1627917	334.12	335.46	2021-08-17	6.5	6.01	8.5	333.93458474977996
1906	230854	335.0	334.93	2021-08-17	6.5	6.01	8.5	334.3981511525124
1907	18129	334.94	334.5	2021-08-17	6.5	6.01	8.5	334.3981511525124
1908	567215	336.0	334.68	2021-08-18	6.5	6.01	8.5	334.39688069735047
1909	1297038	334.68	337.85	2021-08-18	6.5	6.01	8.5	334.39688069735047
1910	1408159	337.8	337.92	2021-08-18	6.5	6.01	8.5	339.232567001534
1911	226625	337.63	336.4	2021-08-18	6.5	6.01	8.5	334.3981511525124
1912	136654	336.4	334.9	2021-08-18	6.5	6.01	8.5	334.3981511525124
1913	1256511	333.5	332.0	2021-08-19	6.5	6.01	8.5	333.7020423544039
1914	1502931	332.0	330.12	2021-08-19	6.5	6.01	8.5	331.31145447792903
1915	1245564	330.07	330.23	2021-08-19	6.5	6.01	8.5	329.9067074955001
1916	558727	330.26	332.6	2021-08-19	6.5	6.01	8.5	329.9067074955001
1917	54562	332.52	332.69	2021-08-19	6.5	6.01	8.5	333.1896022813159
1918	569210	332.02	329.92	2021-08-20	6.5	6.01	8.5	331.31145447792903
1919	1316649	329.92	326.64	2021-08-20	6.5	6.01	8.5	329.3986277218868
1920	1547672	326.65	326.1	2021-08-20	6.5	6.01	8.5	327.3511835975371
1921	150625	326.6	325.95	2021-08-20	6.5	6.01	8.5	327.35245405269904
1922	55169	326.0	325.67	2021-08-20	6.5	6.01	8.5	325.36737218966687
1923	709107	327.85	328.15	2021-08-23	6.5	6.01	8.5	327.9150503248974
1924	810276	328.15	328.92	2021-08-23	6.5	6.01	8.5	327.9150503248974
1925	441529	328.9	328.95	2021-08-23	6.5	6.01	8.5	328.80545877525043
1926	82689	328.95	329.25	2021-08-23	6.5	6.01	8.5	328.8067292304124
1927	17710	329.25	329.22	2021-08-23	6.5	6.01	8.5	328.8067292304124
1928	932354	330.43	326.9	2021-08-24	6.5	6.01	8.5	329.9067074955001
1929	1141068	326.92	324.79	2021-08-24	6.5	6.01	8.5	327.3511835975371
1930	1341059	324.75	323.81	2021-08-24	6.5	6.01	8.5	324.08809880366476
1931	128357	323.81	324.63	2021-08-24	6.5	6.01	8.5	323.8232189376638
1932	33432	324.71	324.83	2021-08-24	6.5	6.01	8.5	324.0893692588267
1933	542857	324.3	323.59	2021-08-25	6.5	6.01	8.5	324.08809880366476
1934	868973	323.64	322.58	2021-08-25	6.5	6.01	8.5	323.5303140076838
1935	1221977	322.5	324.6	2021-08-25	6.5	6.01	8.5	322.5432501105319
1936	155357	324.49	324.81	2021-08-25	6.5	6.01	8.5	324.0893692588267
1937	21375	324.72	324.57	2021-08-25	6.5	6.01	8.5	324.0893692588267
1938	537148	324.03	323.56	2021-08-26	6.5	6.01	8.5	324.08809880366476
1939	1037602	323.56	322.1	2021-08-26	6.5	6.01	8.5	323.5303140076838
1940	977629	322.1	322.74	2021-08-26	6.5	6.01	8.5	322.5432501105319
1941	193326	322.64	322.59	2021-08-26	6.5	6.01	8.5	322.54452056569386
1942	7217	322.59	322.54	2021-08-26	6.5	6.01	8.5	322.54452056569386
1943	268462	323.71	323.69	2021-08-27	6.5	6.01	8.5	323.6836890395882
1944	455033	323.69	322.25	2021-08-27	6.5	6.01	8.5	323.5303140076838
1945	1769726	322.25	326.76	2021-08-27	6.5	6.01	8.5	322.5432501105319
1946	251757	326.73	327.01	2021-08-27	6.5	6.01	8.5	327.35245405269904
1947	38692	327.01	327.41	2021-08-27	6.5	6.01	8.5	327.35245405269904
1948	380425	328.43	327.16	2021-08-30	6.5	6.01	8.5	328.80545877525043
1949	735344	327.22	328.69	2021-08-30	6.5	6.01	8.5	327.3511835975371
1950	748418	328.7	328.97	2021-08-30	6.5	6.01	8.5	328.80545877525043
1951	136737	328.93	327.8	2021-08-30	6.5	6.01	8.5	328.8067292304124
1952	39084	327.8	328.28	2021-08-30	6.5	6.01	8.5	327.9163207800593
1953	478157	328.5	329.57	2021-08-31	6.5	6.51	8.5	328.6091869139684
1954	1094276	329.57	328.08	2021-08-31	6.5	6.51	8.5	328.6091869139684
1955	1548088	328.09	328.9	2021-08-31	6.5	6.51	8.5	327.71877846361537
1956	104289	328.77	327.57	2021-08-31	6.5	6.51	8.5	328.61045736913036
1957	21405	327.58	327.94	2021-08-31	6.5	6.51	8.5	327.15618219141703
1958	344246	328.87	329.41	2021-09-01	6.5	6.51	4.7	328.6091869139684
1959	869578	329.51	330.0	2021-09-01	6.5	6.51	4.7	328.6091869139684
1960	1607411	330.04	333.8	2021-09-01	6.5	6.51	4.7	329.7104356342181
1961	216660	333.84	333.86	2021-09-01	6.5	6.51	4.7	333.7395833436599
1962	31704	333.86	334.57	2021-09-01	6.5	6.51	4.7	333.7395833436599
1963	572164	334.67	333.26	2021-09-02	6.5	6.51	4.7	333.73831288849794
1964	987747	333.26	331.71	2021-09-02	6.5	6.51	4.7	333.5057704931219
1965	1332108	331.64	329.6	2021-09-02	6.5	6.51	4.7	331.115182616647
1966	229911	329.41	329.42	2021-09-02	6.5	6.51	4.7	328.61045736913036
1967	38644	329.5	329.0	2021-09-02	6.5	6.51	4.7	328.61045736913036
1968	578383	329.47	326.76	2021-09-03	6.5	6.51	4.7	328.6091869139684
1969	784909	326.73	327.86	2021-09-03	6.5	6.51	4.7	327.1549117362551
1970	1407668	327.79	330.49	2021-09-03	6.5	6.51	4.7	327.71877846361537
1971	164971	330.22	329.64	2021-09-03	6.5	6.51	4.7	329.71170608938
1972	26675	329.64	329.71	2021-09-03	6.5	6.51	4.7	329.2036263157667
1973	425094	330.0	329.77	2021-09-06	6.5	6.51	4.7	329.7104356342181
1974	692776	329.85	329.0	2021-09-06	6.5	6.51	4.7	329.20235586060477
1975	500869	329.0	329.89	2021-09-06	6.5	6.51	4.7	328.6091869139684
1976	113435	329.89	329.8	2021-09-06	6.5	6.51	4.7	329.2036263157667
1977	16970	329.77	329.37	2021-09-06	6.5	6.51	4.7	329.2036263157667
1978	378537	329.82	329.09	2021-09-07	6.5	6.51	4.7	329.20235586060477
1979	1205223	329.09	326.11	2021-09-07	6.5	6.51	4.7	328.6091869139684
1980	722628	326.01	325.55	2021-09-07	6.5	6.51	4.7	325.1698298732229
1981	111936	325.59	326.1	2021-09-07	6.5	6.51	4.7	325.17110032838485
1982	26487	326.1	325.96	2021-09-07	6.5	6.51	4.7	325.17110032838485
1983	578066	325.96	323.88	2021-09-08	6.5	6.51	4.7	325.1698298732229
1984	1675690	323.88	330.21	2021-09-08	6.5	6.51	4.7	324.50950007092155
1985	2254879	330.2	331.3	2021-09-08	6.5	6.51	4.7	329.7104356342181
1986	152536	331.0	331.23	2021-09-08	6.5	6.51	4.7	331.11645307180896
1987	122781	331.23	331.7	2021-09-08	6.5	6.51	4.7	331.11645307180896
1988	655789	330.4	327.45	2021-09-09	6.5	6.51	4.7	329.7104356342181
1989	1139194	327.4	329.32	2021-09-09	6.5	6.51	4.7	327.1549117362551
1990	989398	329.33	327.55	2021-09-09	6.5	6.51	4.7	328.6091869139684
1991	174177	327.75	326.99	2021-09-09	6.5	6.51	4.7	327.15618219141703
1992	37712	326.99	326.01	2021-09-09	6.5	6.51	4.7	327.15618219141703
1993	296482	328.01	326.79	2021-09-10	6.5	6.51	4.7	327.7200489187773
1994	726871	326.78	326.88	2021-09-10	6.5	6.51	4.7	327.1549117362551
1995	542682	326.83	326.89	2021-09-10	6.5	6.51	4.7	327.1549117362551
1996	152566	326.9	326.33	2021-09-10	6.5	6.51	4.7	327.15618219141703
1997	34633	326.48	326.25	2021-09-10	6.5	6.51	4.7	327.15618219141703
1998	538871	327.01	324.27	2021-09-13	6.75	6.51	4.7	327.1549117362551
1999	665595	324.22	325.39	2021-09-13	6.75	6.51	4.7	323.89182694238275
2000	936703	325.35	326.85	2021-09-13	6.75	6.51	4.7	325.1698298732229
2001	242410	326.55	327.75	2021-09-13	6.75	6.51	4.7	327.15618219141703
2002	52927	327.79	327.41	2021-09-13	6.75	6.51	4.7	327.7200489187773
2003	444770	327.45	326.28	2021-09-14	6.75	6.51	4.7	327.1549117362551
2004	906837	326.36	327.3	2021-09-14	6.75	6.51	4.7	327.1549117362551
2005	738109	327.39	327.23	2021-09-14	6.75	6.51	4.7	327.1549117362551
2006	141522	327.47	326.6	2021-09-14	6.75	6.51	4.7	327.15618219141703
2007	19286	326.6	326.48	2021-09-14	6.75	6.51	4.7	327.15618219141703
2008	346625	326.46	327.61	2021-09-15	6.75	6.51	4.7	327.1549117362551
2009	1658031	327.61	330.64	2021-09-15	6.75	6.51	4.7	327.1549117362551
2010	2206258	330.63	333.24	2021-09-15	6.75	6.51	4.7	331.115182616647
2011	147321	333.0	333.63	2021-09-15	6.75	6.51	4.7	334.0148144886097
2012	25216	333.7	333.51	2021-09-15	6.75	6.51	4.7	333.7395833436599
2013	872806	333.04	331.1	2021-09-16	6.75	6.51	4.7	333.5057704931219
2014	2473081	331.11	327.07	2021-09-16	6.75	6.51	4.7	331.115182616647
2015	2679675	327.0	326.41	2021-09-16	6.75	6.51	4.7	327.1549117362551
2016	202730	326.38	327.08	2021-09-16	6.75	6.51	4.7	327.15618219141703
2017	22056	327.06	326.99	2021-09-16	6.75	6.51	4.7	327.15618219141703
2018	390337	326.9	327.63	2021-09-17	6.75	6.51	4.7	327.1549117362551
2019	1690735	327.63	328.52	2021-09-17	6.75	6.51	4.7	327.1549117362551
2020	3088150	328.41	331.73	2021-09-17	6.75	6.51	4.7	328.9080228377777
2021	191699	331.48	330.22	2021-09-17	6.75	6.51	4.7	331.11645307180896
2022	51711	330.17	329.56	2021-09-17	6.75	6.51	4.7	329.71170608938
2023	723163	327.01	326.7	2021-09-20	6.75	6.51	4.7	327.1549117362551
2024	858108	326.78	326.67	2021-09-20	6.75	6.51	4.7	327.1549117362551
2025	1191827	326.67	327.61	2021-09-20	6.75	6.51	4.7	327.1549117362551
2026	353882	327.89	327.55	2021-09-20	6.75	6.51	4.7	327.71877846361537
2027	56280	327.65	326.92	2021-09-20	6.75	6.51	4.7	327.15618219141703
2028	682493	328.44	327.7	2021-09-21	6.75	6.51	4.7	328.6091869139684
2029	1528858	327.67	324.8	2021-09-21	6.75	6.51	4.7	327.1549117362551
2030	2201865	324.77	322.48	2021-09-21	6.75	6.51	4.7	323.89182694238275
2031	307506	322.97	323.42	2021-09-21	6.75	6.51	4.7	322.7572759936816
2032	56207	323.42	323.25	2021-09-21	6.75	6.51	4.7	323.53158446284573
2033	485156	325.28	323.25	2021-09-22	6.75	6.51	4.7	325.1698298732229
2034	1268950	323.22	325.3	2021-09-22	6.75	6.51	4.7	323.5303140076838
2035	1746668	325.21	328.42	2021-09-22	6.75	6.51	4.7	325.1698298732229
2036	289779	328.04	327.72	2021-09-22	6.75	6.51	4.7	327.7200489187773
2037	29240	327.79	327.8	2021-09-22	6.75	6.51	4.7	327.7200489187773
2038	518298	328.94	328.3	2021-09-23	6.75	6.51	4.7	328.6091869139684
2039	1244043	328.34	326.7	2021-09-23	6.75	6.51	4.7	327.71877846361537
2040	784295	326.7	327.0	2021-09-23	6.75	6.51	4.7	327.1549117362551
2041	131630	327.0	327.02	2021-09-23	6.75	6.51	4.7	327.15618219141703
2042	28523	327.1	327.02	2021-09-23	6.75	6.51	4.7	327.15618219141703
2043	535628	326.08	325.29	2021-09-24	6.75	6.51	4.7	325.1698298732229
2044	782541	325.3	324.08	2021-09-24	6.75	6.51	4.7	325.1698298732229
2045	1009489	324.08	325.0	2021-09-24	6.75	6.51	4.7	323.89182694238275
2046	96554	325.23	324.71	2021-09-24	6.75	6.51	4.7	325.17110032838485
2047	34221	324.71	325.44	2021-09-24	6.75	6.51	4.7	323.8930973975447
2048	568561	326.39	328.47	2021-09-27	6.75	6.51	4.7	327.1549117362551
2049	1201990	328.47	329.26	2021-09-27	6.75	6.51	4.7	328.6091869139684
2050	1467026	329.26	331.89	2021-09-27	6.75	6.51	4.7	328.6091869139684
2051	184508	331.52	331.7	2021-09-27	6.75	6.51	4.7	331.11645307180896
2052	18945	331.7	331.68	2021-09-27	6.75	6.51	4.7	331.11645307180896
2053	1052317	332.07	332.3	2021-09-28	6.75	6.51	4.7	331.115182616647
2054	1374327	332.24	333.2	2021-09-28	6.75	6.51	4.7	332.99205996487194
2055	2582967	333.16	330.75	2021-09-28	6.75	6.51	4.7	333.5057704931219
2056	179752	330.33	330.07	2021-09-28	6.75	6.51	4.7	329.71170608938
2057	64905	329.98	329.3	2021-09-28	6.75	6.51	4.7	329.71170608938
2058	556524	329.09	328.68	2021-09-29	6.75	6.51	4.7	328.6091869139684
2059	632514	328.67	329.5	2021-09-29	6.75	6.51	4.7	328.6091869139684
2060	1435539	329.51	328.5	2021-09-29	6.75	6.51	4.7	328.6091869139684
2061	124695	328.82	328.16	2021-09-29	6.75	6.51	4.7	328.61045736913036
2062	15604	328.17	328.43	2021-09-29	6.75	6.51	4.7	327.7200489187773
2063	926818	329.98	331.98	2021-09-30	6.75	6.47	4.7	329.9067074955001
2064	1477950	331.95	332.84	2021-09-30	6.75	6.47	4.7	331.31145447792903
2065	5138768	332.84	340.8	2021-09-30	6.75	6.47	4.7	336.2098224581087
2066	739941	340.42	340.19	2021-09-30	6.75	6.47	4.7	339.232567001534
2067	78729	340.26	340.99	2021-09-30	6.75	6.47	4.7	339.23383745669594
2068	1080160	339.21	336.53	2021-10-01	6.75	6.47	3.7	339.2170010343223
2069	1299862	336.53	337.38	2021-10-01	6.75	6.47	3.7	334.3813147301388
2070	1163761	337.38	336.86	2021-10-01	6.75	6.47	3.7	334.3813147301388
2071	169812	337.44	338.38	2021-10-01	6.75	6.47	3.7	334.3981511525124
2072	55027	338.38	338.48	2021-10-01	6.75	6.47	3.7	339.23383745669594
2073	594742	337.9	337.64	2021-10-04	6.75	6.47	3.7	339.2170010343223
2074	2454773	337.64	345.12	2021-10-04	6.75	6.47	3.7	339.8140950017232
2075	2604315	345.12	346.0	2021-10-04	6.75	6.47	3.7	347.3550322335565
2076	321637	346.48	345.95	2021-10-04	6.75	6.47	3.7	346.75793826615563
2077	36654	345.92	345.85	2021-10-04	6.75	6.47	3.7	346.77477468852925
2078	993848	346.78	345.39	2021-10-05	6.75	6.47	3.7	346.75793826615563
2079	2915063	345.39	353.66	2021-10-05	6.75	6.47	3.7	348.97354541619967
2080	4201074	353.65	362.3	2021-10-05	6.75	6.47	3.7	353.2129688418209
2081	416711	362.35	363.94	2021-10-05	6.75	6.47	3.7	363.39749737477183
2082	154975	363.89	363.2	2021-10-05	6.75	6.47	3.7	364.7768602833056
2083	2723011	366.0	373.48	2021-10-06	6.75	6.47	3.7	368.7277935926986
2084	4364423	373.48	362.55	2021-10-06	6.75	6.47	3.7	366.1976944740034
2085	2035492	362.55	362.71	2021-10-06	6.75	6.47	3.7	363.39749737477183
2086	405690	362.99	364.83	2021-10-06	6.75	6.47	3.7	363.39749737477183
2087	51570	364.83	364.28	2021-10-06	6.75	6.47	3.7	364.7768602833056
2088	1727892	367.69	370.6	2021-10-07	6.75	6.47	3.7	368.7523445450169
2089	1630293	370.58	368.88	2021-10-07	6.75	6.47	3.7	368.59613938598557
2090	1348034	368.85	369.36	2021-10-07	6.75	6.47	3.7	368.7523445450169
2091	217839	369.98	368.15	2021-10-07	6.75	6.47	3.7	368.67583199351856
2092	31137	368.15	368.93	2021-10-07	6.75	6.47	3.7	368.7691809673905
2093	783923	370.0	369.59	2021-10-08	6.75	6.47	3.7	368.59613938598557
2094	764242	369.54	370.63	2021-10-08	6.75	6.47	3.7	368.59613938598557
2095	1370766	370.6	372.49	2021-10-08	6.75	6.47	3.7	368.59613938598557
2096	155705	372.64	373.31	2021-10-08	6.75	6.47	3.7	371.5337980361285
2097	30122	373.3	373.01	2021-10-08	6.75	6.47	3.7	371.5337980361285
2098	1408694	375.0	378.67	2021-10-11	6.75	6.47	3.7	374.8119864204639
2099	2988194	378.66	385.48	2021-10-11	6.75	6.47	3.7	381.17420637065055
2100	1939528	385.3	387.0	2021-10-11	6.75	6.47	3.7	385.316216292711
2101	257804	387.3	386.81	2021-10-11	6.75	6.47	3.7	385.6192926202976
2102	75699	386.81	387.6	2021-10-11	6.75	6.47	3.7	385.89097362029753
2103	980975	385.88	384.26	2021-10-12	6.75	6.47	3.7	384.373930292711
2104	2199251	384.25	379.53	2021-10-12	6.75	6.47	3.7	385.316216292711
2105	1750997	379.53	378.0	2021-10-12	6.75	6.47	3.7	378.4315308475962
2106	172219	378.22	378.16	2021-10-12	6.75	6.47	3.7	377.7026451842338
2107	63097	378.16	377.79	2021-10-12	6.75	6.47	3.7	377.7026451842338
2108	1052494	378.86	374.31	2021-10-13	6.75	6.47	3.7	378.4315308475962
2109	1273110	374.31	375.0	2021-10-13	6.75	6.47	3.7	374.8119864204639
2110	2670515	375.04	379.4	2021-10-13	6.75	6.47	3.7	377.25582601970893
2111	434321	379.4	378.64	2021-10-13	6.75	6.47	3.7	378.4315308475962
2112	37988	378.75	378.8	2021-10-13	6.75	6.47	3.7	378.5112234551292
2113	819306	382.0	378.68	2021-10-14	6.75	6.47	3.7	378.4315308475962
2114	1148548	378.63	377.8	2021-10-14	6.75	6.47	3.7	377.6229525767008
2115	1504328	377.9	376.01	2021-10-14	6.75	6.47	3.7	377.6229525767008
2116	138811	376.47	375.27	2021-10-14	6.75	6.47	3.7	375.16224719612717
2117	25347	375.27	376.09	2021-10-14	6.75	6.47	3.7	374.8916790279969
2118	689441	377.92	374.07	2021-10-15	6.75	6.47	3.7	377.6229525767008
2119	1649920	374.11	373.48	2021-10-15	6.75	6.47	3.7	374.8119864204639
2120	1196686	373.48	371.4	2021-10-15	6.75	6.47	3.7	371.4541054285955
2121	149095	371.3	372.1	2021-10-15	6.75	6.47	3.7	371.5337980361285
2122	51672	372.11	371.82	2021-10-15	6.75	6.47	3.7	371.5337980361285
2123	1058480	369.35	366.07	2021-10-18	6.75	6.47	3.7	368.59613938598557
2124	1323293	366.0	364.54	2021-10-18	6.75	6.47	3.7	366.5121864426546
2125	1222099	364.6	365.15	2021-10-18	6.75	6.47	3.7	364.760023860932
2126	175825	365.15	365.28	2021-10-18	6.75	6.47	3.7	365.43643940471014
2127	43523	365.29	364.6	2021-10-18	6.75	6.47	3.7	365.43643940471014
2128	729383	366.14	361.79	2021-10-19	6.75	6.47	3.7	366.5121864426546
2129	1223882	361.79	367.2	2021-10-19	6.75	6.47	3.7	363.39749737477183
2130	1853620	367.2	371.62	2021-10-19	6.75	6.47	3.7	368.7523445450169
2131	159331	372.0	372.51	2021-10-19	6.75	6.47	3.7	371.5337980361285
2132	36957	372.51	373.18	2021-10-19	6.75	6.47	3.7	371.5337980361285
2133	768645	371.83	368.38	2021-10-20	6.75	6.47	3.7	371.4541054285955
2134	830156	368.41	368.45	2021-10-20	6.75	6.47	3.7	368.7523445450169
2135	990971	368.4	370.65	2021-10-20	6.75	6.47	3.7	368.7523445450169
2136	138940	371.29	370.91	2021-10-20	6.75	6.47	3.7	371.05622439077274
2137	25013	370.91	370.16	2021-10-20	6.75	6.47	3.7	370.14816178167405
2138	291759	368.2	370.26	2021-10-21	6.75	6.47	3.7	368.8320371525499
2139	626917	370.32	369.46	2021-10-21	6.75	6.47	3.7	368.59613938598557
2140	1300769	369.51	364.1	2021-10-21	6.75	6.47	3.7	368.59613938598557
2141	197702	364.1	365.15	2021-10-21	6.75	6.47	3.7	364.7768602833056
2142	32655	365.19	364.6	2021-10-21	6.75	6.47	3.7	365.43643940471014
2143	380776	364.0	365.1	2021-10-22	6.75	6.47	3.7	364.760023860932
2144	1213353	365.12	368.83	2021-10-22	6.75	6.47	3.7	365.4196029823365
2145	832152	368.83	364.5	2021-10-22	6.75	6.47	3.7	368.7523445450169
2146	182119	364.62	364.9	2021-10-22	6.75	6.47	3.7	364.7768602833056
2147	29451	364.82	364.37	2021-10-22	6.75	6.47	3.7	364.7768602833056
2148	591998	366.2	363.79	2021-10-25	7.5	6.47	3.7	366.5121864426546
2149	1325705	363.79	369.18	2021-10-25	7.5	6.47	3.7	364.760023860932
2150	1500875	369.24	370.04	2021-10-25	7.5	6.47	3.7	368.7523445450169
2151	123436	369.78	369.3	2021-10-25	7.5	6.47	3.7	368.67583199351856
2152	21769	369.3	369.98	2021-10-25	7.5	6.47	3.7	368.8320371525499
2153	550390	369.89	367.6	2021-10-26	7.5	6.47	3.7	368.59613938598557
2154	1009144	367.6	368.35	2021-10-26	7.5	6.47	3.7	368.7523445450169
2155	2324342	368.35	372.03	2021-10-26	7.5	6.47	3.7	369.3494385124178
2156	264338	372.3	371.84	2021-10-26	7.5	6.47	3.7	371.5337980361285
2157	35163	371.8	372.16	2021-10-26	7.5	6.47	3.7	371.5337980361285
2158	617747	371.0	370.44	2021-10-27	7.5	6.47	3.7	370.06846917414106
2159	1109618	370.43	367.33	2021-10-27	7.5	6.47	3.7	368.59613938598557
2160	1649013	367.34	372.8	2021-10-27	7.5	6.47	3.7	368.7523445450169
2161	224504	373.18	372.01	2021-10-27	7.5	6.47	3.7	371.5337980361285
2162	43832	372.0	371.36	2021-10-27	7.5	6.47	3.7	371.5337980361285
2163	1055981	370.5	369.44	2021-10-28	7.5	6.47	3.7	368.59613938598557
2164	2162020	369.47	364.53	2021-10-28	7.5	6.47	3.7	368.59613938598557
2165	1887699	364.4	363.25	2021-10-28	7.5	6.47	3.7	364.760023860932
2166	240454	363.25	365.6	2021-10-28	7.5	6.47	3.7	363.41433379714545
2167	41855	365.6	365.36	2021-10-28	7.5	6.47	3.7	365.43643940471014
2168	1201990	364.34	359.55	2021-10-29	7.5	6.47	3.7	364.760023860932
2169	1325120	359.43	358.36	2021-10-29	7.5	6.47	3.7	358.5438212768911
2170	2427263	358.38	356.11	2021-10-29	7.5	6.47	3.7	359.140915244292
2171	337227	356.11	356.23	2021-10-29	7.5	6.47	3.7	354.253652549695
2172	62553	356.38	356.14	2021-10-29	7.5	6.47	3.7	356.01301133724724
2173	797142	356.15	359.98	2021-11-01	7.5	6.69	3.7	353.98867982243263
2174	1364839	359.93	360.54	2021-11-01	7.5	6.69	3.7	360.43353295888016
2175	2935356	360.6	370.58	2021-11-01	7.5	6.69	3.7	362.9742882600104
2176	345546	371.39	371.01	2021-11-01	7.5	6.69	3.7	371.1891327013331
2177	69902	371.14	370.96	2021-11-01	7.5	6.69	3.7	370.79125166351037
2178	669370	371.0	368.86	2021-11-02	7.5	6.69	3.7	369.8034964468787
2179	1573826	368.79	370.75	2021-11-02	7.5	6.69	3.7	368.48737181775454
2180	1307131	370.83	371.17	2021-11-02	7.5	6.69	3.7	369.8034964468787
2181	168137	371.08	371.19	2021-11-02	7.5	6.69	3.7	370.79125166351037
2182	53782	371.19	370.7	2021-11-02	7.5	6.69	3.7	370.79125166351037
2183	504479	370.0	367.52	2021-11-03	7.5	6.69	3.7	368.3311666587232
2184	1064064	367.52	365.87	2021-11-03	7.5	6.69	3.7	368.48737181775454
2185	1059836	365.87	368.58	2021-11-03	7.5	6.69	3.7	366.2472137153922
2186	381480	368.39	369.66	2021-11-03	7.5	6.69	3.7	368.48737181775454
2187	77751	369.58	370.13	2021-11-03	7.5	6.69	3.7	368.4108592662562
2188	623630	366.99	365.83	2021-11-05	7.5	6.69	3.7	366.2472137153922
2189	1317234	365.72	363.32	2021-11-05	7.5	6.69	3.7	365.15463025507415
2190	1652191	363.32	359.61	2021-11-05	7.5	6.69	3.7	363.13252464750946
2191	277373	359.41	360.7	2021-11-05	7.5	6.69	3.7	358.29568497200233
2192	52533	360.7	360.21	2021-11-05	7.5	6.69	3.7	361.67144742355015
2193	654134	362.57	360.95	2021-11-08	7.5	6.69	3.7	363.13252464750946
2194	1420605	361.0	358.55	2021-11-08	7.5	6.69	3.7	361.65461100117653
2195	1739797	358.51	359.07	2021-11-08	7.5	6.69	3.7	358.2788485496287
2196	124485	359.0	358.42	2021-11-08	7.5	6.69	3.7	358.29568497200233
2197	34521	358.6	358.39	2021-11-08	7.5	6.69	3.7	358.29568497200233
2198	661049	358.41	360.74	2021-11-09	7.5	6.69	3.7	358.2788485496287
2199	1779578	360.75	358.98	2021-11-09	7.5	6.69	3.7	361.65461100117653
2200	1445858	358.98	356.97	2021-11-09	7.5	6.69	3.7	358.2788485496287
2201	256195	356.97	357.51	2021-11-09	7.5	6.69	3.7	355.74803860998486
2202	29162	357.62	357.44	2021-11-09	7.5	6.69	3.7	358.29568497200233
2203	667107	356.7	354.55	2021-11-10	7.5	6.69	3.7	355.73120218761125
2204	1851229	354.64	353.46	2021-11-10	7.5	6.69	3.7	353.98867982243263
2205	1507320	353.5	353.4	2021-11-10	7.5	6.69	3.7	353.3691370219759
2206	424249	353.04	349.27	2021-11-10	7.5	6.69	3.7	350.2929873510181
2207	205534	349.26	348.65	2021-11-10	7.5	6.69	3.7	350.3098237733917
2208	949735	350.11	351.6	2021-11-11	7.5	6.69	3.7	350.2929873510181
2209	1592292	351.6	354.15	2021-11-11	7.5	6.69	3.7	350.2929873510181
2210	1381770	354.27	356.44	2021-11-11	7.5	6.69	3.7	353.98867982243263
2211	299082	356.44	357.1	2021-11-11	7.5	6.69	3.7	355.74803860998486
2212	65838	357.12	356.24	2021-11-11	7.5	6.69	3.7	355.74803860998486
2213	693206	356.24	352.11	2021-11-12	7.5	6.69	3.7	353.98867982243263
2214	4014152	352.07	341.89	2021-11-12	7.5	6.69	3.7	348.2469842104328
2215	4783932	341.88	349.37	2021-11-12	7.5	6.69	3.7	347.3688415586022
2216	508255	350.0	347.96	2021-11-12	7.5	6.69	3.7	350.2929873510181
2217	67627	347.96	347.59	2021-11-12	7.5	6.69	3.7	346.5098019612669
2218	1019902	349.24	350.52	2021-11-15	7.5	6.69	3.7	350.2929873510181
2219	2531711	350.59	347.98	2021-11-15	7.5	6.69	3.7	350.2929873510181
2220	1991806	347.98	344.86	2021-11-15	7.5	6.69	3.7	346.49296553889326
2221	393209	345.2	344.65	2021-11-15	7.5	6.69	3.7	346.49296553889326
2222	59400	344.56	344.39	2021-11-15	7.5	6.69	3.7	346.5098019612669
2223	726185	345.99	343.8	2021-11-16	7.5	6.69	3.7	346.49296553889326
2224	3033303	343.81	337.26	2021-11-16	7.5	6.69	3.7	347.8126427977271
2225	1932278	337.25	338.23	2021-11-16	7.5	6.69	3.7	334.1163420028764
2226	443139	338.52	337.96	2021-11-16	7.5	6.69	3.7	338.95202830705995
2227	61719	338.12	337.91	2021-11-16	7.5	6.69	3.7	338.96886472943356
2228	657309	338.49	341.25	2021-11-17	7.5	6.69	3.7	338.95202830705995
2229	2061906	341.2	339.3	2021-11-17	7.5	6.69	3.7	346.49296553889326
2230	1712418	339.3	341.25	2021-11-17	7.5	6.69	3.7	338.95202830705995
2231	482864	340.48	339.64	2021-11-17	7.5	6.69	3.7	338.95202830705995
2232	62494	339.65	339.89	2021-11-17	7.5	6.69	3.7	338.96886472943356
2233	552039	338.97	339.45	2021-11-18	7.5	6.69	3.7	338.95202830705995
2234	1318491	339.49	340.01	2021-11-18	7.5	6.69	3.7	338.95202830705995
2235	2224175	340.0	335.09	2021-11-18	7.5	6.69	3.7	338.95202830705995
2236	555063	335.39	336.7	2021-11-18	7.5	6.69	3.7	334.1163420028764
2237	62572	336.7	336.93	2021-11-18	7.5	6.69	3.7	334.13317842525004
2238	625662	339.37	336.03	2021-11-19	7.5	6.69	3.7	338.95202830705995
2239	3602417	336.28	328.39	2021-11-19	7.5	6.69	3.7	332.0703388622911
2240	2007988	328.31	327.02	2021-11-19	7.5	6.69	3.7	327.63451163042333
2241	407830	327.0	328.09	2021-11-19	7.5	6.69	3.7	327.07064490306306
2242	66283	328.14	327.56	2021-11-19	7.5	6.69	3.7	327.65134805279695
2243	1811340	326.05	324.54	2021-11-22	7.5	6.69	3.7	325.0855630400309
2244	7076325	324.55	314.0	2021-11-22	7.5	6.69	3.7	316.10389849675147
2245	4095755	313.92	310.1	2021-11-22	7.5	6.69	3.7	314.7675606032368
2246	1321626	309.78	309.7	2021-11-22	7.5	6.69	3.7	309.8378781292225
2247	129331	309.59	309.15	2021-11-22	7.5	6.69	3.7	309.8547145515961
2248	3736880	306.28	310.4	2021-11-23	7.5	6.69	3.7	306.9530809012434
2249	5591355	310.5	319.36	2021-11-23	7.5	6.69	3.7	311.88006425540704
2250	4319902	319.35	322.71	2021-11-23	7.5	6.69	3.7	318.7294132575099
2251	655113	323.4	325.38	2021-11-23	7.5	6.69	3.7	323.44604717449175
2252	181679	325.42	326.84	2021-11-23	7.5	6.69	3.7	325.1023994624045
2253	1703883	328.0	321.0	2021-11-24	7.5	6.69	3.7	327.63451163042333
2254	3857927	321.0	321.85	2021-11-24	7.5	6.69	3.7	322.3004720694141
2255	1845150	321.9	320.6	2021-11-24	7.5	6.69	3.7	322.4589832773399
2256	291737	320.99	321.86	2021-11-24	7.5	6.69	3.7	322.4758196997135
2257	92261	321.86	321.22	2021-11-24	7.5	6.69	3.7	322.4758196997135
2258	596127	322.35	322.38	2021-11-25	7.5	6.69	3.7	322.4589832773399
2259	2206299	322.4	317.19	2021-11-25	7.5	6.69	3.7	322.4589832773399
2260	1290599	317.17	317.25	2021-11-25	7.5	6.69	3.7	317.89130245645265
2261	263828	316.99	317.93	2021-11-25	7.5	6.69	3.7	317.90813887882626
2262	50429	317.92	317.29	2021-11-25	7.5	6.69	3.7	317.90813887882626
2263	2066486	307.14	308.48	2021-11-26	7.5	6.69	3.7	307.1115921091692
2264	3693494	308.49	307.42	2021-11-26	7.5	6.69	3.7	307.84167698134235
2265	2669294	307.42	304.28	2021-11-26	7.5	6.69	3.7	307.13738311533064
2266	527908	304.57	305.65	2021-11-26	7.5	6.69	3.7	304.68850045847483
2267	110944	305.65	304.42	2021-11-26	7.5	6.69	3.7	306.05263464754006
2268	1774540	311.11	313.6	2021-11-29	7.5	6.69	3.7	311.14509992205745
2269	2927522	313.53	317.71	2021-11-29	7.5	6.69	3.7	315.2018444141959
2270	2918412	317.77	316.9	2021-11-29	7.5	6.69	3.7	317.9170934626141
2271	515856	316.52	316.53	2021-11-29	7.5	6.69	3.7	315.71756900843553
2272	123260	316.51	316.57	2021-11-29	7.5	6.69	3.7	315.73440543080915
2273	1008710	311.0	313.67	2021-11-30	7.5	7.41	3.7	311.14509992205745
2274	3119680	313.74	316.73	2021-11-30	7.5	7.41	3.7	314.951862817324
2275	4761980	316.7	318.58	2021-11-30	7.5	7.41	3.7	317.7915233150421
2276	813306	315.66	313.65	2021-11-30	7.5	7.41	3.7	315.4544281890549
2277	115471	313.63	315.0	2021-11-30	7.5	7.41	3.7	314.9429082335362
2278	1109642	321.3	322.89	2021-12-01	7.5	7.41	4.9	322.47454924455155
2279	2426350	322.74	325.75	2021-12-01	7.5	7.41	4.9	322.6873046725393
2280	2489039	325.73	328.82	2021-12-01	7.5	7.41	4.9	325.10112900724255
2281	779869	329.01	325.14	2021-12-01	7.5	7.41	4.9	328.54048604798805
2282	188102	325.29	324.4	2021-12-01	7.5	7.41	4.9	325.1023994624045
2283	866090	325.4	323.48	2021-12-02	7.5	7.41	4.9	325.10112900724255
2284	2443527	323.48	324.62	2021-12-02	7.5	7.41	4.9	323.4616131417034
2285	2317234	324.48	325.5	2021-12-02	7.5	7.41	4.9	323.8231260764024
2286	453724	326.4	326.59	2021-12-02	7.5	7.41	4.9	327.0862108702747
2287	63917	326.59	326.8	2021-12-02	7.5	7.41	4.9	327.08748132543667
2288	700048	327.6	327.65	2021-12-03	7.5	7.41	4.9	327.0862108702747
2289	1558466	327.74	324.71	2021-12-03	7.5	7.41	4.9	327.0862108702747
2290	1457871	324.72	320.34	2021-12-03	7.5	7.41	4.9	323.8231260764024
2291	522458	320.17	320.11	2021-12-03	7.5	7.41	4.9	318.90349043264735
2292	71776	320.09	320.66	2021-12-03	7.5	7.41	4.9	318.9047608878093
2293	2756	322.0	322.0	2021-12-06	7.5	7.41	4.9	322.4758196997135
2294	1128255	322.0	319.25	2021-12-06	7.5	7.41	4.9	322.47454924455155
2295	5655554	319.22	310.51	2021-12-06	7.5	7.41	4.9	315.29581232634894
2296	3533614	310.51	304.91	2021-12-06	7.5	7.41	4.9	310.9763636751819
2297	841037	304.7	308.15	2021-12-06	7.5	7.41	4.9	304.7040664256865
2298	75095	308.2	307.5	2021-12-06	7.5	7.41	4.9	308.0170246116417
2299	2798826	307.02	302.81	2021-12-07	7.5	7.41	4.9	307.12715807638085
2300	4783478	302.81	306.21	2021-12-07	7.5	7.41	4.9	303.4780118498124
2301	5914843	306.32	308.0	2021-12-07	7.5	7.41	4.9	305.8997171713306
2302	1622331	308.06	310.53	2021-12-07	7.5	7.41	4.9	308.0157541564798
2303	234427	310.52	309.79	2021-12-07	7.5	7.41	4.9	311.16193634443107
2304	1261	310.99	310.99	2021-12-08	7.5	7.41	4.9	311.16193634443107
2305	3416011	310.97	309.2	2021-12-08	7.5	7.41	4.9	311.03909526240045
2306	3982437	309.31	305.02	2021-12-08	7.5	7.41	4.9	308.9167145770396
2307	14271288	305.02	291.57	2021-12-08	7.5	7.41	4.9	294.9831291262591
2308	2241732	292.11	296.85	2021-12-08	7.5	7.41	4.9	292.2066214647092
2309	160683	296.85	296.95	2021-12-08	7.5	7.41	4.9	296.5006520894844
2310	654	297.49	297.49	2021-12-09	7.5	7.41	4.9	296.5006520894844
2311	3067014	297.49	298.72	2021-12-09	7.5	7.41	4.9	296.49938163432245
2312	5701678	298.73	303.39	2021-12-09	7.5	7.41	4.9	297.751080093111
2313	3567345	303.34	302.6	2021-12-09	7.5	7.41	4.9	303.28249618109123
2314	775103	302.49	299.72	2021-12-09	7.5	7.41	4.9	303.4273456394097
2315	219348	299.62	300.4	2021-12-09	7.5	7.41	4.9	298.78735225739183
2316	247	300.5	300.5	2021-12-10	7.5	7.41	4.9	300.74323913153114
2317	1198155	300.41	299.19	2021-12-10	7.5	7.41	4.9	300.7419686763692
2318	1911229	299.15	299.05	2021-12-10	7.5	7.41	4.9	298.7860818022299
2319	4533551	299.04	295.0	2021-12-10	7.5	7.41	4.9	298.48501473676134
2320	445878	295.0	297.17	2021-12-10	7.5	7.41	4.9	295.2841910119138
2321	113288	297.18	297.44	2021-12-10	7.5	7.41	4.9	296.5006520894844
2322	661	298.23	298.23	2021-12-13	7.5	7.41	4.9	298.78735225739183
2323	1362421	298.28	294.43	2021-12-13	7.5	7.41	4.9	298.7860818022299
2324	3908048	294.4	291.67	2021-12-13	7.5	7.41	4.9	294.4551957010514
2325	7912517	291.67	282.57	2021-12-13	7.5	7.41	4.9	284.8416106430646
2326	1249097	281.96	280.92	2021-12-13	7.5	7.41	4.9	282.65521916160566
2327	189041	280.92	280.64	2021-12-13	7.5	7.41	4.9	279.8734485929251
2328	950	280.2	280.2	2021-12-14	7.5	7.41	4.9	279.66022116843044
2329	6826097	280.21	275.1	2021-12-14	7.5	7.41	4.9	275.37210708571
2330	5241764	275.03	278.79	2021-12-14	7.5	7.41	4.9	275.32925035329265
2331	4569977	278.78	282.08	2021-12-14	7.5	7.41	4.9	279.25667223402473
2332	793617	282.15	283.7	2021-12-14	7.5	7.41	4.9	282.65521916160566
2333	209867	283.6	284.9	2021-12-14	7.5	7.41	4.9	283.17720360858397
2334	681	284.9	284.9	2021-12-15	7.5	7.41	4.9	283.429071240685
2335	1956828	285.0	282.69	2021-12-15	7.5	7.41	4.9	283.42780078552306
2336	2789213	282.68	284.01	2021-12-15	7.5	7.41	4.9	282.74952392144144
2337	2822068	284.01	280.46	2021-12-15	7.5	7.41	4.9	283.42780078552306
2338	732243	280.62	284.3	2021-12-15	7.5	7.41	4.9	279.87217813776317
2339	441760	284.21	286.65	2021-12-15	7.5	7.41	4.9	283.42780078552306
2340	3710	287.7	287.7	2021-12-16	7.5	7.41	4.9	286.7092459604411
2341	2884756	287.75	292.7	2021-12-16	7.5	7.41	4.9	286.70797550527914
2342	4025772	292.72	295.12	2021-12-16	7.5	7.41	4.9	291.90555439924066
2343	5266329	295.1	298.55	2021-12-16	7.5	7.41	4.9	295.2954044665477
2344	1093499	297.95	295.08	2021-12-16	7.5	7.41	4.9	296.49938163432245
2345	164853	295.0	295.89	2021-12-16	7.5	7.41	4.9	295.2854614670757
2346	592	295.0	295.0	2021-12-17	7.5	7.41	4.9	295.2854614670757
2347	2149075	295.0	294.95	2021-12-17	7.5	7.41	4.9	295.2841910119138
2348	3207137	294.95	294.63	2021-12-17	7.5	7.41	4.9	294.75626276651997
2349	4957680	294.59	295.66	2021-12-17	7.5	7.41	4.9	294.7674762211539
2350	522761	295.55	295.14	2021-12-17	7.5	7.41	4.9	295.7022689510488
2351	139812	295.14	294.9	2021-12-17	7.5	7.41	4.9	295.2854614670757
2352	5650	293.11	293.11	2021-12-20	8.5	7.41	4.9	292.20789191987114
2353	1931668	293.11	289.51	2021-12-20	8.5	7.41	4.9	292.2066214647092
2354	3357535	289.61	289.12	2021-12-20	8.5	7.41	4.9	289.5510055155192
2355	2183990	289.2	288.0	2021-12-20	8.5	7.41	4.9	289.67257614238787
2356	377675	287.28	288.9	2021-12-20	8.5	7.41	4.9	286.70797550527914
2357	110618	288.92	288.4	2021-12-20	8.5	7.41	4.9	289.6738465975498
2358	1502	289.8	289.8	2021-12-21	8.5	7.41	4.9	289.6738465975498
2359	1270205	289.8	290.58	2021-12-21	8.5	7.41	4.9	289.67257614238787
2360	2497699	290.58	287.48	2021-12-21	8.5	7.41	4.9	290.57061057134536
2361	1880486	287.49	290.04	2021-12-21	8.5	7.41	4.9	286.70797550527914
2362	681982	290.77	291.83	2021-12-21	8.5	7.41	4.9	290.86255985163643
2363	161445	291.92	291.7	2021-12-21	8.5	7.41	4.9	292.20789191987114
2364	543	291.8	291.8	2021-12-22	8.5	7.41	4.9	290.8638303067984
2365	1183580	291.83	291.63	2021-12-22	8.5	7.41	4.9	292.2066214647092
2366	2698651	291.55	294.8	2021-12-22	8.5	7.41	4.9	290.86255985163643
2367	1940733	294.87	295.2	2021-12-22	8.5	7.41	4.9	294.75626276651997
2368	459287	295.49	293.58	2021-12-22	8.5	7.41	4.9	295.7022689510488
2369	102898	293.64	294.0	2021-12-22	8.5	7.41	4.9	294.7575332216819
2370	366	294.68	294.68	2021-12-23	8.5	7.41	4.9	294.7575332216819
2371	1326070	294.68	293.66	2021-12-23	8.5	7.41	4.9	294.75626276651997
2372	1937421	293.65	292.4	2021-12-23	8.5	7.41	4.9	294.75626276651997
2373	1846952	292.4	294.3	2021-12-23	8.5	7.41	4.9	292.2066214647092
2374	328107	294.05	293.6	2021-12-23	8.5	7.41	4.9	294.75626276651997
2375	114583	293.5	292.8	2021-12-23	8.5	7.41	4.9	292.20789191987114
2376	150	292.92	292.92	2021-12-24	8.5	7.41	4.9	292.20789191987114
2377	763496	293.0	293.43	2021-12-24	8.5	7.41	4.9	292.2066214647092
2378	1859928	293.45	291.57	2021-12-24	8.5	7.41	4.9	292.2066214647092
2379	871338	291.62	293.85	2021-12-24	8.5	7.41	4.9	290.86255985163643
2380	192033	293.85	293.2	2021-12-24	8.5	7.41	4.9	294.7575332216819
2381	80140	293.19	293.89	2021-12-24	8.5	7.41	4.9	292.20789191987114
2382	652267	295.02	295.0	2021-12-27	8.5	7.41	4.9	295.2841910119138
2383	1275440	295.1	294.44	2021-12-27	8.5	7.41	4.9	295.2841910119138
2384	1162141	294.52	295.03	2021-12-27	8.5	7.41	4.9	294.75626276651997
2385	230143	295.04	295.12	2021-12-27	8.5	7.41	4.9	295.2854614670757
2386	104328	295.02	295.68	2021-12-27	8.5	7.41	4.9	295.2854614670757
2387	567	295.84	295.84	2021-12-28	8.5	7.41	4.9	295.7035394062107
2388	931117	295.84	296.18	2021-12-28	8.5	7.41	4.9	295.7022689510488
2389	1178069	296.17	295.98	2021-12-28	8.5	7.41	4.9	296.49938163432245
2390	1288685	295.98	296.04	2021-12-28	8.5	7.41	4.9	296.49938163432245
2391	315725	295.7	295.01	2021-12-28	8.5	7.41	4.9	295.7022689510488
2392	70857	295.01	295.0	2021-12-28	8.5	7.41	4.9	295.2854614670757
2393	503	295.05	295.05	2021-12-29	8.5	7.41	5.2	295.2854614670757
2394	646153	295.05	294.66	2021-12-29	8.5	7.41	5.2	295.2841910119138
2395	1524108	294.7	292.2	2021-12-29	8.5	7.41	5.2	294.75626276651997
2396	1288758	292.2	292.8	2021-12-29	8.5	7.41	5.2	292.2066214647092
2397	224824	292.6	293.23	2021-12-29	8.5	7.41	5.2	292.20789191987114
2398	77058	293.25	293.51	2021-12-29	8.5	7.41	5.2	292.20789191987114
2399	111	293.6	293.6	2021-12-30	8.5	7.41	5.2	294.7575332216819
2400	440404	293.61	292.55	2021-12-30	8.5	7.41	5.2	294.75626276651997
2401	814013	292.58	293.04	2021-12-30	8.5	7.41	5.2	292.2066214647092
2402	2441206	293.04	293.62	2021-12-30	8.5	7.41	5.2	292.2066214647092
2403	464855	293.61	294.05	2021-12-30	8.5	7.41	5.2	294.75626276651997
2404	96031	294.06	293.49	2021-12-30	8.5	7.41	5.2	294.7575332216819
2405	2691	295.9	295.9	2022-01-03	8.5	8.14	5.2	296.476509936444
2406	1303709	295.9	300.25	2022-01-03	8.5	8.14	5.2	296.4752394812821
2407	1955124	300.2	301.27	2022-01-03	8.5	8.14	5.2	300.5519968825738
2408	1233895	301.23	302.7	2022-01-03	8.5	8.14	5.2	301.3730549795744
2409	332431	303.09	304.75	2022-01-03	8.5	8.14	5.2	303.44265624213807
2410	190412	304.75	305.47	2022-01-03	8.5	8.14	5.2	304.6811947278081
2411	219	305.51	305.51	2022-01-04	8.5	8.14	5.2	306.0284924944997
2412	1737018	305.51	306.14	2022-01-04	8.5	8.14	5.2	305.8613923985827
2413	2240696	306.11	304.88	2022-01-04	8.5	8.14	5.2	305.8613923985827
2414	957726	304.92	305.22	2022-01-04	8.5	8.14	5.2	304.67992427264613
2415	326622	304.52	304.55	2022-01-04	8.5	8.14	5.2	304.67992427264613
2416	63720	304.5	304.24	2022-01-04	8.5	8.14	5.2	304.6811947278081
2417	169	303.72	303.72	2022-01-05	8.5	8.14	5.2	303.4439266973
2418	665952	303.56	303.55	2022-01-05	8.5	8.14	5.2	303.44265624213807
2419	1526199	303.59	298.32	2022-01-05	8.5	8.14	5.2	303.27682660138305
2420	1583030	298.32	297.83	2022-01-05	8.5	8.14	5.2	298.5961100084345
2421	2458321	297.85	287.98	2022-01-05	8.5	8.14	5.2	296.30940984052705
2422	765698	287.99	287.01	2022-01-05	8.5	8.14	5.2	286.68383335223876
2423	5152	286.6	286.6	2022-01-06	8.5	8.14	5.2	286.6851038074007
2424	2639802	286.86	291.1	2022-01-06	8.5	8.14	5.2	286.51800371148374
2425	2932914	291.1	291.94	2022-01-06	8.5	8.14	5.2	290.67258805784104
2426	1649587	291.94	291.69	2022-01-06	8.5	8.14	5.2	292.0166496709138
2427	587473	291.88	293.83	2022-01-06	8.5	8.14	5.2	292.1824793116688
2428	102017	293.83	293.92	2022-01-06	8.5	8.14	5.2	294.73339106864154
2429	1073647	297.02	296.75	2022-01-10	8.5	8.14	5.2	296.4752394812821
2430	2407652	296.75	292.69	2022-01-10	8.5	8.14	5.2	296.30940984052705
2431	2491935	292.69	288.95	2022-01-10	8.5	8.14	5.2	292.0166496709138
2432	617683	288.9	292.44	2022-01-10	8.5	8.14	5.2	289.6484339893475
2433	72621	292.44	291.69	2022-01-10	8.5	8.14	5.2	292.1837497668308
2434	2662	293.4	293.4	2022-01-11	8.5	8.14	5.2	292.1837497668308
2435	960351	292.93	292.17	2022-01-11	8.5	8.14	5.2	292.1824793116688
2436	1818932	292.3	290.77	2022-01-11	8.5	8.14	5.2	292.0166496709138
2437	2417204	290.78	289.87	2022-01-11	8.5	8.14	5.2	290.67258805784104
2438	616959	290.23	291.96	2022-01-11	8.5	8.14	5.2	290.546468418305
2439	67335	291.97	291.88	2022-01-11	8.5	8.14	5.2	292.1837497668308
2440	724	292.82	292.82	2022-01-12	8.5	8.14	5.2	292.1837497668308
2441	736442	292.5	291.2	2022-01-12	8.5	8.14	5.2	292.1824793116688
2442	4302695	291.2	288.06	2022-01-12	8.5	8.14	5.2	290.3715209923725
2443	2430143	288.02	289.72	2022-01-12	8.5	8.14	5.2	289.4826043485925
2444	598764	289.58	290.05	2022-01-12	8.5	8.14	5.2	289.6484339893475
2445	105357	290.13	290.4	2022-01-12	8.5	8.14	5.2	289.6735163877373
2446	854	289.56	289.56	2022-01-13	8.5	8.14	5.2	289.64970444450944
2447	894519	289.69	289.47	2022-01-13	8.5	8.14	5.2	289.6484339893475
2448	4735416	289.53	283.06	2022-01-13	8.5	8.14	5.2	288.93628829038187
2449	11560404	283.06	270.5	2022-01-13	8.5	8.14	5.2	273.00832635279795
2450	3657559	271.0	272.93	2022-01-13	8.5	8.14	5.2	270.9080041791
2451	274514	272.9	272.5	2022-01-13	8.5	8.14	5.2	272.9081866884525
2452	2091	272.39	272.39	2022-01-14	8.5	8.14	5.2	272.9081866884525
2453	4597466	272.39	269.58	2022-01-14	8.5	8.14	5.2	272.44001952706697
2454	13476102	269.59	260.36	2022-01-14	8.5	8.14	5.2	262.06525496611533
2455	19180049	260.36	255.0	2022-01-14	8.5	8.14	5.2	254.38071891431065
2456	2976752	254.12	259.78	2022-01-14	8.5	8.14	5.2	252.8583790934605
2457	378917	259.78	261.0	2022-01-14	8.5	8.14	5.2	259.38319781690876
2458	7604	262.15	262.15	2022-01-17	8.5	8.14	5.2	262.0724886753237
2459	4287562	262.2	255.44	2022-01-17	8.5	8.14	5.2	261.73352825511853
2460	10015859	255.39	250.18	2022-01-17	8.5	8.14	5.2	253.00368436478843
2461	7727413	250.2	257.1	2022-01-17	8.5	8.14	5.2	252.27090365959475
2462	2667459	257.0	258.3	2022-01-17	8.5	8.14	5.2	256.6712385966245
2463	160498	258.39	257.78	2022-01-17	8.5	8.14	5.2	259.3844682720707
2464	733	258.8	258.8	2022-01-18	8.5	8.14	5.2	259.3844682720707
2465	4296454	258.8	254.32	2022-01-18	8.5	8.14	5.2	259.0455078518655
2466	7260753	254.32	244.65	2022-01-18	8.5	8.14	5.2	252.24120154351195
2467	32037615	244.5	231.0	2022-01-18	8.5	8.14	5.2	232.5308032635621
2468	4310082	232.89	236.78	2022-01-18	8.5	8.14	5.2	234.2569150161961
2469	495187	236.8	234.7	2022-01-18	8.5	8.14	5.2	237.54118950503522
2470	7452	232.9	232.9	2022-01-19	8.5	8.14	5.2	234.201917787023
2471	13561225	232.89	240.79	2022-01-19	8.5	8.14	5.2	235.91924527715443
2472	11469453	240.77	247.16	2022-01-19	8.5	8.14	5.2	243.78184110699365
2473	8739238	247.15	241.39	2022-01-19	8.5	8.14	5.2	247.01047430342265
2474	1989309	241.4	245.95	2022-01-19	8.5	8.14	5.2	241.66404872563595
2475	325310	246.0	244.86	2022-01-19	8.5	8.14	5.2	245.43765737056563
2476	5443	244.17	244.17	2022-01-20	8.5	8.14	5.2	243.99851143565678
2477	6937419	244.12	245.34	2022-01-20	8.5	8.14	5.2	242.91127328120163
2478	7777130	245.21	247.32	2022-01-20	8.5	8.14	5.2	245.69798334615982
2479	14704096	247.32	260.0	2022-01-20	8.5	8.14	5.2	251.4339892374525
2480	3087772	259.64	256.25	2022-01-20	8.5	8.14	5.2	259.21736817615374
2481	394368	256.23	254.61	2022-01-20	8.5	8.14	5.2	255.8203987054856
2482	7635	252.99	252.99	2022-01-21	8.5	8.14	5.2	252.80338186428742
2483	5572430	252.98	255.93	2022-01-21	8.5	8.14	5.2	252.59113134312412
2484	10992635	255.91	251.76	2022-01-21	8.5	8.14	5.2	252.7069356647629
2485	11137620	251.75	246.85	2022-01-21	8.5	8.14	5.2	250.78659703770975
2486	1467255	247.49	247.54	2022-01-21	8.5	8.14	5.2	248.3858553947336
2487	387532	247.5	246.9	2022-01-21	8.5	8.14	5.2	248.3858553947336
2488	21397	246.51	246.51	2022-01-24	8.5	8.14	5.2	245.4389278257276
2489	4718756	246.51	240.8	2022-01-24	8.5	8.14	5.2	245.1935805892518
2490	14531408	240.8	232.79	2022-01-24	8.5	8.14	5.2	240.54717447120655
2491	9745549	232.75	234.82	2022-01-24	8.5	8.14	5.2	235.95255637441858
2492	3037176	234.0	235.78	2022-01-24	8.5	8.14	5.2	234.84815307882297
2493	512862	235.7	236.97	2022-01-24	8.5	8.14	5.2	236.83636506390582
2494	9363	237.0	237.0	2022-01-25	8.5	8.14	5.2	237.5424599601972
2495	5839101	236.99	238.94	2022-01-25	8.5	8.14	5.2	237.17381267680364
2496	6995822	238.92	239.37	2022-01-25	8.5	8.14	5.2	238.62548032884285
2497	6431756	239.41	231.7	2022-01-25	8.5	8.14	5.2	237.6503165432104
2498	3515853	231.96	239.77	2022-01-25	8.5	8.14	5.2	232.11244325154132
2499	455028	239.7	239.59	2022-01-25	8.5	8.14	5.2	239.0524468750431
2500	4021	240.5	240.5	2022-01-26	8.5	8.14	5.2	241.28804262743944
2501	3701821	240.06	233.84	2022-01-26	8.5	8.14	5.2	239.05361908647134
2502	6634228	233.72	238.98	2022-01-26	8.5	8.14	5.2	233.4327560815831
2503	7663473	238.98	239.28	2022-01-26	8.5	8.14	5.2	239.15551528067104
2504	3547156	239.4	238.89	2022-01-26	8.5	8.14	5.2	239.06571354045028
2505	927022	238.98	236.9	2022-01-26	8.5	8.14	5.2	239.0094458561152
2506	11845	235.0	235.0	2022-01-27	8.5	8.14	5.2	234.79315584964988
2507	3101828	234.99	236.84	2022-01-27	8.5	8.14	5.2	234.84815307882297
2508	10959749	236.76	247.56	2022-01-27	8.5	8.14	5.2	241.34630241467482
2509	13569128	247.5	253.0	2022-01-27	8.5	8.14	5.2	247.75751356505307
2510	2125738	253.0	253.38	2022-01-27	8.5	8.14	5.2	252.80211140912544
2511	349867	253.22	254.29	2022-01-27	8.5	8.14	5.2	252.80211140912544
2512	2631	255.87	255.87	2022-01-28	8.5	8.14	5.2	255.82166916064756
2513	6741834	255.86	254.3	2022-01-28	8.5	8.14	5.2	254.38501486569626
2514	8302368	254.18	258.09	2022-01-28	8.5	8.14	5.2	252.73914411729456
2515	4010048	258.01	257.28	2022-01-28	8.5	8.14	5.2	259.0455078518655
2516	1074240	257.32	257.21	2022-01-28	8.5	8.14	5.2	256.8370682373795
2517	284817	257.3	257.82	2022-01-28	8.5	8.14	5.2	256.83833869254147
2518	8754	258.98	258.98	2022-01-31	8.5	8.4	5.2	259.3844682720707
2519	4971030	258.88	266.43	2022-01-31	8.5	8.4	5.2	259.10423991838076
2520	5700384	266.43	265.73	2022-01-31	8.5	8.4	5.2	265.2696694997298
2521	3314725	265.73	264.5	2022-01-31	8.5	8.4	5.2	265.01500462555305
2522	1196454	265.03	267.66	2022-01-31	8.5	8.4	5.2	265.23592973921495
2523	426051	267.66	269.42	2022-01-31	8.5	8.4	5.2	268.77109605029176
2524	3844	269.72	269.72	2022-02-01	8.5	8.4	5.2	269.4282831073453
2525	7074783	269.71	263.37	2022-02-01	8.5	8.4	5.2	267.1748086454556
2526	4740439	263.37	266.27	2022-02-01	8.5	8.4	5.2	262.6977066377789
2527	3397737	266.27	262.6	2022-02-01	8.5	8.4	5.2	265.47741329893626
2528	1397049	263.3	262.01	2022-02-01	8.5	8.4	5.2	262.81083489555186
2529	425439	262.09	264.7	2022-02-01	8.5	8.4	5.2	262.07121822016177
2530	1619	265.88	265.88	2022-02-02	8.5	8.4	5.2	265.2372001943769
2531	2940917	265.8	260.83	2022-02-02	8.5	8.4	5.2	265.07010009845993
2532	8074307	260.83	260.82	2022-02-02	8.5	8.4	5.2	259.90084652432586
2533	4350371	260.9	258.64	2022-02-02	8.5	8.4	5.2	260.5297212384658
2534	1395716	258.7	259.93	2022-02-02	8.5	8.4	5.2	259.21736817615374
2535	255282	259.9	261.0	2022-02-02	8.5	8.4	5.2	259.5315814766659
2536	4554	258.45	258.45	2022-02-03	8.5	8.4	5.2	259.3844682720707
2537	4097928	258.45	252.93	2022-02-03	8.5	8.4	5.2	259.0455078518655
2538	5865054	252.86	252.9	2022-02-03	8.5	8.4	5.2	252.30999444917174
2539	3841703	252.86	252.71	2022-02-03	8.5	8.4	5.2	252.40538187521994
2540	1024255	252.7	251.8	2022-02-03	8.5	8.4	5.2	252.52097451517307
2541	283775	251.8	250.79	2022-02-03	8.5	8.4	5.2	251.98026189199535
2542	4450	251.99	251.99	2022-02-04	8.5	8.4	5.2	251.98026189199535
2543	2538119	251.99	255.68	2022-02-04	8.5	8.4	5.2	252.03525912116845
2544	5348592	255.61	255.38	2022-02-04	8.5	8.4	5.2	255.54144080695764
2545	3776313	255.43	254.22	2022-02-04	8.5	8.4	5.2	255.59947359182377
2546	828371	254.22	256.49	2022-02-04	8.5	8.4	5.2	252.80211140912544
2547	207179	256.46	256.53	2022-02-04	8.5	8.4	5.2	256.83833869254147
2548	3912	256.99	256.99	2022-02-07	8.5	8.4	5.2	256.83833869254147
2549	2406234	257.0	260.38	2022-02-07	8.5	8.4	5.2	256.6712385966245
2550	3828450	260.28	257.3	2022-02-07	8.5	8.4	5.2	259.1926210564607
2551	1588794	257.32	256.69	2022-02-07	8.5	8.4	5.2	256.6712385966245
2552	541499	256.76	257.8	2022-02-07	8.5	8.4	5.2	256.8370682373795
2553	189467	257.75	257.61	2022-02-07	8.5	8.4	5.2	256.83833869254147
2554	782	257.6	257.6	2022-02-08	8.5	8.4	5.2	256.83833869254147
2555	2671230	257.61	260.58	2022-02-08	8.5	8.4	5.2	256.6712385966245
2556	7237714	260.69	266.8	2022-02-08	8.5	8.4	5.2	262.44730689912797
2557	5032611	266.8	269.05	2022-02-08	8.5	8.4	5.2	266.4181969761724
2558	933622	269.07	268.99	2022-02-08	8.5	8.4	5.2	269.24030770271014
2559	274442	268.99	269.8	2022-02-08	8.5	8.4	5.2	269.2415781578721
2560	34221	270.01	270.01	2022-02-09	8.5	8.4	4.3	269.4282831073453
2561	5414295	270.01	274.42	2022-02-09	8.5	8.4	4.3	269.0290730514248
2562	7194258	274.4	278.67	2022-02-09	8.5	8.4	4.3	274.79900483029155
2563	5582355	278.67	279.37	2022-02-09	8.5	8.4	4.3	278.82581605869916
2564	919992	279.17	278.5	2022-02-09	8.5	8.4	4.3	279.51803117924123
2565	212369	278.51	279.09	2022-02-09	8.5	8.4	4.3	279.22502611461965
2566	2848	279.2	279.2	2022-02-10	8.5	8.4	4.3	279.53486760161485
2567	3528758	279.21	275.45	2022-02-10	8.5	8.4	4.3	279.19369033056046
2568	4885583	275.45	276.52	2022-02-10	8.5	8.4	4.3	275.14950359844704
2569	7559425	276.5	278.9	2022-02-10	8.5	8.4	4.3	275.64115368261736
2570	1719101	278.8	276.28	2022-02-10	8.5	8.4	4.3	279.3522015384862
2571	317509	276.27	275.2	2022-02-10	8.5	8.4	4.3	276.362295338605
2572	17097	274.9	274.9	2022-02-11	8.5	8.4	4.3	274.6079542951681
2573	3740296	274.88	271.79	2022-02-11	8.5	8.4	4.3	274.2667770241137
2574	8359307	271.77	265.92	2022-02-11	8.5	8.4	4.3	268.30214320815026
2575	4390478	265.85	266.6	2022-02-11	8.5	8.4	4.3	264.9084648131215
2576	3943270	266.41	261.34	2022-02-11	8.5	8.4	4.3	265.3708734865047
2577	942175	261.35	260.83	2022-02-11	8.5	8.4	4.3	261.07603725133094
2578	25594	256.69	256.69	2022-02-14	9.5	8.4	4.3	256.83833869254147
2579	8907653	256.69	257.18	2022-02-14	9.5	8.4	4.3	254.36713722372997
2580	11858449	257.11	248.71	2022-02-14	9.5	8.4	4.3	251.5498142670616
2581	11346687	248.75	255.67	2022-02-14	9.5	8.4	4.3	250.46214050892993
2582	3155475	255.9	255.05	2022-02-14	9.5	8.4	4.3	255.66479410368038
2583	430698	255.1	256.7	2022-02-14	9.5	8.4	4.3	255.80483273827394
2584	4486	257.89	257.89	2022-02-15	9.5	8.4	4.3	256.83833869254147
2585	4944920	257.6	261.4	2022-02-15	9.5	8.4	4.3	256.5683353778013
2586	13680752	261.39	267.31	2022-02-15	9.5	8.4	4.3	257.3118225561845
2587	5586450	267.32	270.21	2022-02-15	9.5	8.4	4.3	266.4284220151222
2588	1990236	270.1	270.72	2022-02-15	9.5	8.4	4.3	269.24561704421666
2589	936048	270.71	274.0	2022-02-15	9.5	8.4	4.3	271.24257006673054
2590	13830	276.88	276.88	2022-02-16	9.5	8.4	4.3	276.56121743537165
2591	6214468	276.88	278.75	2022-02-16	9.5	8.4	4.3	275.7522951389954
2592	7717876	278.73	277.14	2022-02-16	9.5	8.4	4.3	276.7745368527931
2593	4504303	277.14	277.49	2022-02-16	9.5	8.4	4.3	276.1032753129359
2594	871901	277.54	277.17	2022-02-16	9.5	8.4	4.3	278.053381015861
2595	257356	277.28	277.78	2022-02-16	9.5	8.4	4.3	278.07021743823464
2596	2799	277.0	277.0	2022-02-17	9.5	8.4	4.3	276.56121743537165
2597	7072145	277.0	268.23	2022-02-17	9.5	8.4	4.3	273.4341591460468
2598	8384703	268.23	266.43	2022-02-17	9.5	8.4	4.3	266.43232534887693
2599	8063334	266.43	261.05	2022-02-17	9.5	8.4	4.3	263.90973311872557
2600	2244831	261.18	260.35	2022-02-17	9.5	8.4	4.3	260.68601559554236
2601	433407	260.4	260.58	2022-02-17	9.5	8.4	4.3	260.8518452362974
2602	5665	262.13	262.13	2022-02-18	9.5	8.4	4.3	262.0724886753237
2603	5243566	262.14	261.53	2022-02-18	9.5	8.4	4.3	261.80248536058355
2604	4814013	261.52	259.0	2022-02-18	9.5	8.4	4.3	260.8228703589644
2605	11695781	259.04	249.0	2022-02-18	9.5	8.4	4.3	254.09594384659064
2606	4679661	248.73	249.34	2022-02-18	9.5	8.4	4.3	249.03426382533982
2607	599450	249.37	250.28	2022-02-18	9.5	8.4	4.3	249.45949371840973
2608	16931	249.15	249.15	2022-02-21	9.5	8.4	4.3	249.47633014078335
2609	13888037	249.12	241.69	2022-02-21	9.5	8.4	4.3	248.494651890323
2610	23432906	241.78	231.0	2022-02-21	9.5	8.4	4.3	231.73756220054543
2611	41647855	231.09	208.0	2022-02-21	9.5	8.4	4.3	209.41621145767806
2612	26407204	207.8	197.05	2022-02-21	9.5	8.4	4.3	197.5342451427724
2613	3026554	197.33	201.0	2022-02-21	9.5	8.4	4.3	197.4923315261299
2614	7886	198.72	198.72	2022-02-22	9.5	8.4	4.3	197.38702004285688
2615	22678179	198.72	188.54	2022-02-22	9.5	8.4	4.3	189.82787379026811
2616	21874373	188.59	190.92	2022-02-22	9.5	8.4	4.3	187.81150978602028
2617	29767743	190.82	211.0	2022-02-22	9.5	8.4	4.3	172.1062288270427
2618	18201105	209.88	208.54	2022-02-22	9.5	8.4	4.3	206.5778065242084
2619	2066117	208.54	208.53	2022-02-22	9.5	8.4	4.3	207.6341612188016
2620	102653	187.54	187.54	2022-02-24	9.5	8.4	4.3	183.01763732662593
2621	2373905	186.58	150.14	2022-02-24	9.5	8.4	4.3	180.2127105505447
2622	34760784	150.14	105.08	2022-02-24	9.5	8.4	4.3	106.02294392195401
2623	22177370	105.08	112.5	2022-02-24	9.5	8.4	4.3	129.48862850284172
2624	21494362	112.5	139.98	2022-02-24	9.5	8.4	4.3	137.44069920839212
2625	2020688	139.98	132.18	2022-02-24	9.5	8.4	4.3	139.5049821340981
2626	3958787	123.75	148.99	2022-02-25	9.5	8.4	4.3	129.09122419578557
2627	17097523	149.13	117.65	2022-02-25	9.5	8.4	4.3	131.45266595292773
2628	14370196	117.95	130.5	2022-02-25	9.5	8.4	4.3	130.0370324834769
2629	3283501	130.5	127.99	2022-02-25	9.5	8.4	4.3	130.58253872004468
2630	917457	127.99	131.12	2022-02-25	9.5	8.4	4.3	128.53297836250238
2631	9681347	131.0	143.2	2022-03-24	20.0	8.39	6.6	140.46676012416845
2632	6265088	143.2	136.24	2022-03-24	20.0	8.39	6.6	140.26241064097547
2633	3667600	137.0	131.65	2022-03-25	20.0	8.39	6.6	136.6360253549463
2634	2098695	131.65	131.5	2022-03-25	20.0	8.39	6.6	131.4654077632674
2635	1842480	130.6	126.52	2022-03-28	20.0	8.39	6.6	130.2366283959859
2636	1478763	126.52	125.0	2022-03-28	20.0	8.39	6.6	126.49138974298158
2637	2610943	126.16	131.94	2022-03-29	20.0	8.39	6.6	126.82707502809063
2638	4622931	131.94	128.77	2022-03-29	20.0	8.39	6.6	132.0568317624338
2639	1453997	136.89	133.48	2022-03-30	20.0	8.39	6.6	136.3003400698373
2640	2113548	133.31	134.6	2022-03-30	20.0	8.39	6.6	133.75383831791544
2641	2664566	135.25	139.13	2022-03-31	20.0	8.39	6.6	135.79574106660004
2642	6446462	139.13	146.3	2022-03-31	20.0	8.39	6.6	137.85867144284077
2643	2731472	146.25	143.69	2022-03-31	20.0	8.39	6.6	145.6009523719166
2644	3770918	145.0	151.98	2022-04-01	20.0	8.39	6.6	145.6009523719166
2645	4779141	151.98	153.45	2022-04-01	20.0	8.39	6.6	152.1593577500322
2646	3338013	153.45	154.5	2022-04-01	20.0	8.39	6.6	153.47992435736637
2647	4729764	158.76	156.02	2022-04-04	20.0	8.39	6.6	157.31151885058435
2648	4580801	156.34	161.25	2022-04-04	20.0	8.39	6.6	157.5567678433264
2649	2283326	161.23	166.0	2022-04-04	20.0	8.39	6.6	160.1107053851592
2650	3114192	169.83	161.28	2022-04-05	20.0	8.39	6.6	169.3406341419116
2651	6786567	161.33	155.76	2022-04-05	20.0	8.39	6.6	158.62208545106233
2652	3133520	155.76	154.1	2022-04-05	20.0	8.39	6.6	154.46821180057626
2653	2845120	143.51	149.1	2022-04-06	20.0	8.39	6.6	142.02064419892966
2654	3248474	149.1	149.62	2022-04-06	20.0	8.39	6.6	145.6009523719166
2655	4810447	149.56	141.6	2022-04-06	20.0	8.39	6.6	145.26040605330672
2656	2101074	143.1	145.58	2022-04-07	20.0	8.39	6.6	141.92428729944444
2657	2497993	145.58	146.1	2022-04-07	20.0	8.39	6.6	145.6009523719166
2658	1284837	146.11	147.5	2022-04-07	20.0	8.39	6.6	145.5045954724314
2659	1124303	149.05	147.18	2022-04-08	20.0	8.39	6.6	145.5045954724314
2660	2099514	147.16	143.73	2022-04-08	20.0	8.39	6.6	145.5045954724314
2661	1621242	143.65	143.72	2022-04-08	20.0	8.39	6.6	144.65614276279874
2662	1207555	144.09	146.22	2022-04-11	17.0	8.39	6.6	144.65614276279874
2663	1272583	146.22	141.73	2022-04-11	17.0	8.39	6.6	145.5045954724314
2664	2277445	141.67	138.69	2022-04-11	17.0	8.39	6.6	140.4861458579771
2665	2615989	138.84	132.4	2022-04-12	17.0	8.39	6.6	137.64599741691538
2666	3052745	132.39	132.7	2022-04-12	17.0	8.39	6.6	131.81645917565166
2667	1870146	132.68	135.38	2022-04-12	17.0	8.39	6.6	131.48077389054265
2668	1450164	136.78	135.65	2022-04-13	17.0	8.39	6.6	136.3003400698373
2669	1495324	135.65	135.36	2022-04-13	17.0	8.39	6.6	135.46005578149104
2670	963296	135.36	135.5	2022-04-13	17.0	8.39	6.6	135.46005578149104
2671	1076545	135.85	133.08	2022-04-14	17.0	8.39	6.6	135.46005578149104
2672	1234607	133.0	132.12	2022-04-14	17.0	8.39	6.6	133.75383831791544
2673	2125684	132.05	129.05	2022-04-14	17.0	8.39	6.6	131.50858964287704
2674	1566162	128.55	128.44	2022-04-15	17.0	8.39	6.6	128.44777631033406
2675	2070120	128.44	130.73	2022-04-15	17.0	8.39	6.6	128.44777631033406
2676	1040918	130.72	130.88	2022-04-15	17.0	8.39	6.6	130.72857138863085
2677	1852353	131.41	127.87	2022-04-18	17.0	8.39	6.6	131.4654077632674
2678	1970926	127.86	125.96	2022-04-18	17.0	8.39	6.6	128.44777631033406
2679	2026781	125.95	123.85	2022-04-18	17.0	8.39	6.6	126.49138974298158
2680	1977646	123.85	121.85	2022-04-19	17.0	8.39	6.6	124.65382241835206
2681	3092871	121.78	115.58	2022-04-19	17.0	8.39	6.6	120.89742274859022
2682	2920053	115.58	120.3	2022-04-19	17.0	8.39	6.6	116.26743715723494
2683	1056919	121.0	119.27	2022-04-20	17.0	8.39	6.6	120.56173746348117
2684	3922359	119.27	123.9	2022-04-20	17.0	8.39	6.6	121.76428560249788
2685	1681042	123.89	121.5	2022-04-20	17.0	8.39	6.6	124.65382241835206
2686	1288551	121.97	119.1	2022-04-21	17.0	8.39	6.6	120.56173746348117
2687	1631204	119.09	120.5	2022-04-21	17.0	8.39	6.6	118.69139613097194
2688	1145101	120.41	118.65	2022-04-21	17.0	8.39	6.6	119.4690212083833
2689	1625462	118.65	121.15	2022-04-22	17.0	8.39	6.6	118.63503301626902
2690	2471832	121.14	116.7	2022-04-22	17.0	8.39	6.6	120.89742274859022
2691	1649365	116.7	116.97	2022-04-22	17.0	8.39	6.6	117.87280552448068
2692	1326465	116.0	113.57	2022-04-25	17.0	8.39	6.6	115.18020453805889
2693	2110408	113.5	112.46	2022-04-25	17.0	8.39	6.6	114.32281186371992
2694	1144266	112.46	111.9	2022-04-25	17.0	8.39	6.6	114.4519977910754
2695	1968781	112.58	115.08	2022-04-26	17.0	8.39	6.6	114.4519977910754
2696	2392912	115.08	116.5	2022-04-26	17.0	8.39	6.6	115.87498471963802
2697	3992360	116.49	122.36	2022-04-26	17.0	8.39	6.6	119.81307034977429
2698	3522897	123.0	129.12	2022-04-27	17.0	8.39	1.6	124.52876951025915
2699	3568618	129.12	128.19	2022-04-27	17.0	8.39	1.6	128.79368663439286
2700	4458490	128.19	131.11	2022-04-27	17.0	8.39	1.6	129.29467434119232
2701	3313011	132.14	131.83	2022-04-28	17.0	8.39	1.6	132.0868448351015
2702	4741015	131.89	127.69	2022-04-28	17.0	8.39	1.6	132.1977811362688
2703	4300163	127.74	123.85	2022-04-28	17.0	8.39	1.6	127.75925714611823
2704	2009945	123.67	123.8	2022-04-29	17.0	8.39	1.6	124.16729321898869
2705	3858805	123.78	128.14	2022-04-29	17.0	8.39	1.6	126.7518183224261
2706	2867861	128.15	128.8	2022-04-29	17.0	8.39	1.6	128.79368663439286
2707	1790484	129.1	127.0	2022-05-04	14.0	8.74	1.6	128.53297836250238
2708	2911567	127.05	124.27	2022-05-04	14.0	8.74	1.6	127.25826943931881
2709	2026839	124.2	123.2	2022-05-04	14.0	8.74	1.6	124.85465038659197
2710	1319444	124.21	123.84	2022-05-05	14.0	8.74	1.6	124.85465038659197
2711	1738978	123.83	124.59	2022-05-05	14.0	8.74	1.6	124.85465038659197
2712	1179878	124.55	124.8	2022-05-05	14.0	8.74	1.6	124.85465038659197
2713	947400	124.74	122.46	2022-05-06	14.0	8.74	1.6	124.85465038659197
2714	923865	122.42	122.67	2022-05-06	14.0	8.74	1.6	121.06811333234445
2715	1188985	122.69	123.1	2022-05-06	14.0	8.74	1.6	122.51014654507074
2716	1238671	123.0	124.75	2022-05-11	14.0	8.74	1.6	124.26806123836866
2717	1160753	124.7	123.8	2022-05-11	14.0	8.74	1.6	124.85465038659197
2718	887620	123.8	123.34	2022-05-11	14.0	8.74	1.6	124.85465038659197
2719	661515	123.1	122.25	2022-05-12	14.0	8.74	1.6	124.26806123836866
2720	734206	122.25	122.43	2022-05-12	14.0	8.74	1.6	121.06811333234445
2721	1688925	122.43	119.15	2022-05-12	14.0	8.74	1.6	121.06811333234445
2722	651780	120.45	119.4	2022-05-13	14.0	8.74	1.6	119.75359998079465
2723	1068068	119.4	120.35	2022-05-13	14.0	8.74	1.6	119.60199861331488
2724	563954	120.37	120.2	2022-05-13	14.0	8.74	1.6	119.75359998079465
2725	887467	120.9	121.47	2022-05-16	14.0	8.74	1.6	120.76256543172107
2726	1094959	121.41	122.98	2022-05-16	14.0	8.74	1.6	120.76256543172107
2727	1511640	122.95	123.41	2022-05-16	14.0	8.74	1.6	124.26806123836866
2728	625834	124.0	124.1	2022-05-17	14.0	8.74	1.6	124.85465038659197
2729	2054890	124.1	126.32	2022-05-17	14.0	8.74	1.6	124.85465038659197
2730	1515635	126.39	127.75	2022-05-17	14.0	8.74	1.6	126.57659179514992
2731	1121366	128.2	129.25	2022-05-18	14.0	8.74	1.6	128.53297836250238
2732	2213470	129.25	128.85	2022-05-18	14.0	8.74	1.6	128.53297836250238
2733	2221758	128.86	125.12	2022-05-18	14.0	8.74	1.6	128.53297836250238
2734	1081703	125.31	124.4	2022-05-19	14.0	8.74	1.6	125.22151429267664
2735	1568299	124.4	124.19	2022-05-19	14.0	8.74	1.6	124.85465038659197
2736	774653	124.19	125.6	2022-05-19	14.0	8.74	1.6	124.85465038659197
2737	924603	126.06	124.78	2022-05-20	14.0	8.74	1.6	126.57659179514992
2738	1274685	124.82	122.93	2022-05-20	14.0	8.74	1.6	124.85465038659197
2739	1729540	122.9	122.2	2022-05-20	14.0	8.74	1.6	122.51014654507074
2740	1194608	121.5	121.5	2022-05-23	14.0	8.74	1.6	120.76256543172107
2741	1456251	121.53	120.44	2022-05-23	14.0	8.74	1.6	120.76256543172107
2742	1146761	120.44	119.46	2022-05-23	14.0	8.74	1.6	119.75359998079465
2743	702943	119.45	117.56	2022-05-24	14.0	8.74	1.6	119.60199861331488
2744	1576728	117.6	120.87	2022-05-24	14.0	8.74	1.6	118.91961178868037
2745	2236812	120.82	123.6	2022-05-24	14.0	8.74	1.6	121.18025195673098
2746	1266353	124.11	123.1	2022-05-25	14.0	8.74	1.6	124.85465038659197
2747	1635760	123.11	120.83	2022-05-25	14.0	8.74	1.6	124.26806123836866
2748	2449077	120.8	124.15	2022-05-25	14.0	8.74	1.6	121.3219731662677
2749	1509832	124.8	125.13	2022-05-26	14.0	8.74	1.6	124.85465038659197
2750	2115664	125.1	122.91	2022-05-26	14.0	8.74	1.6	125.22151429267664
2751	1573018	122.92	123.0	2022-05-26	14.0	8.74	1.6	122.51014654507074
2752	989227	123.0	122.09	2022-05-27	11.0	8.74	1.6	124.26806123836866
2753	1396315	122.05	121.35	2022-05-27	11.0	8.74	1.6	121.06811333234445
2754	882993	121.35	121.22	2022-05-27	11.0	8.74	1.6	120.76256543172107
2755	734511	121.6	122.28	2022-05-30	11.0	8.74	1.6	120.76256543172107
2756	860108	122.28	121.32	2022-05-30	11.0	8.74	1.6	121.06811333234445
2757	901152	121.28	120.67	2022-05-30	11.0	8.74	1.6	120.76256543172107
2758	1081476	120.0	118.62	2022-05-31	11.0	9.16	1.6	119.60199861331488
2759	1190184	118.62	118.98	2022-05-31	11.0	9.16	1.6	118.91549645739268
2760	726657	118.98	118.3	2022-05-31	11.0	9.16	1.6	118.97597490338329
2761	1258661	117.5	120.29	2022-06-01	11.0	9.16	-3.0	118.91549645739268
2762	1821363	120.29	121.8	2022-06-01	11.0	9.16	-3.0	119.75359998079465
2763	1298480	121.78	121.97	2022-06-01	11.0	9.16	-3.0	120.76256543172107
2764	1531413	121.9	119.82	2022-06-02	11.0	9.16	-3.0	120.76256543172107
2765	1549561	119.85	119.33	2022-06-02	11.0	9.16	-3.0	119.60199861331488
2766	1196016	119.4	119.0	2022-06-02	11.0	9.16	-3.0	119.60199861331488
2767	799941	119.29	118.58	2022-06-03	11.0	9.16	-3.0	119.60199861331488
2768	1668029	118.58	118.1	2022-06-03	11.0	9.16	-3.0	118.91549645739268
2769	966183	118.11	119.21	2022-06-03	11.0	9.16	-3.0	118.91549645739268
2770	735952	119.26	119.92	2022-06-06	11.0	9.16	-3.0	119.60199861331488
2771	839438	119.83	118.65	2022-06-06	11.0	9.16	-3.0	119.60199861331488
2772	652807	118.65	118.78	2022-06-06	11.0	9.16	-3.0	118.91549645739268
2773	422443	118.68	117.9	2022-06-07	11.0	9.16	-3.0	118.91549645739268
2774	1070267	117.9	118.13	2022-06-07	11.0	9.16	-3.0	118.91549645739268
2775	734692	118.14	118.32	2022-06-07	11.0	9.16	-3.0	118.91549645739268
2776	717856	118.51	119.58	2022-06-08	11.0	9.16	-3.0	118.91549645739268
2777	2657448	119.6	120.1	2022-06-08	11.0	9.16	-3.0	119.86270688520537
2778	776193	120.1	119.9	2022-06-08	11.0	9.16	-3.0	119.75359998079465
2779	1250303	120.0	118.38	2022-06-09	11.0	9.16	-3.0	119.60199861331488
2780	1006546	118.34	118.18	2022-06-09	11.0	9.16	-3.0	118.91549645739268
2781	680348	118.18	118.2	2022-06-09	11.0	9.16	-3.0	118.91549645739268
2782	611974	118.03	118.39	2022-06-10	11.0	9.16	-3.0	118.91549645739268
2783	1308053	118.39	118.2	2022-06-10	11.0	9.16	-3.0	118.91549645739268
2784	617273	118.21	118.07	2022-06-10	11.0	9.16	-3.0	118.91549645739268
2785	1096750	118.03	117.07	2022-06-14	9.5	9.16	-3.0	118.91549645739268
2786	2022255	117.06	118.53	2022-06-14	9.5	9.16	-3.0	118.15326896560434
2787	650041	118.55	118.98	2022-06-14	9.5	9.16	-3.0	118.91549645739268
2788	1616397	119.4	119.33	2022-06-15	9.5	9.16	-3.0	119.60199861331488
2789	2222184	119.33	121.29	2022-06-15	9.5	9.16	-3.0	119.60199861331488
2790	1387669	121.28	121.14	2022-06-15	9.5	9.16	-3.0	120.76256543172107
2791	1234267	121.5	122.29	2022-06-16	9.5	9.16	-3.0	120.76256543172107
2792	1904096	122.29	122.82	2022-06-16	9.5	9.16	-3.0	121.06811333234445
2793	1653778	122.82	123.73	2022-06-16	9.5	9.16	-3.0	122.51014654507074
2794	1296461	123.97	124.22	2022-06-17	9.5	9.16	-3.0	124.85465038659197
2795	1204839	124.24	123.95	2022-06-17	9.5	9.16	-3.0	124.85465038659197
2796	1159552	123.9	123.88	2022-06-17	9.5	9.16	-3.0	124.85465038659197
2797	644443	124.1	124.38	2022-06-20	9.5	9.16	-3.0	124.85465038659197
2798	1565834	124.36	125.82	2022-06-20	9.5	9.16	-3.0	124.85465038659197
2799	4358069	125.82	131.29	2022-06-20	9.5	9.16	-3.0	127.33828777383984
2800	3308072	131.98	127.54	2022-06-21	9.5	9.16	-3.0	131.81131808732619
2801	2289923	127.53	128.13	2022-06-21	9.5	9.16	-3.0	127.13612153367217
2802	1958580	128.13	129.1	2022-06-21	9.5	9.16	-3.0	128.53297836250238
2803	1093751	127.88	128.1	2022-06-22	9.5	9.16	-3.0	128.53297836250238
2804	2781099	128.08	130.6	2022-06-22	9.5	9.16	-3.0	128.79368663439286
2805	2905057	130.6	133.11	2022-06-22	9.5	9.16	-3.0	130.58253872004468
2806	3272150	133.9	135.8	2022-06-23	9.5	9.16	-3.0	134.35990926247428
2807	4532102	135.8	137.95	2022-06-23	9.5	9.16	-3.0	136.22053556190633
2808	3003886	137.96	136.85	2022-06-23	9.5	9.16	-3.0	137.62782938613552
2809	1427024	137.16	135.63	2022-06-24	9.5	9.16	-3.0	137.13192637732195
2810	1708314	135.63	136.27	2022-06-24	9.5	9.16	-3.0	135.8054184541594
2811	1390144	136.27	137.76	2022-06-24	9.5	9.16	-3.0	135.8054184541594
2812	2204715	137.7	139.25	2022-06-27	9.5	9.16	-3.0	137.50568148048887
2813	3146311	139.3	140.87	2022-06-27	9.5	9.16	-3.0	139.8872906602448
2814	1645328	140.88	141.15	2022-06-27	9.5	9.16	-3.0	140.90856624176178
2815	1682502	141.75	140.5	2022-06-28	9.5	9.16	-3.0	141.0697155487834
2816	2620198	140.46	139.9	2022-06-28	9.5	9.16	-3.0	140.0390007943032
2817	1183624	139.9	139.99	2022-06-28	9.5	9.16	-3.0	139.76514275459814
2818	920221	139.8	137.9	2022-06-29	9.5	9.16	-3.0	139.76514275459814
2819	1782940	137.94	135.56	2022-06-29	9.5	9.16	-3.0	137.50568148048887
2820	2813270	135.56	132.8	2022-06-29	9.5	9.16	-3.0	136.06612672604987
2821	2095201	132.5	129.77	2022-06-30	9.5	16.7	-4.3	131.8095991324414
2822	4743552	129.81	129.16	2022-06-30	9.5	16.7	-4.3	129.16361225256585
2823	2311149	129.18	125.2	2022-06-30	9.5	16.7	-4.3	128.6550012979766
2824	1691987	124.13	127.46	2022-07-01	9.5	16.7	-4.3	124.83811295582235
2825	2917941	127.46	130.45	2022-07-01	9.5	16.7	-4.3	127.24173200854919
2826	1452929	130.45	129.91	2022-07-01	9.5	16.7	-4.3	130.3052930173846
2827	1226577	129.0	130.84	2022-07-04	9.5	16.7	-4.3	128.51644093173277
2828	2131169	130.9	129.3	2022-07-04	9.5	16.7	-4.3	130.79723601002956
2829	1442953	129.29	131.43	2022-07-04	9.5	16.7	-4.3	128.51644093173277
2830	978017	132.0	132.08	2022-07-05	9.5	16.7	-4.3	131.57725426427575
2831	2248822	132.07	134.5	2022-07-05	9.5	16.7	-4.3	131.94815949868524
2832	1939388	134.5	133.5	2022-07-05	9.5	16.7	-4.3	134.0826635598142
2833	1403902	133.5	135.8	2022-07-06	9.5	16.7	-4.3	134.0826635598142
2834	1688153	135.8	136.3	2022-07-06	9.5	16.7	-4.3	135.7888810233898
2835	1615489	136.3	134.0	2022-07-06	9.5	16.7	-4.3	135.7888810233898
2836	1287439	134.0	132.05	2022-07-07	9.5	16.7	-4.3	134.0826635598142
2837	1956379	132.05	134.09	2022-07-07	9.5	16.7	-4.3	131.57725426427575
2838	1062110	134.1	133.09	2022-07-07	9.5	16.7	-4.3	134.0826635598142
2839	923163	133.15	131.57	2022-07-08	9.5	16.7	-4.3	134.0826635598142
2840	1067514	131.57	132.75	2022-07-08	9.5	16.7	-4.3	131.5340723846661
2841	772828	132.86	133.3	2022-07-08	9.5	16.7	-4.3	134.0826635598142
2842	1075577	132.8	131.37	2022-07-11	9.5	16.7	-4.3	131.8095991324414
2843	2526923	131.44	128.48	2022-07-11	9.5	16.7	-4.3	131.76898965039516
2844	1770041	128.51	126.8	2022-07-11	9.5	16.7	-4.3	128.51644093173277
2845	1854490	126.5	125.92	2022-07-12	9.5	16.7	-4.3	126.5600543643803
2846	2312113	125.97	126.69	2022-07-12	9.5	16.7	-4.3	126.69861473062416
2847	1558826	126.61	129.0	2022-07-12	9.5	16.7	-4.3	126.9810237366587
2848	1119134	129.8	127.86	2022-07-13	9.5	16.7	-4.3	128.51644093173277
2849	1821323	127.7	127.37	2022-07-13	9.5	16.7	-4.3	126.9810237366587
2850	1652807	127.42	126.0	2022-07-13	9.5	16.7	-4.3	126.9810237366587
2851	1144748	125.97	126.41	2022-07-14	9.5	16.7	-4.3	126.5600543643803
2852	1731201	126.47	125.82	2022-07-14	9.5	16.7	-4.3	126.5600543643803
2853	1294513	125.75	125.9	2022-07-14	9.5	16.7	-4.3	126.5600543643803
2854	646780	126.06	125.99	2022-07-15	9.5	16.7	-4.3	126.5600543643803
2855	2246195	125.99	127.36	2022-07-15	9.5	16.7	-4.3	126.69861473062416
2856	1602439	127.43	128.9	2022-07-15	9.5	16.7	-4.3	126.9810237366587
2857	1079001	130.0	128.58	2022-07-18	9.5	16.7	-4.3	128.51644093173277
2858	1598591	128.6	128.03	2022-07-18	9.5	16.7	-4.3	128.51644093173277
2859	870218	128.03	128.11	2022-07-18	9.5	16.7	-4.3	128.51644093173277
2860	409970	128.0	127.53	2022-07-19	9.5	16.7	-4.3	128.51644093173277
2861	1649125	127.49	126.16	2022-07-19	9.5	16.7	-4.3	126.9810237366587
2862	1140368	126.09	127.76	2022-07-19	9.5	16.7	-4.3	126.5600543643803
2863	1046094	128.12	129.02	2022-07-20	9.5	16.7	-4.3	128.51644093173277
2864	1172485	129.02	128.15	2022-07-20	9.5	16.7	-4.3	128.51644093173277
2865	1257656	128.13	126.44	2022-07-20	9.5	16.7	-4.3	128.51644093173277
2866	1778653	126.44	123.83	2022-07-21	9.5	16.7	-4.3	126.5600543643803
2867	2657618	123.86	124.31	2022-07-21	9.5	16.7	-4.3	125.09882122771285
2868	927032	124.3	125.48	2022-07-21	9.5	16.7	-4.3	124.83811295582235
2869	983855	125.5	126.69	2022-07-22	9.5	16.7	-4.3	126.5600543643803
2870	2457751	126.68	128.56	2022-07-22	9.5	16.7	-4.3	127.21594100238778
2871	1206136	128.55	128.82	2022-07-22	9.5	16.7	-4.3	128.51644093173277
2872	1380978	128.9	129.13	2022-07-25	8.0	16.7	-4.3	128.51644093173277
2873	2262067	129.17	130.62	2022-07-25	8.0	16.7	-4.3	128.6550012979766
2874	1955452	130.67	131.45	2022-07-25	8.0	16.7	-4.3	130.79723601002956
2875	1121654	132.02	131.49	2022-07-26	8.0	16.7	-4.3	131.57725426427575
2876	2149232	131.5	133.4	2022-07-26	8.0	16.7	-4.3	131.5340723846661
2877	1764124	133.4	132.9	2022-07-26	8.0	16.7	-4.3	134.0826635598142
2878	1376814	132.9	133.86	2022-07-27	8.0	16.7	-4.9	134.0826635598142
2879	1762493	133.88	132.2	2022-07-27	8.0	16.7	-4.9	134.0826635598142
2880	1113364	132.2	132.5	2022-07-27	8.0	16.7	-4.9	131.8095991324414
2881	759437	133.01	132.0	2022-07-28	8.0	16.7	-4.9	134.0826635598142
2882	2068726	132.0	131.69	2022-07-28	8.0	16.7	-4.9	131.57725426427575
2883	1182126	131.69	131.72	2022-07-28	8.0	16.7	-4.9	131.5340723846661
2884	666425	131.65	132.09	2022-07-29	8.0	16.7	-4.9	131.5340723846661
2885	1275489	132.02	130.89	2022-07-29	8.0	16.7	-4.9	131.57725426427575
2886	836912	130.86	131.9	2022-07-29	8.0	16.7	-4.9	130.79723601002956
2887	821392	131.77	130.23	2022-08-01	8.0	17.83	-4.9	131.5340723846661
2888	1675901	130.22	129.64	2022-08-01	8.0	17.83	-4.9	130.3052930173846
2889	1934997	129.64	127.34	2022-08-01	8.0	17.83	-4.9	128.51644093173277
2890	873221	126.6	126.41	2022-08-02	8.0	17.83	-4.9	126.9810237366587
2891	2207824	126.41	127.54	2022-08-02	8.0	17.83	-4.9	126.5600543643803
2892	1319570	127.54	127.53	2022-08-02	8.0	17.83	-4.9	126.9810237366587
2893	752040	128.05	128.41	2022-08-03	8.0	17.83	-4.9	128.51644093173277
2894	1315953	128.41	127.8	2022-08-03	8.0	17.83	-4.9	128.51644093173277
2895	1026818	127.8	126.85	2022-08-03	8.0	17.83	-4.9	126.9810237366587
2896	805304	126.94	127.27	2022-08-04	8.0	17.83	-4.9	126.9810237366587
2897	755471	127.27	127.2	2022-08-04	8.0	17.83	-4.9	126.9810237366587
2898	394779	127.16	126.95	2022-08-04	8.0	17.83	-4.9	126.9810237366587
2899	1656817	127.5	123.63	2022-08-05	8.0	17.83	-4.9	126.9810237366587
2900	2955827	123.63	123.7	2022-08-05	8.0	17.83	-4.9	124.51223207948954
2901	1505013	123.72	122.4	2022-08-05	8.0	17.83	-4.9	124.25152380759904
2902	2168485	126.11	126.36	2022-08-08	8.0	17.83	-4.9	126.5600543643803
2903	2270870	126.37	124.56	2022-08-08	8.0	17.83	-4.9	126.69861473062416
2904	927011	124.55	123.81	2022-08-08	8.0	17.83	-4.9	124.83811295582235
2905	724507	123.9	122.93	2022-08-09	8.0	17.83	-4.9	124.83811295582235
2906	1930534	122.93	124.86	2022-08-09	8.0	17.83	-4.9	124.25152380759904
2907	1136868	124.86	126.4	2022-08-09	8.0	17.83	-4.9	125.20497686190703
2908	998614	126.25	125.2	2022-08-10	8.0	17.83	-4.9	126.5600543643803
2909	1381957	125.19	126.41	2022-08-10	8.0	17.83	-4.9	125.20497686190703
2910	813370	126.41	126.2	2022-08-10	8.0	17.83	-4.9	126.5600543643803
2911	529837	126.97	126.04	2022-08-11	8.0	17.83	-4.9	126.9810237366587
2912	1242784	126.05	125.33	2022-08-11	8.0	17.83	-4.9	126.5600543643803
2913	1322221	125.33	123.45	2022-08-11	8.0	17.83	-4.9	125.20497686190703
2914	787574	123.46	124.45	2022-08-12	8.0	17.83	-4.9	124.25152380759904
2915	995211	124.48	123.89	2022-08-12	8.0	17.83	-4.9	124.83811295582235
2916	939447	123.94	124.88	2022-08-12	8.0	17.83	-4.9	124.83811295582235
2917	777566	124.56	123.75	2022-08-15	8.0	17.83	-4.9	124.83811295582235
2918	842573	123.79	123.5	2022-08-15	8.0	17.83	-4.9	124.83811295582235
2919	914955	123.5	125.0	2022-08-15	8.0	17.83	-4.9	124.25152380759904
2920	723291	125.2	125.94	2022-08-16	8.0	17.83	-4.9	125.20497686190703
2921	1294273	125.93	126.15	2022-08-16	8.0	17.83	-4.9	126.5600543643803
2922	711517	126.11	126.39	2022-08-16	8.0	17.83	-4.9	126.5600543643803
2923	1263450	126.58	125.79	2022-08-17	8.0	17.83	-4.9	126.9810237366587
2924	1135934	125.79	125.43	2022-08-17	8.0	17.83	-4.9	126.5600543643803
2925	889439	125.44	124.5	2022-08-17	8.0	17.83	-4.9	125.20497686190703
2926	637337	124.39	125.33	2022-08-18	8.0	17.83	-4.9	124.83811295582235
2927	1018838	125.29	125.85	2022-08-18	8.0	17.83	-4.9	125.20497686190703
2928	885304	125.85	126.3	2022-08-18	8.0	17.83	-4.9	126.5600543643803
2929	576164	126.3	125.23	2022-08-19	8.0	17.83	-4.9	126.5600543643803
2930	678153	125.23	125.07	2022-08-19	8.0	17.83	-4.9	125.20497686190703
2931	613382	125.06	125.2	2022-08-19	8.0	17.83	-4.9	125.20497686190703
2932	420112	125.0	125.69	2022-08-22	8.0	17.83	-4.9	125.20497686190703
2933	1066024	125.71	125.99	2022-08-22	8.0	17.83	-4.9	126.5600543643803
2934	964863	126.0	126.06	2022-08-22	8.0	17.83	-4.9	126.5600543643803
2935	2167596	126.06	129.46	2022-08-23	8.0	17.83	-4.9	126.5600543643803
2936	2263799	129.46	128.99	2022-08-23	8.0	17.83	-4.9	128.6550012979766
2937	2110050	129.0	130.38	2022-08-23	8.0	17.83	-4.9	128.51644093173277
2938	2041604	130.6	129.81	2022-08-24	8.0	17.83	-4.9	130.3052930173846
2939	1085324	129.81	129.57	2022-08-24	8.0	17.83	-4.9	128.51644093173277
2940	1455591	129.55	128.15	2022-08-24	8.0	17.83	-4.9	128.51644093173277
2941	763800	128.15	129.1	2022-08-25	8.0	17.83	-4.9	128.51644093173277
2942	1920183	129.05	127.37	2022-08-25	8.0	17.83	-4.9	128.51644093173277
2943	922386	127.36	128.18	2022-08-25	8.0	17.83	-4.9	126.9810237366587
2944	505649	128.02	127.92	2022-08-26	8.0	17.83	-4.9	128.51644093173277
2945	1139393	127.88	129.15	2022-08-26	8.0	17.83	-4.9	128.51644093173277
2946	1641716	129.15	130.4	2022-08-26	8.0	17.83	-4.9	128.51644093173277
2947	1321244	130.12	130.99	2022-08-29	8.0	17.83	-4.9	130.3052930173846
2948	1400159	130.99	130.34	2022-08-29	8.0	17.83	-4.9	131.5340723846661
2949	1368347	130.34	131.17	2022-08-29	8.0	17.83	-4.9	130.3052930173846
2950	1514763	131.17	132.27	2022-08-30	8.0	17.83	-4.9	131.5340723846661
2951	1493958	132.27	131.49	2022-08-30	8.0	17.83	-4.9	131.8095991324414
2952	2098777	131.46	130.05	2022-08-30	8.0	17.83	-4.9	131.5340723846661
2953	4959919	132.3	136.16	2022-08-31	8.0	17.11	-4.3	132.11019158233148
2954	4335786	136.2	134.2	2022-08-31	8.0	17.11	-4.3	136.20399813113673
2955	1445790	134.19	134.25	2022-08-31	8.0	17.11	-4.3	134.0826635598142
2956	876836	133.99	133.08	2022-09-01	8.0	17.11	-4.3	134.0826635598142
2957	1239789	133.02	132.98	2022-09-01	8.0	17.11	-4.3	134.0826635598142
2958	3376119	132.98	138.2	2022-09-01	8.0	17.11	-4.3	134.34337183170467
2959	2465132	138.8	139.22	2022-09-02	8.0	17.11	-4.3	137.87405463943418
2960	7346089	139.2	143.46	2022-09-02	8.0	17.11	-4.3	139.49905117830096
2961	3874618	143.46	143.8	2022-09-02	8.0	17.11	-4.3	142.61346746512777
2962	2801802	143.5	141.77	2022-09-05	8.0	17.11	-4.3	142.61346746512777
2963	3599485	141.75	141.07	2022-09-05	8.0	17.11	-4.3	141.17532602366043
2964	2358465	141.07	141.0	2022-09-05	8.0	17.11	-4.3	141.0531781180138
2965	1169655	140.9	139.83	2022-09-06	8.0	17.11	-4.3	140.89202881099217
2966	4030011	139.83	136.86	2022-09-06	8.0	17.11	-4.3	139.87075322947518
2967	3463175	136.87	137.23	2022-09-06	8.0	17.11	-4.3	136.88987358362652
2968	1678747	136.96	137.53	2022-09-07	8.0	17.11	-4.3	136.62916531173605
2969	2210877	137.5	137.34	2022-09-07	8.0	17.11	-4.3	137.44056575394254
2970	2182732	137.34	136.86	2022-09-07	8.0	17.11	-4.3	137.44056575394254
2971	977883	136.69	136.19	2022-09-08	8.0	17.11	-4.3	136.62916531173605
2972	2353665	136.2	135.88	2022-09-08	8.0	17.11	-4.3	135.92744138963363
2973	2441011	135.88	134.51	2022-09-08	8.0	17.11	-4.3	136.02379828911884
2974	726591	134.41	135.1	2022-09-09	8.0	17.11	-4.3	134.0826635598142
2975	1784546	135.13	135.1	2022-09-09	8.0	17.11	-4.3	135.7888810233898
2976	2399133	135.08	138.15	2022-09-09	8.0	17.11	-4.3	136.02379828911884
2977	1640618	137.07	139.66	2022-09-12	8.0	17.11	-4.3	137.11538894655234
2978	1738488	139.66	139.41	2022-09-12	8.0	17.11	-4.3	139.74860532382854
2979	1626633	139.43	138.0	2022-09-12	8.0	17.11	-4.3	139.74860532382854
2980	194024	137.55	138.26	2022-09-12	8.0	17.11	-4.3	137.5059804720929
2981	61182	138.23	138.7	2022-09-12	8.0	17.11	-4.3	137.79453416232258
2982	1009964	138.7	137.86	2022-09-13	8.0	17.11	-4.3	137.77769773994896
2983	978409	137.88	138.33	2022-09-13	8.0	17.11	-4.3	137.48914404971927
2984	2280868	138.33	137.43	2022-09-13	8.0	17.11	-4.3	137.77769773994896
2985	136039	137.44	137.2	2022-09-13	8.0	17.11	-4.3	137.45740217631615
2986	52556	137.19	137.0	2022-09-13	8.0	17.11	-4.3	137.13222536892596
2987	1538488	136.6	135.96	2022-09-14	8.0	17.11	-4.3	136.62916531173605
2988	1649509	135.93	135.7	2022-09-14	8.0	17.11	-4.3	135.7888810233898
2989	2729697	135.7	139.1	2022-09-14	8.0	17.11	-4.3	136.04958929528027
2990	317751	138.85	138.76	2022-09-14	8.0	17.11	-4.3	137.77769773994896
2991	47825	138.76	138.9	2022-09-14	8.0	17.11	-4.3	137.79453416232258
2992	893968	139.15	138.26	2022-09-15	8.0	17.11	-4.3	139.74860532382854
2993	1881649	138.26	138.68	2022-09-15	8.0	17.11	-4.3	137.77769773994896
2994	2659371	138.65	139.7	2022-09-15	8.0	17.11	-4.3	137.8998456455956
2995	165046	139.16	139.59	2022-09-15	8.0	17.11	-4.3	139.76544174620216
2996	24266	139.52	139.48	2022-09-15	8.0	17.11	-4.3	139.76544174620216
2997	991736	139.37	138.71	2022-09-16	8.0	17.11	-4.3	139.74860532382854
2998	4134984	138.71	138.41	2022-09-16	8.0	17.11	-4.3	137.8998456455956
2999	1842283	138.42	137.8	2022-09-16	8.0	17.11	-4.3	137.77769773994896
3000	173739	137.8	137.73	2022-09-16	8.0	17.11	-4.3	137.5059804720929
3001	30864	137.78	137.73	2022-09-16	8.0	17.11	-4.3	137.5059804720929
3002	928578	137.4	138.67	2022-09-19	7.5	17.11	-4.3	137.44056575394254
3003	1381156	138.67	137.73	2022-09-19	7.5	17.11	-4.3	137.77769773994896
3004	894381	137.78	137.85	2022-09-19	7.5	17.11	-4.3	137.48914404971927
3005	104882	137.81	138.0	2022-09-19	7.5	17.11	-4.3	137.5059804720929
3006	17960	138.06	138.04	2022-09-19	7.5	17.11	-4.3	137.79453416232258
3007	1430464	137.87	136.35	2022-09-20	7.5	17.11	-4.3	137.48914404971927
3008	5425195	136.35	129.4	2022-09-20	7.5	17.11	-4.3	135.28757578493244
3009	9452762	129.43	125.0	2022-09-20	7.5	17.11	-4.3	129.1976844139353
3010	4323669	125.0	125.77	2022-09-20	7.5	17.11	-4.3	126.05315015092022
3011	260745	125.77	125.1	2022-09-20	7.5	17.11	-4.3	126.54976549203634
3012	5702989	112.5	120.0	2022-09-21	7.5	17.11	-4.3	114.79761601716166
3013	5301270	120.07	119.8	2022-09-21	7.5	17.11	-4.3	120.47071118118136
3014	2183756	119.8	119.89	2022-09-21	7.5	17.11	-4.3	119.58546118254526
3015	390550	120.02	120.66	2022-09-21	7.5	17.11	-4.3	119.73706255002503
3016	70267	120.73	120.23	2022-09-21	7.5	17.11	-4.3	120.70340735300891
3017	2342724	120.25	123.79	2022-09-22	7.5	17.11	-4.3	119.72568164334557
3018	3336288	123.77	123.4	2022-09-22	7.5	17.11	-4.3	124.94887995478953
3019	5582599	123.4	124.35	2022-09-22	7.5	17.11	-4.3	124.33321602333126
3020	440447	124.2	124.23	2022-09-22	7.5	17.11	-4.3	124.83811295582235
3021	44659	124.2	124.31	2022-09-22	7.5	17.11	-4.3	124.82782408347839
3022	1810110	124.49	122.5	2022-09-23	7.5	17.11	-4.3	124.83811295582235
3023	4106586	122.49	119.08	2022-09-23	7.5	17.11	-4.3	121.89974919058803
3024	2342592	119.08	118.61	2022-09-23	7.5	17.11	-4.3	118.94805656593421
3025	254315	118.71	119.39	2022-09-23	7.5	17.11	-4.3	118.94914860026971
3026	76671	119.4	119.39	2022-09-23	7.5	17.11	-4.3	119.5751723102013
3027	2925398	114.0	115.79	2022-09-26	7.5	17.11	-4.3	114.69750487304114
3028	8099053	115.78	110.77	2022-09-26	7.5	17.11	-4.3	114.98153812458983
3029	2726379	110.7	110.08	2022-09-26	7.5	17.11	-4.3	110.1036626018281
3030	874894	110.19	107.69	2022-09-26	7.5	17.11	-4.3	109.99289560286093
3031	236971	107.69	107.06	2022-09-26	7.5	17.11	-4.3	107.45113564185623
3032	2002315	110.0	111.18	2022-09-27	7.5	17.11	-4.3	109.99289560286093
3033	2799281	111.13	108.01	2022-09-27	7.5	17.11	-4.3	110.1036626018281
3034	3269154	108.0	111.9	2022-09-27	7.5	17.11	-4.3	108.21049372377095
3035	838172	111.7	113.09	2022-09-27	7.5	17.11	-4.3	111.85479556776967
3036	188319	113.17	112.92	2022-09-27	7.5	17.11	-4.3	114.57644900173
3037	2018644	112.0	113.76	2022-09-28	7.5	17.11	-4.1	111.85479556776967
3038	3231594	113.76	111.25	2022-09-28	7.5	17.11	-4.1	114.69750487304114
3039	2006063	111.25	110.39	2022-09-28	7.5	17.11	-4.1	110.6048624423384
3040	446542	110.47	111.3	2022-09-28	7.5	17.11	-4.1	109.99289560286093
3041	94123	111.3	111.06	2022-09-28	7.5	17.11	-4.1	110.59457356999444
3042	1187092	111.59	111.13	2022-09-29	7.5	17.11	-4.1	111.00340619865084
3043	3044075	111.13	108.54	2022-09-29	7.5	17.11	-4.1	110.1036626018281
3044	1554746	108.54	109.13	2022-09-29	7.5	17.11	-4.1	108.78032025143132
3045	873169	109.17	110.1	2022-09-29	7.5	17.11	-4.1	108.89579225242547
3046	89644	110.1	110.41	2022-09-29	7.5	17.11	-4.1	109.98260673051696
3047	2780254	111.0	108.93	2022-09-30	7.5	15.9	-4.1	110.1036626018281
3048	5574790	108.94	105.79	2022-09-30	7.5	15.9	-4.1	108.97748446815768
3049	4177484	105.78	108.7	2022-09-30	7.5	15.9	-4.1	107.77493475322365
3050	740260	109.15	110.6	2022-09-30	7.5	15.9	-4.1	108.89579225242547
3051	84116	110.67	110.21	2022-09-30	7.5	15.9	-4.1	109.98260673051696
3052	1314470	110.62	109.78	2022-10-03	7.5	15.9	-4.1	109.99289560286093
3053	3136224	109.72	112.59	2022-10-03	7.5	15.9	-4.1	110.1036626018281
3054	2375387	112.59	114.03	2022-10-03	7.5	15.9	-4.1	114.70454289474998
3055	502933	114.0	114.48	2022-10-03	7.5	15.9	-4.1	114.58673787407396
3056	67082	114.46	114.35	2022-10-03	7.5	15.9	-4.1	114.57644900173
3057	2035748	115.06	112.39	2022-10-04	7.5	15.9	-4.1	114.58673787407396
3058	3981634	112.39	111.32	2022-10-04	7.5	15.9	-4.1	112.70296885678286
3059	1957630	111.32	111.26	2022-10-04	7.5	15.9	-4.1	110.6048624423384
3060	322166	111.46	110.72	2022-10-04	7.5	15.9	-4.1	111.00340619865084
3061	59290	110.79	110.55	2022-10-04	7.5	15.9	-4.1	109.98260673051696
3062	2056765	110.49	107.69	2022-10-05	7.5	15.9	-4.1	109.99289560286093
3063	4553249	107.69	107.68	2022-10-05	7.5	15.9	-4.1	108.5396494397873
3064	1986738	107.64	109.0	2022-10-05	7.5	15.9	-4.1	107.46142451420019
3065	414635	109.02	108.49	2022-10-05	7.5	15.9	-4.1	108.89579225242547
3066	30305	108.49	108.51	2022-10-05	7.5	15.9	-4.1	108.77003137908736
3067	1452459	108.65	109.48	2022-10-06	7.5	15.9	-4.1	108.89579225242547
3068	2229610	109.48	108.49	2022-10-06	7.5	15.9	-4.1	108.89579225242547
3069	1234683	108.48	108.55	2022-10-06	7.5	15.9	-4.1	108.78032025143132
3070	211521	108.55	108.27	2022-10-06	7.5	15.9	-4.1	108.77003137908736
3071	45875	108.25	108.24	2022-10-06	7.5	15.9	-4.1	108.77003137908736
3072	1198101	107.7	107.56	2022-10-07	7.5	15.9	-4.1	107.73763373230778
3073	1932973	107.56	106.8	2022-10-07	7.5	15.9	-4.1	107.35944099188414
3074	3588917	106.8	103.83	2022-10-07	7.5	15.9	-4.1	106.7207240992534
3075	1942068	103.83	102.5	2022-10-07	7.5	15.9	-4.1	104.65357529735802
3076	436890	102.5	101.5	2022-10-07	7.5	15.9	-4.1	104.43866440239677
3077	4153575	96.55	103.1	2022-10-10	7.5	15.9	-4.1	105.18647909604682
3078	3791282	103.14	103.51	2022-10-10	7.5	15.9	-4.1	104.71618247134582
3079	3126826	103.51	106.39	2022-10-10	7.5	15.9	-4.1	105.73268411843907
3080	592817	106.26	106.5	2022-10-10	7.5	15.9	-4.1	106.60995710028622
3081	80491	106.44	106.71	2022-10-10	7.5	15.9	-4.1	106.59966822794226
3082	2220543	106.5	104.94	2022-10-11	7.5	15.9	-4.1	106.60995710028622
3083	3350620	104.94	107.3	2022-10-11	7.5	15.9	-4.1	106.80747682660372
3084	1597357	107.28	107.45	2022-10-11	7.5	15.9	-4.1	107.11637212254335
3085	483335	107.3	107.68	2022-10-11	7.5	15.9	-4.1	107.35944099188414
3086	43367	107.7	107.72	2022-10-11	7.5	15.9	-4.1	107.72734485996382
3087	1706527	108.27	107.3	2022-10-12	7.5	15.9	-4.1	108.78032025143132
3088	3175012	107.28	106.54	2022-10-12	7.5	15.9	-4.1	107.22713912151053
3089	1145603	106.51	106.13	2022-10-12	7.5	15.9	-4.1	106.60995710028622
3090	223555	106.13	105.8	2022-10-12	7.5	15.9	-4.1	106.59966822794226
3091	86249	105.8	105.9	2022-10-12	7.5	15.9	-4.1	106.68642095529258
3092	1389655	105.72	106.23	2022-10-13	7.5	15.9	-4.1	106.69670982763654
3093	1808820	106.29	106.35	2022-10-13	7.5	15.9	-4.1	106.60995710028622
3094	1227039	106.32	106.56	2022-10-13	7.5	15.9	-4.1	106.60995710028622
3095	202668	106.56	106.3	2022-10-13	7.5	15.9	-4.1	106.59966822794226
3096	56697	106.3	106.5	2022-10-13	7.5	15.9	-4.1	106.59966822794226
3097	640733	106.92	106.03	2022-10-14	7.5	15.9	-4.1	106.60995710028622
3098	899985	106.03	105.9	2022-10-14	7.5	15.9	-4.1	106.60995710028622
3099	3258464	105.9	107.68	2022-10-14	7.5	15.9	-4.1	106.80747682660372
3100	374484	107.79	107.69	2022-10-14	7.5	15.9	-4.1	107.73763373230778
3101	82134	107.69	107.78	2022-10-14	7.5	15.9	-4.1	107.45113564185623
3102	878256	107.93	108.16	2022-10-17	7.5	15.9	-4.1	108.09972672480377
3103	3940883	108.23	110.97	2022-10-17	7.5	15.9	-4.1	110.75759855091606
3104	2457543	110.99	112.1	2022-10-17	7.5	15.9	-4.1	110.07787159566669
3105	455207	112.1	112.65	2022-10-17	7.5	15.9	-4.1	111.85479556776967
3106	116456	112.65	112.44	2022-10-17	7.5	15.9	-4.1	114.57644900173
3107	1943348	113.05	111.9	2022-10-18	7.5	15.9	-4.1	114.58673787407396
3108	4378898	111.9	113.13	2022-10-18	7.5	15.9	-4.1	112.70296885678286
3109	1873304	113.13	113.2	2022-10-18	7.5	15.9	-4.1	114.58673787407396
3110	1726378	113.2	111.04	2022-10-18	7.5	15.9	-4.1	114.58673787407396
3111	262872	111.04	110.88	2022-10-18	7.5	15.9	-4.1	109.98260673051696
3112	2846880	110.12	109.57	2022-10-19	7.5	15.9	-4.1	110.1036626018281
3113	3668855	109.59	111.98	2022-10-19	7.5	15.9	-4.1	110.1036626018281
3114	1711808	111.97	111.43	2022-10-19	7.5	15.9	-4.1	111.85479556776967
3115	781569	111.4	112.3	2022-10-19	7.5	15.9	-4.1	111.00340619865084
3116	59458	112.3	112.39	2022-10-19	7.5	15.9	-4.1	111.84450669542571
3117	1724263	112.75	114.12	2022-10-20	7.5	15.9	-4.1	114.58673787407396
3118	4127453	114.12	116.12	2022-10-20	7.5	15.9	-4.1	115.43491116308715
3119	3436729	116.12	116.06	2022-10-20	7.5	15.9	-4.1	115.55489754738011
3120	507304	115.99	116.33	2022-10-20	7.5	15.9	-4.1	115.44413054841293
3121	270294	116.33	116.98	2022-10-20	7.5	15.9	-4.1	118.12644266249076
3122	1765552	116.93	115.51	2022-10-21	7.5	15.9	-4.1	118.13673153483472
3123	3682901	115.51	117.12	2022-10-21	7.5	15.9	-4.1	115.55489754738011
3124	3095173	117.15	118.55	2022-10-21	7.5	15.9	-4.1	118.2474985338019
3125	1468885	118.55	119.74	2022-10-21	7.5	15.9	-4.1	118.89895902662306
3126	218953	119.75	119.45	2022-10-21	7.5	15.9	-4.1	119.5751723102013
3127	2207216	120.15	120.63	2022-10-24	7.5	15.9	-4.1	119.73706255002503
3128	3183072	120.63	118.4	2022-10-24	7.5	15.9	-4.1	119.84782954899221
3129	1668200	118.39	118.9	2022-10-24	7.5	15.9	-4.1	118.89895902662306
3130	324294	119.03	118.8	2022-10-24	7.5	15.9	-4.1	118.95943747261367
3131	62240	118.8	118.8	2022-10-24	7.5	15.9	-4.1	118.94914860026971
3132	977052	118.84	119.23	2022-10-25	7.5	15.9	-4.1	118.95943747261367
3133	5585086	119.23	123.54	2022-10-25	7.5	15.9	-4.1	119.66715339827748
3134	4062453	123.55	124.69	2022-10-25	7.5	15.9	-4.1	125.09969709661223
3135	681277	124.7	124.33	2022-10-25	7.5	15.9	-4.1	124.83811295582235
3136	109807	124.27	124.36	2022-10-25	7.5	15.9	-4.1	124.82782408347839
3137	1778734	124.7	124.14	2022-10-26	7.5	15.9	-4.1	124.83811295582235
3138	6262257	124.17	123.44	2022-10-26	7.5	15.9	-4.1	124.08705888570034
3139	2251590	123.44	124.12	2022-10-26	7.5	15.9	-4.1	124.24014290091958
3140	494698	123.93	124.48	2022-10-26	7.5	15.9	-4.1	124.83811295582235
3141	62257	124.48	124.43	2022-10-26	7.5	15.9	-4.1	124.82782408347839
3142	1786155	124.75	126.15	2022-10-27	7.5	15.9	-4.1	124.83811295582235
3143	4415008	126.19	125.56	2022-10-27	7.5	15.9	-4.1	127.1718090701469
3144	2067783	125.54	127.17	2022-10-27	7.5	15.9	-4.1	126.5600543643803
3145	365328	126.91	126.83	2022-10-27	7.5	15.9	-4.1	126.9810237366587
3146	157240	126.8	126.61	2022-10-27	7.5	15.9	-4.1	126.97073486431474
3147	1767642	126.14	125.62	2022-10-28	7.5	15.9	-4.1	126.5600543643803
3148	3313402	125.6	126.36	2022-10-28	7.5	15.9	-4.1	126.67082136334749
3149	1749808	126.31	126.74	2022-10-28	7.5	15.9	-4.1	126.5600543643803
3150	452283	126.65	126.8	2022-10-28	7.5	15.9	-4.1	126.9810237366587
3151	82865	126.82	126.97	2022-10-28	7.5	15.9	-4.1	126.97073486431474
3152	1833371	127.2	127.48	2022-10-31	7.5	15.09	-4.1	126.9810237366587
3153	2473420	127.46	126.62	2022-10-31	7.5	15.09	-4.1	127.06599972946447
3154	1408371	126.62	126.19	2022-10-31	7.5	15.09	-4.1	126.9810237366587
3155	225883	126.17	126.18	2022-10-31	7.5	15.09	-4.1	126.54976549203634
3156	135242	126.24	126.72	2022-10-31	7.5	15.09	-4.1	126.54976549203634
3157	1235610	127.2	126.87	2022-11-01	7.5	15.09	-4.1	126.9810237366587
3158	1307738	126.87	127.11	2022-11-01	7.5	15.09	-4.1	126.9810237366587
3159	869453	127.11	127.1	2022-11-01	7.5	15.09	-4.1	126.9810237366587
3160	213217	127.12	127.12	2022-11-01	7.5	15.09	-4.1	126.97073486431474
3161	56070	127.12	127.05	2022-11-01	7.5	15.09	-4.1	126.97073486431474
3162	669582	127.06	126.62	2022-11-02	7.5	15.09	-5.0	126.9810237366587
3163	1486890	126.62	127.29	2022-11-02	7.5	15.09	-5.0	126.9810237366587
3164	539951	127.28	127.14	2022-11-02	7.5	15.09	-5.0	126.9810237366587
3165	514458	127.02	126.22	2022-11-02	7.5	15.09	-5.0	126.9810237366587
3166	810616	126.21	125.49	2022-11-02	7.5	15.09	-5.0	126.5600543643803
3167	1248100	125.4	124.92	2022-11-03	7.5	15.09	-5.0	125.20497686190703
3168	2021140	124.92	124.85	2022-11-03	7.5	15.09	-5.0	125.20497686190703
3169	1113487	124.85	125.45	2022-11-03	7.5	15.09	-5.0	125.20497686190703
3170	265661	125.45	125.47	2022-11-03	7.5	15.09	-5.0	125.33708680855203
3171	122793	125.49	125.75	2022-11-03	7.5	15.09	-5.0	125.33708680855203
3172	910074	127.09	126.56	2022-11-07	7.5	15.09	-5.0	126.9810237366587
3173	4614554	126.56	129.57	2022-11-07	7.5	15.09	-5.0	127.5927784424253
3174	2790730	129.57	131.63	2022-11-07	7.5	15.09	-5.0	128.62720793069994
3175	738909	131.38	131.7	2022-11-07	7.5	15.09	-5.0	131.5340723846661
3176	115238	131.7	132.0	2022-11-07	7.5	15.09	-5.0	131.52378351232213
3177	2595452	132.0	131.22	2022-11-08	7.5	15.09	-5.0	131.6622302570815
3178	2578764	131.24	131.94	2022-11-08	7.5	15.09	-5.0	131.61904837747184
3179	1101761	131.9	131.17	2022-11-08	7.5	15.09	-5.0	131.5340723846661
3180	597482	131.15	131.0	2022-11-08	7.5	15.09	-5.0	131.5340723846661
3181	78391	131.0	131.29	2022-11-08	7.5	15.09	-5.0	131.52378351232213
3182	932351	131.06	129.9	2022-11-09	7.5	15.09	-5.0	131.5340723846661
3183	2151598	129.89	129.44	2022-11-09	7.5	15.09	-5.0	128.51644093173277
3184	1762835	129.48	128.29	2022-11-09	7.5	15.09	-5.0	128.51644093173277
3185	1475401	128.0	127.51	2022-11-09	7.5	15.09	-5.0	128.51644093173277
3186	173274	127.51	127.3	2022-11-09	7.5	15.09	-5.0	126.97073486431474
3187	3247485	131.0	130.96	2022-11-10	7.5	15.09	-5.0	131.64483938363327
3188	9071587	130.96	134.57	2022-11-10	7.5	15.09	-5.0	132.679062299578
3189	3714975	134.56	135.87	2022-11-10	7.5	15.09	-5.0	135.89964802235696
3190	907841	135.87	136.32	2022-11-10	7.5	15.09	-5.0	135.7888810233898
3191	229938	136.33	136.68	2022-11-10	7.5	15.09	-5.0	135.8057174457634
3192	2809883	137.9	135.35	2022-11-11	7.5	15.09	-5.0	137.6112919553659
3193	2561250	135.36	137.03	2022-11-11	7.5	15.09	-5.0	135.87385701619553
3194	1426924	137.03	136.74	2022-11-11	7.5	15.09	-5.0	136.62916531173605
3195	613579	136.6	136.91	2022-11-11	7.5	15.09	-5.0	136.62916531173605
3196	158888	136.92	136.98	2022-11-11	7.5	15.09	-5.0	136.64600173410966
3197	1347576	137.5	136.53	2022-11-14	7.5	15.09	-5.0	137.44056575394254
3198	4307190	136.53	138.72	2022-11-14	7.5	15.09	-5.0	136.89434114655967
3199	1847718	138.71	139.82	2022-11-14	7.5	15.09	-5.0	137.77769773994896
3200	640522	139.89	139.74	2022-11-14	7.5	15.09	-5.0	139.74860532382854
3201	109097	139.74	139.8	2022-11-14	7.5	15.09	-5.0	139.76544174620216
3202	1649035	140.49	140.5	2022-11-15	7.5	15.09	-5.0	139.9261064640484
3203	4256362	140.5	137.92	2022-11-15	7.5	15.09	-5.0	140.04825436969503
3204	1449306	137.94	137.9	2022-11-15	7.5	15.09	-5.0	137.48914404971927
3205	6323923	137.8	136.53	2022-11-15	7.5	15.09	-5.0	135.85305839741173
3206	875699	136.53	135.66	2022-11-15	7.5	15.09	-5.0	136.62916531173605
3207	2073927	136.99	137.98	2022-11-16	7.5	15.09	-5.0	136.62916531173605
3208	2664825	137.98	138.79	2022-11-16	7.5	15.09	-5.0	137.8998456455956
3209	1461787	138.79	139.0	2022-11-16	7.5	15.09	-5.0	137.77769773994896
3210	436165	138.99	139.02	2022-11-16	7.5	15.09	-5.0	139.74860532382854
3211	72313	139.03	139.18	2022-11-16	7.5	15.09	-5.0	139.76544174620216
3212	1476436	139.09	139.6	2022-11-17	7.5	15.09	-5.0	139.74860532382854
3213	2277368	139.6	137.85	2022-11-17	7.5	15.09	-5.0	139.74860532382854
3214	1701590	137.84	137.6	2022-11-17	7.5	15.09	-5.0	137.48914404971927
3215	405016	137.59	137.56	2022-11-17	7.5	15.09	-5.0	137.48914404971927
3216	55614	137.58	137.57	2022-11-17	7.5	15.09	-5.0	137.5059804720929
3217	687749	137.08	137.75	2022-11-18	7.5	15.09	-5.0	137.11538894655234
3218	1865731	137.75	136.49	2022-11-18	7.5	15.09	-5.0	137.48914404971927
3219	1354090	136.5	136.01	2022-11-18	7.5	15.09	-5.0	136.62916531173605
3220	342468	136.37	136.34	2022-11-18	7.5	15.09	-5.0	136.62916531173605
3221	157151	136.37	136.89	2022-11-18	7.5	15.09	-5.0	136.64600173410966
3222	1653425	136.01	134.75	2022-11-21	7.5	15.09	-5.0	135.7888810233898
3223	3462044	134.75	133.54	2022-11-21	7.5	15.09	-5.0	135.89964802235696
3224	1779937	133.53	133.38	2022-11-21	7.5	15.09	-5.0	134.0826635598142
3225	1354347	133.3	134.26	2022-11-21	7.5	15.09	-5.0	134.0826635598142
3226	109969	134.24	134.46	2022-11-21	7.5	15.09	-5.0	134.07237468747022
3227	1388281	134.55	135.0	2022-11-22	7.5	15.09	-5.0	135.7888810233898
3228	1481839	135.0	134.67	2022-11-22	7.5	15.09	-5.0	135.7888810233898
3229	1139328	134.7	135.75	2022-11-22	7.5	15.09	-5.0	135.7888810233898
3230	504818	135.79	135.57	2022-11-22	7.5	15.09	-5.0	135.7888810233898
3231	64472	135.6	135.65	2022-11-22	7.5	15.09	-5.0	135.7785921510458
3232	799077	135.7	134.9	2022-11-23	7.5	15.09	-5.0	135.7888810233898
3233	2825769	134.92	136.99	2022-11-23	7.5	15.09	-5.0	135.89964802235696
3234	1251350	136.99	136.87	2022-11-23	7.5	15.09	-5.0	136.62916531173605
3235	265768	136.81	136.69	2022-11-23	7.5	15.09	-5.0	136.64600173410966
3236	87017	136.7	136.59	2022-11-23	7.5	15.09	-5.0	136.64600173410966
3237	931488	137.0	137.6	2022-11-24	7.5	15.09	-5.0	136.62916531173605
3238	1772165	137.6	137.53	2022-11-24	7.5	15.09	-5.0	137.48914404971927
3239	1115192	137.52	136.82	2022-11-24	7.5	15.09	-5.0	137.44056575394254
3240	367037	136.82	136.61	2022-11-24	7.5	15.09	-5.0	136.62916531173605
3241	52963	136.61	136.61	2022-11-24	7.5	15.09	-5.0	136.64600173410966
3242	903942	137.2	135.74	2022-11-25	7.5	15.09	-5.0	137.11538894655234
3243	1021822	135.73	136.36	2022-11-25	7.5	15.09	-5.0	135.7888810233898
3244	748616	136.36	136.33	2022-11-25	7.5	15.09	-5.0	135.7888810233898
3245	209561	136.29	136.46	2022-11-25	7.5	15.09	-5.0	135.8057174457634
3246	77740	136.46	136.53	2022-11-25	7.5	15.09	-5.0	136.64600173410966
3247	1122863	135.02	135.71	2022-11-28	7.5	15.09	-5.0	135.7888810233898
3248	2032574	135.66	134.88	2022-11-28	7.5	15.09	-5.0	135.7888810233898
3249	972259	134.85	135.77	2022-11-28	7.5	15.09	-5.0	135.7888810233898
3250	335843	135.7	135.53	2022-11-28	7.5	15.09	-5.0	135.7888810233898
3251	63141	135.54	135.53	2022-11-28	7.5	15.09	-5.0	135.7785921510458
3252	619882	136.29	135.99	2022-11-29	7.5	15.09	-5.0	135.7888810233898
3253	1643327	135.98	136.47	2022-11-29	7.5	15.09	-5.0	135.7888810233898
3254	525069	136.48	136.85	2022-11-29	7.5	15.09	-5.0	136.62916531173605
3255	339077	136.61	136.47	2022-11-29	7.5	15.09	-5.0	136.62916531173605
3256	37351	136.47	136.37	2022-11-29	7.5	15.09	-5.0	136.64600173410966
3257	552198	136.5	136.08	2022-11-30	7.5	14.3	-4.4	136.64570274250565
3258	634278	136.08	135.91	2022-11-30	7.5	14.3	-4.4	135.8054184541594
3259	786030	135.91	135.51	2022-11-30	7.5	14.3	-4.4	135.8054184541594
3260	484856	135.51	136.39	2022-11-30	7.5	14.3	-4.4	135.8054184541594
3261	224257	136.42	136.78	2022-11-30	7.5	14.3	-4.4	136.66253916487926
3262	893179	137.1	137.43	2022-12-01	7.5	14.3	-4.4	137.13192637732195
3263	1370260	137.4	136.66	2022-12-01	7.5	14.3	-4.4	137.45710318471214
3264	576602	136.67	136.47	2022-12-01	7.5	14.3	-4.4	136.64570274250565
3265	391078	136.52	137.14	2022-12-01	7.5	14.3	-4.4	136.64570274250565
3266	74531	137.11	137.15	2022-12-01	7.5	14.3	-4.4	137.14876279969556
3267	362959	136.99	136.81	2022-12-02	7.5	14.3	-4.4	136.64570274250565
3268	556156	136.81	136.5	2022-12-02	7.5	14.3	-4.4	136.64570274250565
3269	755151	136.47	136.5	2022-12-02	7.5	14.3	-4.4	136.64570274250565
3270	187065	136.7	136.66	2022-12-02	7.5	14.3	-4.4	136.66253916487926
3271	64836	136.68	136.66	2022-12-02	7.5	14.3	-4.4	136.66253916487926
3272	4155753	136.66	141.24	2022-12-05	7.5	14.3	-4.4	136.91087857732927
3273	3233160	141.25	141.23	2022-12-05	7.5	14.3	-4.4	141.19186345443003
3274	1886963	141.26	142.05	2022-12-05	7.5	14.3	-4.4	141.0697155487834
3275	985873	142.3	141.88	2022-12-05	7.5	14.3	-4.4	142.50785699025073
3276	131301	141.88	142.0	2022-12-05	7.5	14.3	-4.4	142.52469341262434
3277	1938511	142.2	141.22	2022-12-06	7.5	14.3	-4.4	142.50785699025073
3278	1217878	141.2	141.16	2022-12-06	7.5	14.3	-4.4	141.0697155487834
3279	818413	141.13	141.6	2022-12-06	7.5	14.3	-4.4	141.0697155487834
3280	1133359	141.53	140.47	2022-12-06	7.5	14.3	-4.4	141.0697155487834
3281	74854	140.47	140.61	2022-12-06	7.5	14.3	-4.4	139.9594803171916
3282	1839976	140.5	138.96	2022-12-07	7.5	14.3	-4.4	139.942643894818
3283	1240814	138.95	139.48	2022-12-07	7.5	14.3	-4.4	139.76514275459814
3284	3282930	139.47	142.24	2022-12-07	7.5	14.3	-4.4	139.8872906602448
3285	521788	142.24	142.27	2022-12-07	7.5	14.3	-4.4	142.50785699025073
3286	103059	142.26	142.32	2022-12-07	7.5	14.3	-4.4	142.52469341262434
3287	2122907	143.5	141.5	2022-12-08	7.5	14.3	-4.4	142.50785699025073
3288	1824043	141.48	141.62	2022-12-08	7.5	14.3	-4.4	141.0697155487834
3289	1838155	141.63	140.38	2022-12-08	7.5	14.3	-4.4	141.0697155487834
3290	453143	140.1	140.19	2022-12-08	7.5	14.3	-4.4	139.942643894818
3291	167403	140.18	139.92	2022-12-08	7.5	14.3	-4.4	139.9594803171916
3292	813480	139.7	140.67	2022-12-09	7.5	14.3	-4.4	139.76514275459814
3293	777227	140.68	139.77	2022-12-09	7.5	14.3	-4.4	140.47446752751443
3294	1004396	139.77	140.2	2022-12-09	7.5	14.3	-4.4	139.76514275459814
3295	269999	140.0	140.19	2022-12-09	7.5	14.3	-4.4	139.9594803171916
3296	79047	140.19	140.03	2022-12-09	7.5	14.3	-4.4	139.9594803171916
3297	725747	140.19	140.08	2022-12-12	7.5	14.3	-4.4	139.942643894818
3298	1449334	140.1	139.18	2022-12-12	7.5	14.3	-4.4	139.942643894818
3299	971399	139.21	139.32	2022-12-12	7.5	14.3	-4.4	139.76514275459814
3300	169726	139.6	139.34	2022-12-12	7.5	14.3	-4.4	139.78197917697176
3301	31541	139.35	139.48	2022-12-12	7.5	14.3	-4.4	139.78197917697176
3302	455722	139.67	139.28	2022-12-13	7.5	14.3	-4.4	139.76514275459814
3303	2785851	139.28	137.32	2022-12-13	7.5	14.3	-4.4	139.8872906602448
3304	1654680	137.33	138.38	2022-12-13	7.5	14.3	-4.4	137.45710318471214
3305	274750	138.21	138.24	2022-12-13	7.5	14.3	-4.4	137.81107159309218
3306	49048	138.27	138.13	2022-12-13	7.5	14.3	-4.4	137.81107159309218
3307	634843	138.28	137.46	2022-12-14	7.5	14.3	-3.7	137.79423517071857
3308	1409817	137.45	137.06	2022-12-14	7.5	14.3	-3.7	137.45710318471214
3309	889584	137.06	137.6	2022-12-14	7.5	14.3	-3.7	137.13192637732195
3310	391133	137.41	137.22	2022-12-14	7.5	14.3	-3.7	137.45710318471214
3311	82112	137.22	137.3	2022-12-14	7.5	14.3	-3.7	137.14876279969556
3312	1337803	136.99	135.92	2022-12-15	7.5	14.3	-3.7	136.64570274250565
3313	1475999	135.92	135.88	2022-12-15	7.5	14.3	-3.7	135.8054184541594
3314	2219657	135.89	135.49	2022-12-15	7.5	14.3	-3.7	135.8054184541594
3315	328942	135.4	135.0	2022-12-15	7.5	14.3	-3.7	135.8054184541594
3316	116764	135.0	134.55	2022-12-15	7.5	14.3	-3.7	135.79512958181542
3317	953599	134.5	135.63	2022-12-16	7.5	14.3	-3.7	134.0992009905838
3318	1068643	135.63	135.17	2022-12-16	7.5	14.3	-3.7	135.8054184541594
3319	983412	135.16	135.73	2022-12-16	7.5	14.3	-3.7	135.8054184541594
3320	213143	135.64	135.42	2022-12-16	7.5	14.3	-3.7	135.79512958181542
3321	61415	135.42	135.45	2022-12-16	7.5	14.3	-3.7	135.79512958181542
3322	877217	135.13	133.86	2022-12-19	7.5	14.3	-3.7	135.8054184541594
3323	1820300	133.85	133.35	2022-12-19	7.5	14.3	-3.7	134.0992009905838
3324	2620585	133.35	135.57	2022-12-19	7.5	14.3	-3.7	134.18417698338953
3325	458687	135.57	134.68	2022-12-19	7.5	14.3	-3.7	135.8054184541594
3326	105824	134.69	134.64	2022-12-19	7.5	14.3	-3.7	135.79512958181542
3327	910688	134.51	135.92	2022-12-20	7.5	14.3	-3.7	135.8054184541594
3328	2053121	135.9	137.27	2022-12-20	7.5	14.3	-3.7	135.8054184541594
3329	880040	137.27	137.45	2022-12-20	7.5	14.3	-3.7	137.45710318471214
3330	519353	137.45	137.94	2022-12-20	7.5	14.3	-3.7	137.45710318471214
3331	138510	137.9	138.28	2022-12-20	7.5	14.3	-3.7	137.5225179028625
3332	818679	138.7	138.04	2022-12-21	7.5	14.3	-3.7	137.79423517071857
3333	1199769	138.04	138.24	2022-12-21	7.5	14.3	-3.7	137.79423517071857
3334	2157704	138.24	137.29	2022-12-21	7.5	14.3	-3.7	137.79423517071857
3335	281295	137.28	137.5	2022-12-21	7.5	14.3	-3.7	137.47393960708575
3336	96787	137.5	137.75	2022-12-21	7.5	14.3	-3.7	137.47393960708575
3337	481864	137.99	137.95	2022-12-22	7.5	14.3	-3.7	137.79423517071857
3338	1542398	137.95	137.86	2022-12-22	7.5	14.3	-3.7	137.50568148048887
3339	746829	137.88	137.86	2022-12-22	7.5	14.3	-3.7	137.50568148048887
3340	223138	137.85	137.72	2022-12-22	7.5	14.3	-3.7	137.5225179028625
3341	61985	137.72	137.69	2022-12-22	7.5	14.3	-3.7	137.5225179028625
3342	526415	137.49	137.49	2022-12-23	7.5	14.3	-3.7	137.45710318471214
3343	704343	137.49	137.2	2022-12-23	7.5	14.3	-3.7	137.45710318471214
3344	828391	137.19	137.89	2022-12-23	7.5	14.3	-3.7	137.13192637732195
3345	169968	137.89	137.89	2022-12-23	7.5	14.3	-3.7	137.5225179028625
3346	61694	137.82	137.94	2022-12-23	7.5	14.3	-3.7	137.5225179028625
3347	508044	138.33	138.19	2022-12-26	7.5	14.3	-3.7	137.79423517071857
3348	3013703	138.18	140.47	2022-12-26	7.5	14.3	-3.7	137.9163830763652
3349	1042545	140.47	140.68	2022-12-26	7.5	14.3	-3.7	139.942643894818
3350	291716	140.67	140.78	2022-12-26	7.5	14.3	-3.7	140.49130394988805
3351	81929	140.8	140.95	2022-12-26	7.5	14.3	-3.7	140.9254026641354
3352	1673640	141.31	140.38	2022-12-27	7.5	14.3	-3.7	141.0697155487834
3353	918562	140.37	140.53	2022-12-27	7.5	14.3	-3.7	139.942643894818
3354	1028734	140.56	140.3	2022-12-27	7.5	14.3	-3.7	140.47446752751443
3355	474417	140.28	140.0	2022-12-27	7.5	14.3	-3.7	139.942643894818
3356	70100	140.0	139.9	2022-12-27	7.5	14.3	-3.7	139.9594803171916
3357	703415	139.73	139.49	2022-12-28	7.5	14.3	-4.0	139.76514275459814
3358	1081545	139.49	139.2	2022-12-28	7.5	14.3	-4.0	139.76514275459814
3359	724315	139.21	139.55	2022-12-28	7.5	14.3	-4.0	139.76514275459814
3360	235118	139.55	139.56	2022-12-28	7.5	14.3	-4.0	139.78197917697176
3361	60108	139.56	139.51	2022-12-28	7.5	14.3	-4.0	139.78197917697176
3362	602307	139.5	140.87	2022-12-29	7.5	14.3	-4.0	139.76514275459814
3363	1813766	140.88	140.77	2022-12-29	7.5	14.3	-4.0	140.90856624176178
3364	600115	140.78	140.44	2022-12-29	7.5	14.3	-4.0	140.47446752751443
3365	133771	140.55	140.83	2022-12-29	7.5	14.3	-4.0	140.49130394988805
3366	56027	140.83	140.96	2022-12-29	7.5	14.3	-4.0	140.9254026641354
3367	685381	140.8	140.8	2022-12-30	7.5	14.3	-4.0	140.90856624176178
3368	897225	140.8	140.79	2022-12-30	7.5	14.3	-4.0	140.90856624176178
3369	776056	140.8	141.21	2022-12-30	7.5	14.3	-4.0	140.90856624176178
3370	324306	141.21	141.1	2022-12-30	7.5	14.3	-4.0	141.0697155487834
3371	134540	141.1	141.15	2022-12-30	7.5	14.3	-4.0	141.086551971157
3372	660629	141.6	142.66	2023-01-03	7.5	13.67	-4.0	141.0697155487834
3373	867165	142.66	141.74	2023-01-03	7.5	13.67	-4.0	142.50785699025073
3374	345324	141.75	141.65	2023-01-03	7.5	13.67	-4.0	141.0697155487834
3375	181156	141.7	141.79	2023-01-03	7.5	13.67	-4.0	141.086551971157
3376	55428	141.79	141.78	2023-01-03	7.5	13.67	-4.0	142.52469341262434
3377	455255	141.85	141.65	2023-01-04	7.5	13.67	-4.0	142.50785699025073
3378	723217	141.65	141.19	2023-01-04	7.5	13.67	-4.0	141.0697155487834
3379	320913	141.19	141.3	2023-01-04	7.5	13.67	-4.0	141.0697155487834
3380	179248	141.3	141.5	2023-01-04	7.5	13.67	-4.0	141.086551971157
3381	32641	141.49	141.43	2023-01-04	7.5	13.67	-4.0	141.086551971157
3382	285044	141.6	140.99	2023-01-05	7.5	13.67	-4.0	141.086551971157
3383	530903	140.99	141.06	2023-01-05	7.5	13.67	-4.0	141.0697155487834
3384	680073	141.06	141.31	2023-01-05	7.5	13.67	-4.0	141.0697155487834
3385	194241	141.37	141.47	2023-01-05	7.5	13.67	-4.0	141.086551971157
3386	34269	141.47	141.27	2023-01-05	7.5	13.67	-4.0	141.086551971157
3387	224337	141.39	141.35	2023-01-06	7.5	13.67	-4.0	141.086551971157
3388	391444	141.35	141.29	2023-01-06	7.5	13.67	-4.0	141.0697155487834
3389	280582	141.29	141.14	2023-01-06	7.5	13.67	-4.0	141.086551971157
3390	120572	141.14	141.26	2023-01-06	7.5	13.67	-4.0	141.086551971157
3391	48825	141.26	141.4	2023-01-06	7.5	13.67	-4.0	141.086551971157
3392	1034584	141.83	142.87	2023-01-09	7.5	13.67	-4.0	142.50785699025073
3393	1021065	142.89	142.74	2023-01-09	7.5	13.67	-4.0	142.50785699025073
3394	857303	142.74	142.43	2023-01-09	7.5	13.67	-4.0	142.50785699025073
3395	201111	142.23	142.39	2023-01-09	7.5	13.67	-4.0	142.52469341262434
3396	30148	142.4	142.4	2023-01-09	7.5	13.67	-4.0	142.52469341262434
3397	697052	142.1	141.7	2023-01-10	7.5	13.67	-4.0	142.50785699025073
3398	752851	141.69	142.15	2023-01-10	7.5	13.67	-4.0	141.0697155487834
3399	512515	142.14	142.39	2023-01-10	7.5	13.67	-4.0	142.50785699025073
3400	314053	142.39	142.79	2023-01-10	7.5	13.67	-4.0	142.50785699025073
3401	95347	142.77	142.81	2023-01-10	7.5	13.67	-4.0	142.52469341262434
3402	2554850	142.97	144.85	2023-01-11	7.5	13.67	-4.0	142.60421388973595
3403	5684028	144.84	147.62	2023-01-11	7.5	13.67	-4.0	145.44383199560335
3404	2930010	147.63	148.66	2023-01-11	7.5	13.67	-4.0	146.21031306888432
3405	939252	148.66	149.89	2023-01-11	7.5	13.67	-4.0	146.08816516323768
3406	206564	149.89	149.96	2023-01-11	7.5	13.67	-4.0	145.87897992485827
3407	2135436	150.02	148.66	2023-01-12	7.5	13.67	-4.0	145.86214350248466
3408	1160184	148.67	148.97	2023-01-12	7.5	13.67	-4.0	146.08816516323768
3409	1101286	148.96	148.97	2023-01-12	7.5	13.67	-4.0	146.08816516323768
3410	216011	148.98	149.18	2023-01-12	7.5	13.67	-4.0	146.1050015856113
3411	66013	149.15	149.3	2023-01-12	7.5	13.67	-4.0	145.87897992485827
3412	1196843	149.58	148.51	2023-01-13	7.5	13.67	-4.0	145.86214350248466
3413	5333291	148.52	151.7	2023-01-13	7.5	13.67	-4.0	146.09578841102746
3414	1792354	151.71	151.77	2023-01-13	7.5	13.67	-4.0	151.93258502441955
3415	319068	151.99	151.88	2023-01-13	7.5	13.67	-4.0	152.58783847483804
3416	210465	151.87	151.69	2023-01-13	7.5	13.67	-4.0	151.94942144679317
3417	1537914	152.89	153.4	2023-01-16	7.5	13.67	-4.0	153.66889383603467
3418	1815422	153.41	152.62	2023-01-16	7.5	13.67	-4.0	153.66889383603467
3419	1074716	152.62	153.34	2023-01-16	7.5	13.67	-4.0	153.66889383603467
3420	649599	152.87	153.57	2023-01-16	7.5	13.67	-4.0	153.66889383603467
3421	95032	153.6	153.71	2023-01-16	7.5	13.67	-4.0	153.98397357106106
3422	2660591	154.0	151.61	2023-01-17	7.5	13.67	-4.0	154.08928505433408
3423	3002059	151.61	151.89	2023-01-17	7.5	13.67	-4.0	152.0547329300662
3424	1366140	151.9	151.02	2023-01-17	7.5	13.67	-4.0	151.93258502441955
3425	1144064	151.0	150.42	2023-01-17	7.5	13.67	-4.0	150.7681120144629
3426	267622	150.42	150.45	2023-01-17	7.5	13.67	-4.0	150.78494843683652
3427	1630547	150.4	151.21	2023-01-18	7.5	13.67	-4.0	150.7681120144629
3428	2196795	151.21	151.84	2023-01-18	7.5	13.67	-4.0	150.7681120144629
3429	2161333	151.9	152.0	2023-01-18	7.5	13.67	-4.0	151.93258502441955
3430	699267	152.11	151.39	2023-01-18	7.5	13.67	-4.0	152.58783847483804
3431	63254	151.39	151.47	2023-01-18	7.5	13.67	-4.0	150.78494843683652
3432	1459821	151.2	150.65	2023-01-19	7.5	13.67	-4.0	150.7681120144629
3433	3241964	150.66	150.2	2023-01-19	7.5	13.67	-4.0	150.89025992010954
3434	892772	150.19	149.4	2023-01-19	7.5	13.67	-4.0	145.86214350248466
3435	887840	149.52	149.65	2023-01-19	7.5	13.67	-4.0	145.86214350248466
3436	198998	149.64	149.34	2023-01-19	7.5	13.67	-4.0	145.87897992485827
3437	1132654	149.7	149.22	2023-01-20	7.5	13.67	-4.0	145.86214350248466
3438	1380888	149.22	149.99	2023-01-20	7.5	13.67	-4.0	145.86214350248466
3439	1248688	149.99	150.33	2023-01-20	7.5	13.67	-4.0	145.86214350248466
3440	340055	150.49	150.78	2023-01-20	7.5	13.67	-4.0	150.7681120144629
3441	323197	150.78	151.38	2023-01-20	7.5	13.67	-4.0	150.7681120144629
3442	1744196	151.9	153.35	2023-01-23	7.5	13.67	-4.0	151.93258502441955
3443	1989458	153.35	153.53	2023-01-23	7.5	13.67	-4.0	153.66889383603467
3444	1174619	153.55	153.54	2023-01-23	7.5	13.67	-4.0	153.96713714868744
3445	507928	153.37	153.45	2023-01-23	7.5	13.67	-4.0	153.66889383603467
3446	103686	153.45	153.5	2023-01-23	7.5	13.67	-4.0	153.98397357106106
3447	1910397	153.95	155.11	2023-01-24	7.5	13.67	-4.0	153.96713714868744
3448	3672508	155.11	153.4	2023-01-24	7.5	13.67	-4.0	155.07757249754397
3449	1528896	153.41	153.12	2023-01-24	7.5	13.67	-4.0	153.66889383603467
3450	676245	152.92	152.62	2023-01-24	7.5	13.67	-4.0	153.66889383603467
3451	85367	152.62	152.66	2023-01-24	7.5	13.67	-4.0	153.68573025840828
3452	1238689	152.45	153.3	2023-01-25	7.5	13.67	-4.0	152.58783847483804
3453	1826300	153.27	152.04	2023-01-25	7.5	13.67	-4.0	153.66889383603467
3454	846675	152.05	152.48	2023-01-25	7.5	13.67	-4.0	152.58783847483804
3455	303107	152.46	152.64	2023-01-25	7.5	13.67	-4.0	152.60467489721165
3456	122899	152.62	152.81	2023-01-25	7.5	13.67	-4.0	153.68573025840828
3457	1348150	153.32	153.8	2023-01-26	7.5	13.67	-4.0	153.66889383603467
3458	1590094	153.8	153.05	2023-01-26	7.5	13.67	-4.0	153.96713714868744
3459	1175709	153.05	151.8	2023-01-26	7.5	13.67	-4.0	153.66889383603467
3460	360485	151.8	152.59	2023-01-26	7.5	13.67	-4.0	151.93258502441955
3461	73396	152.58	152.4	2023-01-26	7.5	13.67	-4.0	152.60467489721165
3462	654942	152.4	152.22	2023-01-27	7.5	13.67	-4.0	152.58783847483804
3463	1460895	152.21	153.04	2023-01-27	7.5	13.67	-4.0	152.58783847483804
3464	810379	153.04	153.14	2023-01-27	7.5	13.67	-4.0	153.66889383603467
3465	375137	153.15	153.16	2023-01-27	7.5	13.67	-4.0	153.66889383603467
3466	110905	153.15	153.2	2023-01-27	7.5	13.67	-4.0	153.68573025840828
3467	799156	153.5	152.93	2023-01-30	7.5	13.67	-4.0	153.96713714868744
3468	1038045	152.92	152.79	2023-01-30	7.5	13.67	-4.0	153.66889383603467
3469	966521	152.79	153.4	2023-01-30	7.5	13.67	-4.0	153.66889383603467
3470	266856	152.92	153.35	2023-01-30	7.5	13.67	-4.0	153.68573025840828
3471	39920	153.35	153.38	2023-01-30	7.5	13.67	-4.0	153.68573025840828
3472	1898429	153.51	155.33	2023-01-31	7.5	12.63	-4.0	153.96713714868744
3473	2052409	155.33	154.86	2023-01-31	7.5	12.63	-4.0	154.95542459189733
3474	2322612	154.87	157.0	2023-01-31	7.5	12.63	-4.0	154.95542459189733
3475	1285651	156.9	157.9	2023-01-31	7.5	12.63	-4.0	158.04398063464748
3476	229693	157.9	158.07	2023-01-31	7.5	12.63	-4.0	158.0608170570211
3477	1412133	158.2	157.46	2023-02-01	7.5	12.63	-4.0	158.04398063464748
3478	2801033	157.47	157.92	2023-02-01	7.5	12.63	-4.0	158.16612854029412
3479	1678248	157.92	157.22	2023-02-01	7.5	12.63	-4.0	158.04398063464748
3480	442019	157.22	157.85	2023-02-01	7.5	12.63	-4.0	158.04398063464748
3481	299787	157.85	158.29	2023-02-01	7.5	12.63	-4.0	158.0608170570211
3482	707805	158.4	157.51	2023-02-02	7.5	12.63	-4.0	158.04398063464748
3483	1714242	157.51	158.87	2023-02-02	7.5	12.63	-4.0	158.04398063464748
3484	2259907	158.87	159.36	2023-02-02	7.5	12.63	-4.0	159.6876688283501
3485	593608	159.55	159.5	2023-02-02	7.5	12.63	-4.0	159.6876688283501
3486	111076	159.5	159.45	2023-02-02	7.5	12.63	-4.0	159.7045052507237
3487	948868	159.1	158.91	2023-02-03	7.5	12.63	-4.0	159.6876688283501
3488	1538777	158.91	159.23	2023-02-03	7.5	12.63	-4.0	159.6876688283501
3489	2503344	159.24	160.96	2023-02-03	7.5	12.63	-4.0	159.7840257278353
3490	1184948	161.48	161.27	2023-02-03	7.5	12.63	-4.0	160.6942750759655
3491	197375	161.27	161.26	2023-02-03	7.5	12.63	-4.0	160.7111114983391
3492	1599884	161.78	163.18	2023-02-06	7.5	12.63	-4.0	163.54604073880864
3493	2867479	163.22	164.01	2023-02-06	7.5	12.63	-4.0	163.66818864445528
3494	3502150	164.02	166.27	2023-02-06	7.5	12.63	-4.0	163.66818864445528
3495	764694	166.44	166.97	2023-02-06	7.5	12.63	-4.0	165.96327944970906
3496	173873	166.99	167.09	2023-02-06	7.5	12.63	-4.0	165.98011587208268
3497	4050037	167.3	165.06	2023-02-07	7.5	12.63	-4.0	166.0854273553557
3498	3072254	165.07	165.13	2023-02-07	7.5	12.63	-4.0	166.0854273553557
3499	1210739	165.11	165.02	2023-02-07	7.5	12.63	-4.0	165.96327944970906
3500	828323	165.05	165.16	2023-02-07	7.5	12.63	-4.0	165.96327944970906
3501	102474	165.18	165.39	2023-02-07	7.5	12.63	-4.0	165.98011587208268
3502	929755	165.0	165.41	2023-02-08	7.5	12.63	-4.0	165.96327944970906
3503	3286709	165.42	164.24	2023-02-08	7.5	12.63	-4.0	166.0854273553557
3504	1236154	164.24	164.22	2023-02-08	7.5	12.63	-4.0	163.54604073880864
3505	358769	164.22	164.15	2023-02-08	7.5	12.63	-4.0	163.54604073880864
3506	55273	164.11	164.15	2023-02-08	7.5	12.63	-4.0	163.56287716118226
3507	1202708	164.33	163.13	2023-02-09	7.5	12.63	-4.0	163.54604073880864
3508	3695188	163.14	163.58	2023-02-09	7.5	12.63	-4.0	163.66818864445528
3509	5313187	163.56	165.03	2023-02-09	7.5	12.63	-4.0	163.72692071097052
3510	408384	165.1	165.42	2023-02-09	7.5	12.63	-4.0	165.96327944970906
3511	93740	165.42	165.31	2023-02-09	7.5	12.63	-4.0	165.98011587208268
3512	933425	165.0	165.55	2023-02-10	7.5	12.63	-4.0	165.96327944970906
3513	1680060	165.55	165.97	2023-02-10	7.5	12.63	-4.0	165.96327944970906
3514	1059326	165.97	165.51	2023-02-10	7.5	12.63	-4.0	165.96327944970906
3515	299785	165.52	165.55	2023-02-10	7.5	12.63	-4.0	165.98011587208268
3516	119582	165.55	165.52	2023-02-10	7.5	12.63	-4.0	165.98011587208268
3517	1019990	165.2	166.28	2023-02-13	7.5	12.63	-4.0	165.96327944970906
3518	1171316	166.28	165.41	2023-02-13	7.5	12.63	-4.0	165.96327944970906
3519	864578	165.37	165.25	2023-02-13	7.5	12.63	-4.0	165.96327944970906
3520	392384	165.26	164.43	2023-02-13	7.5	12.63	-4.0	165.96327944970906
3521	172666	164.44	164.32	2023-02-13	7.5	12.63	-4.0	163.56287716118226
3522	1586980	164.3	162.61	2023-02-14	7.5	12.63	-4.0	163.54604073880864
3523	1609501	162.58	163.62	2023-02-14	7.5	12.63	-4.0	163.54604073880864
3524	2213822	163.62	162.2	2023-02-14	7.5	12.63	-4.0	163.54604073880864
3525	399751	162.49	162.01	2023-02-14	7.5	12.63	-4.0	163.54604073880864
3526	72904	162.02	161.86	2023-02-14	7.5	12.63	-4.0	163.56287716118226
3527	2066409	160.94	160.2	2023-02-15	7.5	12.63	-4.0	160.6942750759655
3528	2220185	160.2	160.41	2023-02-15	7.5	12.63	-4.0	159.6876688283501
3529	2990369	160.4	157.21	2023-02-15	7.5	12.63	-4.0	159.80981673399674
3530	3817349	157.91	156.4	2023-02-15	7.5	12.63	-4.0	158.16612854029412
3531	284404	156.4	156.25	2023-02-15	7.5	12.63	-4.0	158.0608170570211
3532	2035846	157.33	158.08	2023-02-16	7.5	12.63	-4.0	158.04398063464748
3533	2334623	158.08	158.58	2023-02-16	7.5	12.63	-4.0	158.04398063464748
3534	1788124	158.59	157.25	2023-02-16	7.5	12.63	-4.0	158.04398063464748
3535	584444	157.49	158.03	2023-02-16	7.5	12.63	-4.0	158.04398063464748
3536	109928	158.02	158.22	2023-02-16	7.5	12.63	-4.0	158.0608170570211
3537	1115991	158.0	158.27	2023-02-17	7.5	12.63	-4.0	158.04398063464748
3538	2580086	158.26	159.18	2023-02-17	7.5	12.63	-4.0	158.1403375341327
3539	935009	159.18	158.95	2023-02-17	7.5	12.63	-4.0	159.6876688283501
3540	455579	159.2	159.77	2023-02-17	7.5	12.63	-4.0	159.6876688283501
3541	130649	159.76	159.73	2023-02-17	7.5	12.63	-4.0	159.7045052507237
3542	1133349	159.41	158.1	2023-02-20	7.5	12.63	-4.0	159.6876688283501
3543	1657944	158.09	157.14	2023-02-20	7.5	12.63	-4.0	158.04398063464748
3544	2484121	157.14	160.2	2023-02-20	7.5	12.63	-4.0	158.1403375341327
3545	1016575	160.31	160.03	2023-02-20	7.5	12.63	-4.0	159.6876688283501
3546	104256	160.01	160.09	2023-02-20	7.5	12.63	-4.0	159.7045052507237
3547	1379540	160.66	161.3	2023-02-21	7.5	12.63	-4.0	159.6876688283501
3548	9399132	161.29	164.39	2023-02-21	7.5	12.63	-4.0	161.56867917024977
3549	1408285	164.38	164.0	2023-02-21	7.5	12.63	-4.0	163.54604073880864
3550	466412	164.08	164.1	2023-02-21	7.5	12.63	-4.0	163.54604073880864
3551	87184	164.1	164.15	2023-02-21	7.5	12.63	-4.0	163.56287716118226
3552	1177951	164.13	162.88	2023-02-22	7.5	12.63	-4.0	163.54604073880864
3553	1476525	162.88	162.81	2023-02-22	7.5	12.63	-4.0	163.54604073880864
3554	1225303	162.8	163.95	2023-02-22	7.5	12.63	-4.0	163.54604073880864
3555	371808	163.8	163.28	2023-02-22	7.5	12.63	-4.0	163.54604073880864
3556	124517	163.24	163.37	2023-02-22	7.5	12.63	-4.0	163.56287716118226
3557	1069332	163.33	164.48	2023-02-24	7.5	12.63	-4.0	163.54604073880864
3558	1485558	164.45	163.6	2023-02-24	7.5	12.63	-4.0	163.54604073880864
3559	795058	163.61	164.0	2023-02-24	7.5	12.63	-4.0	163.54604073880864
3560	329030	164.0	164.21	2023-02-24	7.5	12.63	-4.0	163.54604073880864
3561	93426	164.2	164.3	2023-02-24	7.5	12.63	-4.0	163.56287716118226
3562	2873429	163.52	167.02	2023-02-27	7.5	12.63	-4.0	163.66818864445528
3563	2636037	167.03	167.11	2023-02-27	7.5	12.63	-4.0	166.05963634919428
3564	3823856	167.11	169.55	2023-02-27	7.5	12.63	-4.0	166.0854273553557
3565	485370	169.53	169.81	2023-02-27	7.5	12.63	-4.0	169.82784693323268
3566	190249	169.81	169.95	2023-02-27	7.5	12.63	-4.0	169.8446833556063
3567	3529629	170.5	169.4	2023-02-28	7.5	11.97	-4.0	169.94999483887932
3568	2893594	169.4	169.4	2023-02-28	7.5	11.97	-4.0	169.94999483887932
3569	1308645	169.39	169.9	2023-02-28	7.5	11.97	-4.0	169.82784693323268
3570	268468	169.79	169.72	2023-02-28	7.5	11.97	-4.0	169.8446833556063
3571	70807	169.73	169.82	2023-02-28	7.5	11.97	-4.0	169.8446833556063
3572	1324386	170.4	170.41	2023-03-01	7.5	11.97	-3.2	169.82784693323268
3573	2591493	170.41	170.15	2023-03-01	7.5	11.97	-3.2	169.9242038327179
3574	923349	170.15	170.07	2023-03-01	7.5	11.97	-3.2	169.82784693323268
3575	445398	170.0	170.59	2023-03-01	7.5	11.97	-3.2	169.82784693323268
3576	90634	170.58	170.53	2023-03-01	7.5	11.97	-3.2	169.8446833556063
3577	894409	170.4	170.17	2023-03-02	7.5	11.97	-3.2	169.82784693323268
3578	5678802	170.17	169.55	2023-03-02	7.5	11.97	-3.2	169.35677048997044
3579	1524572	169.56	169.04	2023-03-02	7.5	11.97	-3.2	169.82784693323268
3580	300705	168.87	168.73	2023-03-02	7.5	11.97	-3.2	169.8446833556063
3581	205369	168.73	168.05	2023-03-02	7.5	11.97	-3.2	169.8446833556063
3582	870438	168.17	168.35	2023-03-03	7.5	11.97	-3.2	169.82784693323268
3583	2296021	168.36	169.58	2023-03-03	7.5	11.97	-3.2	169.82784693323268
3584	829383	169.58	170.3	2023-03-03	7.5	11.97	-3.2	169.82784693323268
3585	683023	170.3	170.86	2023-03-03	7.5	11.97	-3.2	169.82784693323268
3586	274412	170.86	171.16	2023-03-03	7.5	11.97	-3.2	172.43839112257413
3587	1812015	172.14	171.95	2023-03-06	7.5	11.97	-3.2	172.42155470020052
3588	1787186	171.96	171.9	2023-03-06	7.5	11.97	-3.2	172.42155470020052
3589	2418211	171.9	172.21	2023-03-06	7.5	11.97	-3.2	172.51791159968573
3590	340205	172.01	171.95	2023-03-06	7.5	11.97	-3.2	172.42155470020052
3591	100545	171.96	171.84	2023-03-06	7.5	11.97	-3.2	172.43839112257413
3592	847945	171.87	171.42	2023-03-07	7.5	11.97	-3.2	172.42155470020052
3593	1547931	171.42	172.43	2023-03-07	7.5	11.97	-3.2	172.42155470020052
3594	2390270	172.42	173.71	2023-03-07	7.5	11.97	-3.2	172.51791159968573
3595	573860	173.62	174.02	2023-03-07	7.5	11.97	-3.2	172.42155470020052
3596	164864	174.02	174.01	2023-03-07	7.5	11.97	-3.2	172.43839112257413
3597	2774710	174.85	173.54	2023-03-09	7.5	11.97	-3.2	174.89018340363555
3598	3649609	173.54	173.27	2023-03-09	7.5	11.97	-3.2	172.54370260584716
3599	965642	173.27	173.46	2023-03-09	7.5	11.97	-3.2	172.42155470020052
3600	474438	173.32	172.93	2023-03-09	7.5	11.97	-3.2	172.42155470020052
3601	172474	172.93	172.55	2023-03-09	7.5	11.97	-3.2	172.43839112257413
3602	2041441	171.55	171.32	2023-03-10	7.5	11.97	-3.2	172.42155470020052
3603	1299318	171.32	171.86	2023-03-10	7.5	11.97	-3.2	172.42155470020052
3604	1137642	171.87	172.56	2023-03-10	7.5	11.97	-3.2	172.42155470020052
3605	398441	172.77	172.27	2023-03-10	7.5	11.97	-3.2	172.42155470020052
3606	146642	172.24	172.53	2023-03-10	7.5	11.97	-3.2	172.43839112257413
3607	1096272	172.5	173.5	2023-03-13	7.5	11.97	-3.2	172.42155470020052
3608	1669233	173.51	171.69	2023-03-13	7.5	11.97	-3.2	172.42155470020052
3609	3651277	171.68	172.2	2023-03-13	7.5	11.97	-3.2	172.54370260584716
3610	814695	172.09	172.05	2023-03-13	7.5	11.97	-3.2	172.42155470020052
3611	167593	172.02	172.15	2023-03-13	7.5	11.97	-3.2	172.43839112257413
3612	1156517	171.61	172.91	2023-03-14	7.5	11.97	-3.2	172.42155470020052
3613	2630213	172.91	174.53	2023-03-14	7.5	11.97	-3.2	172.51791159968573
3614	3545625	174.53	176.5	2023-03-14	7.5	11.97	-3.2	174.89018340363555
3615	1471351	176.9	175.57	2023-03-14	7.5	11.97	-3.2	177.34598293333372
3616	126777	175.59	175.71	2023-03-14	7.5	11.97	-3.2	177.36281935570733
3617	1789042	176.0	176.11	2023-03-15	7.5	11.97	-3.2	177.34598293333372
3618	3574150	176.12	174.15	2023-03-15	7.5	11.97	-3.2	177.46813083898036
3619	1831711	174.1	174.46	2023-03-15	7.5	11.97	-3.2	172.42155470020052
3620	708749	174.43	175.06	2023-03-15	7.5	11.97	-3.2	174.7680354979889
3621	87408	175.06	175.3	2023-03-15	7.5	11.97	-3.2	177.36281935570733
3622	886031	174.94	175.75	2023-03-16	7.5	11.97	-3.2	177.34598293333372
3623	1418329	175.75	174.13	2023-03-16	7.5	11.97	-3.2	177.34598293333372
3624	2314172	174.16	175.29	2023-03-16	7.5	11.97	-3.2	172.42155470020052
3625	340205	175.26	175.11	2023-03-16	7.5	11.97	-3.2	177.34598293333372
3626	191357	175.11	175.45	2023-03-16	7.5	11.97	-3.2	177.36281935570733
3627	6906485	183.0	179.91	2023-03-17	7.5	11.97	-3.2	182.6773610202827
3628	22729566	179.94	191.95	2023-03-17	7.5	11.97	-3.2	186.42065542248307
3629	6776478	191.95	191.4	2023-03-17	7.5	11.97	-3.2	190.61682879718703
3630	1449969	191.4	192.91	2023-03-17	7.5	11.97	-3.2	189.65891607314379
3631	922961	192.91	193.59	2023-03-17	7.5	11.97	-3.2	192.58495298186045
3632	5874804	196.02	198.54	2023-03-20	7.5	11.97	-3.2	197.49824283523895
3633	3665813	198.54	198.75	2023-03-20	7.5	11.97	-3.2	198.09146718414783
3634	1436917	198.75	199.0	2023-03-20	7.5	11.97	-3.2	198.78668466143003
3635	4183946	199.23	202.61	2023-03-20	7.5	11.97	-3.2	199.10820430688094
3636	505676	202.66	203.73	2023-03-20	7.5	11.97	-3.2	202.83655365457537
3637	3743121	204.76	203.22	2023-03-21	7.5	11.97	-3.2	204.29256096990272
3638	2345426	203.23	205.86	2023-03-21	7.5	11.97	-3.2	203.90735847819582
3639	4636835	205.85	204.64	2023-03-21	7.5	11.97	-3.2	205.5927970338359
3640	1287867	204.64	203.4	2023-03-21	7.5	11.97	-3.2	204.17041306425608
3641	244678	203.4	203.32	2023-03-21	7.5	11.97	-3.2	203.92419490056943
3642	1777096	203.4	201.99	2023-03-22	7.5	11.97	-3.2	203.90735847819582
3643	2037139	202.0	203.1	2023-03-22	7.5	11.97	-3.2	202.83655365457537
3644	1127926	203.14	203.24	2023-03-22	7.5	11.97	-3.2	203.90735847819582
3645	691369	203.15	203.07	2023-03-22	7.5	11.97	-3.2	203.90735847819582
3646	122271	203.1	202.89	2023-03-22	7.5	11.97	-3.2	203.92419490056943
3647	695321	202.53	203.58	2023-03-23	7.5	11.97	-3.2	202.83655365457537
3648	838515	203.59	203.42	2023-03-23	7.5	11.97	-3.2	203.90735847819582
3649	694130	203.42	203.17	2023-03-23	7.5	11.97	-3.2	203.90735847819582
3650	343916	203.23	202.74	2023-03-23	7.5	11.97	-3.2	203.90735847819582
3651	93098	202.74	202.58	2023-03-23	7.5	11.97	-3.2	202.85339007694898
3652	412220	202.86	203.27	2023-03-24	7.5	11.97	-3.2	203.90735847819582
3653	1152899	203.26	203.21	2023-03-24	7.5	11.97	-3.2	203.90735847819582
3654	490147	203.2	203.07	2023-03-24	7.5	11.97	-3.2	203.90735847819582
3655	265724	203.07	203.36	2023-03-24	7.5	11.97	-3.2	203.92419490056943
3656	111492	203.36	203.57	2023-03-24	7.5	11.97	-3.2	203.92419490056943
3657	1430103	204.01	205.18	2023-03-27	7.5	11.97	-3.2	204.17041306425608
3658	3336636	205.18	208.65	2023-03-27	7.5	11.97	-3.2	205.69697610977232
3659	1917107	208.65	209.29	2023-03-27	7.5	11.97	-3.2	208.23329687681954
3660	2898371	209.01	212.25	2023-03-27	7.5	11.97	-3.2	209.73045929285036
3661	569261	212.25	211.84	2023-03-27	7.5	11.97	-3.2	212.77538648160476
3662	2880903	212.86	212.93	2023-03-28	7.5	11.97	-3.2	212.9592822275046
3663	2300347	212.93	212.23	2023-03-28	7.5	11.97	-3.2	212.83713432185795
3664	1483125	212.22	213.19	2023-03-28	7.5	11.97	-3.2	212.77538648160476
3665	424438	213.23	213.29	2023-03-28	7.5	11.97	-3.2	212.83713432185795
3666	301218	213.3	214.03	2023-03-28	7.5	11.97	-3.2	212.85397074423156
3667	1086901	214.85	214.02	2023-03-29	7.5	11.97	-3.1	215.8167589515177
3668	3665009	214.0	217.43	2023-03-29	7.5	11.97	-3.1	214.6322135279899
3669	3819553	217.43	218.14	2023-03-29	7.5	11.97	-3.1	218.85425589020005
3670	857480	217.91	218.5	2023-03-29	7.5	11.97	-3.1	218.7321079845534
3671	238708	218.51	217.99	2023-03-29	7.5	11.97	-3.1	218.74894440692702
3672	1640207	217.3	217.82	2023-03-30	7.5	11.97	-3.1	218.7321079845534
3673	1272484	217.84	217.02	2023-03-30	7.5	11.97	-3.1	218.7321079845534
3674	722521	217.04	217.4	2023-03-30	7.5	11.97	-3.1	216.0394175098404
3675	369733	217.33	216.99	2023-03-30	7.5	11.97	-3.1	218.7321079845534
3676	83723	216.99	216.87	2023-03-30	7.5	11.97	-3.1	216.05625393221402
3677	1693835	217.2	214.75	2023-03-31	7.5	11.92	-3.1	216.0394175098404
3678	3791492	214.76	212.74	2023-03-31	7.5	11.92	-3.1	214.6322135279899
3679	2221337	212.71	215.5	2023-03-31	7.5	11.92	-3.1	212.83713432185795
3680	911950	215.3	216.26	2023-03-31	7.5	11.92	-3.1	215.8167589515177
3681	179499	216.26	216.6	2023-03-31	7.5	11.92	-3.1	216.05625393221402
3682	1422916	218.45	217.1	2023-04-03	7.5	11.92	-3.1	218.7321079845534
3683	1799220	217.1	215.69	2023-04-03	7.5	11.92	-3.1	216.0394175098404
3684	1854379	215.69	215.2	2023-04-03	7.5	11.92	-3.1	216.0394175098404
3685	343112	215.65	216.2	2023-04-03	7.5	11.92	-3.1	216.0394175098404
3686	97914	216.2	216.09	2023-04-03	7.5	11.92	-3.1	216.05625393221402
3687	997148	216.2	216.43	2023-04-04	7.5	11.92	-3.1	216.0394175098404
3688	1302425	216.43	216.44	2023-04-04	7.5	11.92	-3.1	216.0394175098404
3689	1819765	216.43	214.29	2023-04-04	7.5	11.92	-3.1	216.0394175098404
3690	395995	214.29	214.6	2023-04-04	7.5	11.92	-3.1	214.51006562234326
3691	65005	214.64	214.83	2023-04-04	7.5	11.92	-3.1	214.52690204471688
3692	1591975	214.65	214.2	2023-04-05	7.5	11.92	-3.1	214.51006562234326
3693	1094098	214.18	214.14	2023-04-05	7.5	11.92	-3.1	214.51006562234326
3694	1320304	214.14	215.99	2023-04-05	7.5	11.92	-3.1	214.51006562234326
3695	537974	215.66	216.13	2023-04-05	7.5	11.92	-3.1	216.0394175098404
3696	73398	216.1	216.15	2023-04-05	7.5	11.92	-3.1	216.05625393221402
3697	1039428	216.3	216.52	2023-04-06	7.5	11.92	-3.1	216.0394175098404
3698	1167584	216.53	215.29	2023-04-06	7.5	11.92	-3.1	216.0394175098404
3699	1135007	215.31	214.31	2023-04-06	7.5	11.92	-3.1	215.8167589515177
3700	425599	214.35	215.03	2023-04-06	7.5	11.92	-3.1	214.51006562234326
3701	138527	215.05	214.25	2023-04-06	7.5	11.92	-3.1	215.8335953738913
3702	570679	214.5	214.65	2023-04-07	7.5	11.92	-3.1	214.51006562234326
3703	777911	214.65	214.96	2023-04-07	7.5	11.92	-3.1	214.51006562234326
3704	1052072	214.96	216.15	2023-04-07	7.5	11.92	-3.1	215.8167589515177
3705	352672	216.15	216.26	2023-04-07	7.5	11.92	-3.1	216.0394175098404
3706	166479	216.26	216.27	2023-04-07	7.5	11.92	-3.1	216.05625393221402
3707	1543044	217.1	217.99	2023-04-10	7.5	11.92	-3.1	216.0394175098404
3708	4673591	218.01	220.72	2023-04-10	7.5	11.92	-3.1	218.609006897458
3709	1164890	220.76	220.95	2023-04-10	7.5	11.92	-3.1	221.7026801838764
3710	879883	220.8	221.75	2023-04-10	7.5	11.92	-3.1	221.7026801838764
3711	258192	221.76	222.21	2023-04-10	7.5	11.92	-3.1	221.71951660625
3712	2579448	222.9	221.47	2023-04-11	7.5	11.92	-3.1	224.1972868757747
3713	2114456	221.47	222.04	2023-04-11	7.5	11.92	-3.1	221.7026801838764
3714	4390125	222.04	218.94	2023-04-11	7.5	11.92	-3.1	221.82482808952304
3715	651072	218.8	219.03	2023-04-11	7.5	11.92	-3.1	218.7321079845534
3716	118736	219.04	218.6	2023-04-11	7.5	11.92	-3.1	218.74894440692702
3717	1586709	218.6	218.05	2023-04-12	7.5	11.92	-3.1	218.7321079845534
3718	1678886	218.04	219.35	2023-04-12	7.5	11.92	-3.1	218.7321079845534
3719	945335	219.35	218.7	2023-04-12	7.5	11.92	-3.1	218.7321079845534
3720	202480	218.74	219.04	2023-04-12	7.5	11.92	-3.1	218.74894440692702
3721	63344	219.04	219.22	2023-04-12	7.5	11.92	-3.1	218.74894440692702
3722	1096574	219.49	218.74	2023-04-13	7.5	11.92	-3.1	218.7321079845534
3723	1276801	218.75	218.53	2023-04-13	7.5	11.92	-3.1	218.7321079845534
3724	574479	218.53	218.9	2023-04-13	7.5	11.92	-3.1	218.7321079845534
3725	229902	218.9	219.6	2023-04-13	7.5	11.92	-3.1	218.74894440692702
3726	89460	219.59	219.85	2023-04-13	7.5	11.92	-3.1	218.74894440692702
3727	625897	220.0	219.37	2023-04-14	7.5	11.92	-3.1	218.7321079845534
3728	861069	219.37	219.65	2023-04-14	7.5	11.92	-3.1	218.7321079845534
3729	1898682	219.65	221.7	2023-04-14	7.5	11.92	-3.1	218.7321079845534
3730	756661	221.28	221.98	2023-04-14	7.5	11.92	-3.1	221.7026801838764
3731	189295	221.95	221.87	2023-04-14	7.5	11.92	-3.1	221.71951660625
3732	1793665	222.98	224.79	2023-04-17	7.5	11.92	-3.1	224.10092997628948
3733	2508925	224.8	225.07	2023-04-17	7.5	11.92	-3.1	225.45087259762727
3734	2108124	225.07	226.63	2023-04-17	7.5	11.92	-3.1	225.56548188848038
3735	1228362	226.51	227.9	2023-04-17	7.5	11.92	-3.1	225.56548188848038
3736	240651	227.91	228.1	2023-04-17	7.5	11.92	-3.1	227.84668148230614
3737	1769112	227.89	229.11	2023-04-18	7.5	11.92	-3.1	227.82984505993252
3738	3377899	229.16	228.97	2023-04-18	7.5	11.92	-3.1	229.42081698527397
3739	3405307	228.97	231.39	2023-04-18	7.5	11.92	-3.1	229.42081698527397
3740	973843	231.38	232.3	2023-04-18	7.5	11.92	-3.1	232.0406095999946
3741	250851	232.3	232.66	2023-04-18	7.5	11.92	-3.1	232.05744602236823
3742	2083866	232.67	234.12	2023-04-19	7.5	11.92	-3.1	234.1850813646494
3743	3895370	234.13	236.8	2023-04-19	7.5	11.92	-3.1	234.85837811777276
3744	4672130	236.8	233.8	2023-04-19	7.5	11.92	-3.1	237.362433235578
3745	744918	233.89	233.26	2023-04-19	7.5	11.92	-3.1	234.77631942727626
3746	175046	233.26	232.95	2023-04-19	7.5	11.92	-3.1	234.201917787023
3747	1325579	233.32	232.4	2023-04-20	7.5	11.92	-3.1	234.1850813646494
3748	3599275	232.39	234.12	2023-04-20	7.5	11.92	-3.1	232.1226682904911
3749	2201997	234.12	235.79	2023-04-20	7.5	11.92	-3.1	234.77631942727626
3750	1148405	235.78	236.12	2023-04-20	7.5	11.92	-3.1	236.82079909669417
3751	234119	236.16	236.28	2023-04-20	7.5	11.92	-3.1	236.8376355190678
3752	4011861	237.4	236.15	2023-04-21	7.5	11.92	-3.1	237.60768222832007
3753	5451465	236.15	235.9	2023-04-21	7.5	11.92	-3.1	236.47921327462402
3754	1654353	235.9	235.89	2023-04-21	7.5	11.92	-3.1	236.82079909669417
3755	350144	235.65	235.35	2023-04-21	7.5	11.92	-3.1	236.82079909669417
3756	122753	235.35	235.17	2023-04-21	7.5	11.92	-3.1	234.79315584964988
3757	1041756	235.07	235.61	2023-04-24	7.5	11.92	-3.1	234.77631942727626
3758	857109	235.63	235.73	2023-04-24	7.5	11.92	-3.1	236.82079909669417
3759	947878	235.73	235.14	2023-04-24	7.5	11.92	-3.1	236.82079909669417
3760	166408	235.03	235.08	2023-04-24	7.5	11.92	-3.1	234.79315584964988
3761	40526	235.09	235.1	2023-04-24	7.5	11.92	-3.1	234.79315584964988
3762	927619	235.13	234.46	2023-04-25	7.5	11.92	-3.1	234.77631942727626
3763	1236516	234.47	235.0	2023-04-25	7.5	11.92	-3.1	234.77631942727626
3764	767170	235.0	235.29	2023-04-25	7.5	11.92	-3.1	234.77631942727626
3765	215426	235.03	234.99	2023-04-25	7.5	11.92	-3.1	234.79315584964988
3766	72014	234.95	235.3	2023-04-25	7.5	11.92	-3.1	234.79315584964988
3767	401319	235.6	235.17	2023-04-26	7.5	11.92	-3.1	236.82079909669417
3768	744719	235.17	235.52	2023-04-26	7.5	11.92	-3.1	234.77631942727626
3769	821956	235.52	235.33	2023-04-26	7.5	11.92	-3.1	236.82079909669417
3770	355338	235.33	235.09	2023-04-26	7.5	11.92	-3.1	234.77631942727626
3771	119700	235.09	235.21	2023-04-26	7.5	11.92	-3.1	234.79315584964988
3772	1256985	235.59	237.23	2023-04-27	7.5	11.92	-3.1	236.82079909669417
3773	3249306	237.26	238.69	2023-04-27	7.5	11.92	-3.1	237.60768222832007
3774	1547334	238.69	239.49	2023-04-27	7.5	11.92	-3.1	238.99387988890356
3775	585849	239.2	240.23	2023-04-27	7.5	11.92	-3.1	238.99387988890356
3776	191687	240.23	240.38	2023-04-27	7.5	11.92	-3.1	240.15609655569176
3777	1249144	240.9	240.56	2023-04-28	7.5	11.92	-3.1	241.27120620506582
3778	2043029	240.57	238.24	2023-04-28	7.5	11.92	-3.1	241.27120620506582
3779	1121085	238.25	240.41	2023-04-28	7.5	11.92	-3.1	237.52562353782358
3780	371627	240.38	240.14	2023-04-28	7.5	11.92	-3.1	241.27120620506582
3781	173450	240.1	240.38	2023-04-28	7.5	11.92	-3.1	239.05371733020507
3782	1815304	242.2	243.65	2023-05-02	7.5	11.92	-3.1	241.6484827584243
3783	2188045	243.65	244.57	2023-05-02	7.5	11.92	-3.1	243.9672664925953
3784	3504833	244.56	240.15	2023-05-02	7.5	11.92	-3.1	244.00863823087283
3785	768015	240.87	241.8	2023-05-02	7.5	11.92	-3.1	241.27120620506582
3786	119584	241.77	242.62	2023-05-02	7.5	11.92	-3.1	241.66531918079792
3787	1492890	242.85	241.35	2023-05-03	7.5	11.92	-1.1	242.8134974350986
3788	1704859	241.36	240.95	2023-05-03	7.5	11.92	-1.1	241.6484827584243
3789	2107410	240.95	238.0	2023-05-03	7.5	11.92	-1.1	241.27120620506582
3790	2139728	237.92	236.0	2023-05-03	7.5	11.92	-1.1	237.52562353782358
3791	237831	236.05	235.77	2023-05-03	7.5	11.92	-1.1	236.8376355190678
3792	1584519	236.89	238.02	2023-05-04	7.5	11.92	-1.1	237.52562353782358
3793	1624217	238.01	238.97	2023-05-04	7.5	11.92	-1.1	237.52562353782358
3794	1535079	238.92	237.21	2023-05-04	7.5	11.92	-1.1	238.99387988890356
3795	497926	237.21	238.52	2023-05-04	7.5	11.92	-1.1	237.52562353782358
3796	66218	238.52	238.89	2023-05-04	7.5	11.92	-1.1	238.89568698151172
3797	1261208	239.24	240.15	2023-05-05	7.5	11.92	-1.1	238.99387988890356
3798	1943518	240.15	240.43	2023-05-05	7.5	11.92	-1.1	240.13926013331815
3799	1769226	240.43	239.89	2023-05-05	7.5	11.92	-1.1	241.27120620506582
3800	882241	239.84	238.38	2023-05-05	7.5	11.92	-1.1	239.03688090783146
3801	280421	238.38	237.7	2023-05-05	7.5	11.92	-1.1	237.5424599601972
3802	863699	238.69	238.9	2023-05-08	7.5	11.92	-1.1	238.99387988890356
3803	1123334	238.92	237.95	2023-05-08	7.5	11.92	-1.1	238.99387988890356
3804	1324178	237.95	238.9	2023-05-08	7.5	11.92	-1.1	237.52562353782358
3805	864607	238.3	238.53	2023-05-08	7.5	11.92	-1.1	237.52562353782358
3806	610771	238.54	238.27	2023-05-08	7.5	11.92	-1.1	238.8788505591381
3807	7169863	216.5	221.92	2023-05-10	7.5	11.92	-1.1	217.98605232560087
3808	3816742	221.95	220.6	2023-05-10	7.5	11.92	-1.1	221.82482808952304
3809	2095979	220.56	222.7	2023-05-10	7.5	11.92	-1.1	221.7026801838764
3810	2255031	222.7	226.55	2023-05-10	7.5	11.92	-1.1	224.10092997628948
3811	349833	226.6	227.06	2023-05-10	7.5	11.92	-1.1	225.56548188848038
3812	3326418	228.87	231.48	2023-05-11	7.5	11.92	-1.1	229.42081698527397
3813	7660280	231.48	230.57	2023-05-11	7.5	11.92	-1.1	232.21247003071187
3814	1952798	230.65	232.64	2023-05-11	7.5	11.92	-1.1	230.02212853984076
3815	6289239	232.66	228.41	2023-05-11	7.5	11.92	-1.1	230.70727129325124
3816	501436	228.41	229.32	2023-05-11	7.5	11.92	-1.1	227.9307224413142
3817	2316735	231.0	230.1	2023-05-12	7.5	11.92	-1.1	230.02212853984076
3818	2501503	230.14	226.9	2023-05-12	7.5	11.92	-1.1	229.78785632124135
3819	1139112	226.89	228.86	2023-05-12	7.5	11.92	-1.1	227.82984505993252
3820	759126	228.51	229.69	2023-05-12	7.5	11.92	-1.1	227.9307224413142
3821	336297	229.69	229.29	2023-05-12	7.5	11.92	-1.1	229.73158863690628
3822	1305401	230.51	230.08	2023-05-15	7.5	11.92	-1.1	230.02212853984076
3823	1151210	230.02	229.28	2023-05-15	7.5	11.92	-1.1	229.73158863690628
3824	1666222	229.28	231.15	2023-05-15	7.5	11.92	-1.1	229.33875829477748
3825	634114	230.98	231.18	2023-05-15	7.5	11.92	-1.1	230.02212853984076
3826	155341	231.19	231.7	2023-05-15	7.5	11.92	-1.1	229.91303986142614
3827	1056071	232.4	230.67	2023-05-16	7.5	11.92	-1.1	232.0406095999946
3828	1494147	230.64	229.76	2023-05-16	7.5	11.92	-1.1	230.02212853984076
3829	627902	229.74	230.48	2023-05-16	7.5	11.92	-1.1	229.73158863690628
3830	400512	230.48	230.66	2023-05-16	7.5	11.92	-1.1	230.02212853984076
3831	82737	230.66	230.62	2023-05-16	7.5	11.92	-1.1	230.03896496221438
3832	892521	229.86	229.21	2023-05-17	7.5	11.92	-1.1	229.73158863690628
3833	971000	229.21	229.22	2023-05-17	7.5	11.92	-1.1	229.33875829477748
3834	868791	229.24	230.01	2023-05-17	7.5	11.92	-1.1	229.33875829477748
3835	369408	230.01	230.33	2023-05-17	7.5	11.92	-1.1	229.73158863690628
3836	72365	230.33	230.55	2023-05-17	7.5	11.92	-1.1	230.03896496221438
3837	2163326	231.7	233.73	2023-05-18	7.5	11.92	-1.1	232.0406095999946
3838	1812199	233.73	231.93	2023-05-18	7.5	11.92	-1.1	234.77631942727626
3839	1143887	231.99	231.96	2023-05-18	7.5	11.92	-1.1	232.0406095999946
3840	405077	232.18	231.49	2023-05-18	7.5	11.92	-1.1	232.0406095999946
3841	95757	231.5	231.7	2023-05-18	7.5	11.92	-1.1	232.05744602236823
3842	771645	230.99	230.4	2023-05-19	7.5	11.92	-1.1	230.02212853984076
3843	1420858	230.4	231.6	2023-05-19	7.5	11.92	-1.1	230.02212853984076
3844	610554	231.59	230.89	2023-05-19	7.5	11.92	-1.1	232.0406095999946
3845	255459	230.89	231.14	2023-05-19	7.5	11.92	-1.1	230.03896496221438
3846	103001	231.14	231.27	2023-05-19	7.5	11.92	-1.1	229.91303986142614
3847	524758	232.2	231.36	2023-05-22	7.5	11.92	-1.1	232.0406095999946
3848	1146600	231.35	230.58	2023-05-22	7.5	11.92	-1.1	232.0406095999946
3849	779115	230.59	231.16	2023-05-22	7.5	11.92	-1.1	230.02212853984076
3850	151680	230.71	231.22	2023-05-22	7.5	11.92	-1.1	230.03896496221438
3851	41960	231.22	231.0	2023-05-22	7.5	11.92	-1.1	229.91303986142614
3852	407228	231.25	231.22	2023-05-23	7.5	11.92	-1.1	232.0406095999946
3853	669064	231.22	231.0	2023-05-23	7.5	11.92	-1.1	229.89620343905253
3854	3436496	231.0	236.01	2023-05-23	7.5	11.92	-1.1	230.10418723033726
3855	1678093	236.1	235.73	2023-05-23	7.5	11.92	-1.1	236.82079909669417
3856	104144	235.73	236.43	2023-05-23	7.5	11.92	-1.1	236.8376355190678
3857	1077546	237.49	237.08	2023-05-24	7.5	11.92	-1.1	237.52562353782358
3858	2150094	237.08	238.76	2023-05-24	7.5	11.92	-1.1	237.52562353782358
3859	3485297	238.75	242.87	2023-05-24	7.5	11.92	-1.1	239.07593857940006
3860	1222860	242.63	244.7	2023-05-24	7.5	11.92	-1.1	242.8134974350986
3861	660374	244.71	246.06	2023-05-24	7.5	11.92	-1.1	244.71700204118125
3862	2229406	246.1	244.84	2023-05-25	7.5	11.92	-1.1	245.422091403354
3863	2980988	244.84	244.7	2023-05-25	7.5	11.92	-1.1	244.79906073167774
3864	1256544	244.71	244.85	2023-05-25	7.5	11.92	-1.1	244.71700204118125
3865	491985	244.85	243.99	2023-05-25	7.5	11.92	-1.1	244.71700204118125
3866	122692	243.99	243.76	2023-05-25	7.5	11.92	-1.1	243.9841029149689
3867	757735	243.45	244.23	2023-05-26	7.5	11.92	-1.1	243.9672664925953
3868	1181687	244.24	244.47	2023-05-26	7.5	11.92	-1.1	243.98167501328317
3869	4148136	244.46	248.37	2023-05-26	7.5	11.92	-1.1	244.00863823087283
3870	672036	248.14	248.3	2023-05-26	7.5	11.92	-1.1	248.37028942752195
3871	152191	248.33	248.1	2023-05-26	7.5	11.92	-1.1	248.38712584989557
3872	1994389	249.78	249.23	2023-05-29	7.5	11.92	-1.1	249.45949371840973
3873	1991158	249.24	249.73	2023-05-29	7.5	11.92	-1.1	249.45949371840973
3874	1936848	249.74	252.59	2023-05-29	7.5	11.92	-1.1	249.45949371840973
3875	726575	252.48	251.7	2023-05-29	7.5	11.92	-1.1	251.96342546962174
3876	147135	251.69	251.18	2023-05-29	7.5	11.92	-1.1	251.98026189199535
3877	2385797	248.84	250.03	2023-05-30	7.5	11.92	-1.1	249.5157614027448
3878	1252828	250.03	249.86	2023-05-30	7.5	11.92	-1.1	249.45949371840973
3879	3566232	249.87	245.19	2023-05-30	7.5	11.92	-1.1	249.4864569359994
3880	978955	245.19	244.47	2023-05-30	7.5	11.92	-1.1	245.26318634078072
3881	157780	244.46	244.65	2023-05-30	7.5	11.92	-1.1	243.99851143565678
3882	1993135	244.0	241.3	2023-05-31	7.5	11.76	3.3	243.9672664925953
3883	3586328	241.3	244.29	2023-05-31	7.5	11.76	3.3	241.2981694226555
3884	1262510	244.29	245.91	2023-05-31	7.5	11.76	3.3	243.98167501328317
3885	376056	245.64	245.68	2023-05-31	7.5	11.76	3.3	245.26318634078072
3886	73221	245.67	246.17	2023-05-31	7.5	11.76	3.3	245.28002276315434
3887	858154	247.0	245.05	2023-06-01	7.5	11.76	3.3	247.059367551624
3888	1810694	245.04	243.47	2023-06-01	7.5	11.76	3.3	244.71700204118125
3889	1106926	243.49	242.39	2023-06-01	7.5	11.76	3.3	243.9672664925953
3890	1317444	242.38	241.67	2023-06-01	7.5	11.76	3.3	241.6484827584243
3891	111473	241.69	241.66	2023-06-01	7.5	11.76	3.3	241.66531918079792
3892	1313542	242.0	241.56	2023-06-02	7.5	11.76	3.3	241.6484827584243
3893	1543010	241.58	243.63	2023-06-02	7.5	11.76	3.3	241.6484827584243
3894	1232637	243.63	244.81	2023-06-02	7.5	11.76	3.3	243.9672664925953
3895	436056	244.61	244.03	2023-06-02	7.5	11.76	3.3	244.71700204118125
3896	128868	244.03	243.95	2023-06-02	7.5	11.76	3.3	243.9841029149689
3897	963033	243.51	242.58	2023-06-05	7.5	11.76	3.3	243.9672664925953
3898	1564088	242.56	240.94	2023-06-05	7.5	11.76	3.3	242.8134974350986
3899	3324816	240.93	239.98	2023-06-05	7.5	11.76	3.3	241.2981694226555
3900	1870747	239.5	236.68	2023-06-05	7.5	11.76	3.3	238.99387988890356
3901	151535	236.67	237.12	2023-06-05	7.5	11.76	3.3	237.5424599601972
3902	2766085	235.92	234.92	2023-06-06	7.5	11.76	3.3	236.90285778719067
3903	2659561	234.93	235.56	2023-06-06	7.5	11.76	3.3	234.85837811777276
3904	3548379	235.58	240.66	2023-06-06	7.5	11.76	3.3	236.90285778719067
3905	996953	240.6	240.86	2023-06-06	7.5	11.76	3.3	241.27120620506582
3906	93040	240.89	240.91	2023-06-06	7.5	11.76	3.3	241.28804262743944
3907	1177220	241.2	240.6	2023-06-07	7.5	11.76	3.3	241.27120620506582
3908	2360911	240.61	242.98	2023-06-07	7.5	11.76	3.3	241.27120620506582
3909	2303049	242.98	241.17	2023-06-07	7.5	11.76	3.3	242.8134974350986
3910	379777	241.17	241.9	2023-06-07	7.5	11.76	3.3	241.27120620506582
3911	92106	241.9	241.25	2023-06-07	7.5	11.76	3.3	241.66531918079792
3912	772275	241.3	240.57	2023-06-08	7.5	11.76	3.3	241.27120620506582
3913	1172198	240.63	242.7	2023-06-08	7.5	11.76	3.3	241.27120620506582
3914	774975	242.71	241.5	2023-06-08	7.5	11.76	3.3	242.8134974350986
3915	189639	241.44	241.63	2023-06-08	7.5	11.76	3.3	241.66531918079792
3916	85460	241.63	241.77	2023-06-08	7.5	11.76	3.3	241.66531918079792
3917	796232	242.8	241.91	2023-06-09	7.5	11.76	3.3	242.8134974350986
3918	724043	241.9	241.9	2023-06-09	7.5	11.76	3.3	241.6484827584243
3919	849110	241.9	241.2	2023-06-09	7.5	11.76	3.3	241.6484827584243
3920	283974	240.7	240.48	2023-06-09	7.5	11.76	3.3	241.28804262743944
3921	103551	240.48	240.4	2023-06-09	7.5	11.76	3.3	241.28804262743944
3922	1247347	241.51	243.27	2023-06-13	7.5	11.76	3.3	241.6484827584243
3923	1603333	243.27	242.83	2023-06-13	7.5	11.76	3.3	243.58888661817056
3924	642282	242.82	243.58	2023-06-13	7.5	11.76	3.3	242.8134974350986
3925	455907	243.29	244.25	2023-06-13	7.5	11.76	3.3	243.58888661817056
3926	106320	244.25	244.33	2023-06-13	7.5	11.76	3.3	243.99851143565678
3927	1470766	245.7	246.96	2023-06-14	7.5	11.76	3.3	245.26318634078072
3928	1967104	246.97	245.84	2023-06-14	7.5	11.76	3.3	247.059367551624
3929	1075092	245.84	244.25	2023-06-14	7.5	11.76	3.3	245.422091403354
3930	615931	244.25	244.45	2023-06-14	7.5	11.76	3.3	243.98167501328317
3931	91671	244.33	244.6	2023-06-14	7.5	11.76	3.3	243.99851143565678
3932	638045	245.11	245.53	2023-06-15	7.5	11.76	3.3	245.26318634078072
3933	1379263	245.53	243.38	2023-06-15	7.5	11.76	3.3	245.26318634078072
3934	1675176	243.38	245.5	2023-06-15	7.5	11.76	3.3	243.9672664925953
3935	245274	245.21	245.08	2023-06-15	7.5	11.76	3.3	245.28002276315434
3936	68601	245.08	245.18	2023-06-15	7.5	11.76	3.3	244.73383846355486
3937	534951	245.5	244.72	2023-06-16	7.5	11.76	3.3	245.26318634078072
3938	771638	244.69	244.29	2023-06-16	7.5	11.76	3.3	244.71700204118125
3939	610489	244.29	245.0	2023-06-16	7.5	11.76	3.3	243.98167501328317
3940	338290	244.6	243.9	2023-06-16	7.5	11.76	3.3	244.71700204118125
3941	88748	243.9	243.87	2023-06-16	7.5	11.76	3.3	243.9841029149689
3942	1060122	244.47	242.4	2023-06-19	7.5	11.76	3.3	243.98167501328317
3943	1056784	242.39	242.53	2023-06-19	7.5	11.76	3.3	241.6484827584243
3944	603244	242.53	242.58	2023-06-19	7.5	11.76	3.3	242.8134974350986
3945	206438	242.58	242.12	2023-06-19	7.5	11.76	3.3	242.83033385747223
3946	57836	242.11	242.28	2023-06-19	7.5	11.76	3.3	241.66531918079792
3947	792324	241.99	240.6	2023-06-20	7.5	11.76	3.3	241.6484827584243
3948	1013266	240.57	241.85	2023-06-20	7.5	11.76	3.3	241.27120620506582
3949	1607453	241.84	241.15	2023-06-20	7.5	11.76	3.3	241.6484827584243
3950	213466	241.3	241.71	2023-06-20	7.5	11.76	3.3	241.28804262743944
3951	35687	241.71	241.74	2023-06-20	7.5	11.76	3.3	241.66531918079792
3952	382972	241.9	240.77	2023-06-21	7.5	11.76	3.3	241.6484827584243
3953	1182915	240.78	243.67	2023-06-21	7.5	11.76	3.3	241.27120620506582
3954	806665	243.67	243.39	2023-06-21	7.5	11.76	3.3	243.9672664925953
3955	220905	243.0	242.86	2023-06-21	7.5	11.76	3.3	242.83033385747223
3956	89620	242.88	242.2	2023-06-21	7.5	11.76	3.3	242.83033385747223
3957	434950	242.15	241.59	2023-06-22	7.5	11.76	3.3	241.6484827584243
3958	777644	241.59	242.49	2023-06-22	7.5	11.76	3.3	241.6484827584243
3959	511132	242.49	242.03	2023-06-22	7.5	11.76	3.3	242.8134974350986
3960	373431	242.02	240.27	2023-06-22	7.5	11.76	3.3	241.6484827584243
3961	216518	240.28	240.66	2023-06-22	7.5	11.76	3.3	240.15609655569176
3962	998054	239.98	239.74	2023-06-23	7.5	11.76	3.3	239.03688090783146
3963	687629	239.73	240.05	2023-06-23	7.5	11.76	3.3	239.03688090783146
3964	1045936	240.04	240.29	2023-06-23	7.5	11.76	3.3	239.03688090783146
3965	2129844	240.05	236.19	2023-06-23	7.5	11.76	3.3	239.03688090783146
3966	1327148	236.19	235.67	2023-06-23	7.5	11.76	3.3	236.82079909669417
3967	2349215	239.6	237.02	2023-06-26	7.5	11.76	3.3	238.99387988890356
3968	1401241	237.01	238.51	2023-06-26	7.5	11.76	3.3	237.52562353782358
3969	907538	238.51	237.55	2023-06-26	7.5	11.76	3.3	237.52562353782358
3970	3180229	237.95	236.9	2023-06-26	7.5	11.76	3.3	237.60768222832007
3971	362438	236.9	238.4	2023-06-26	7.5	11.76	3.3	237.52562353782358
3972	580085	239.02	236.83	2023-06-27	7.5	11.76	3.3	238.99387988890356
3973	1678962	236.85	239.47	2023-06-27	7.5	11.76	3.3	237.52562353782358
3974	2159575	239.47	241.32	2023-06-27	7.5	11.76	3.3	238.99387988890356
3975	656570	241.7	241.8	2023-06-27	7.5	11.76	3.3	241.6484827584243
3976	71449	241.8	241.21	2023-06-27	7.5	11.76	3.3	241.66531918079792
3977	773693	241.8	240.64	2023-06-28	7.5	11.76	5.4	241.66404872563595
3978	1083547	240.67	239.39	2023-06-28	7.5	11.76	5.4	241.28677217227747
3979	738747	239.39	240.08	2023-06-28	7.5	11.76	5.4	239.0094458561152
3980	194515	239.73	239.8	2023-06-28	7.5	11.76	5.4	239.05371733020507
3981	40555	239.81	239.67	2023-06-28	7.5	11.76	5.4	239.05371733020507
3982	426906	239.94	240.59	2023-06-29	7.5	11.76	5.4	239.0524468750431
3983	1045879	240.59	239.48	2023-06-29	7.5	11.76	5.4	241.28677217227747
3984	1028080	239.47	240.7	2023-06-29	7.5	11.76	5.4	239.0094458561152
3985	258227	240.7	239.95	2023-06-29	7.5	11.76	5.4	241.28804262743944
3986	60123	239.95	239.99	2023-06-29	7.5	11.76	5.4	239.05371733020507
3987	707535	240.0	239.22	2023-06-30	7.5	10.97	5.4	239.0524468750431
3988	606791	239.21	239.41	2023-06-30	7.5	10.97	5.4	239.0094458561152
3989	830380	239.41	240.4	2023-06-30	7.5	10.97	5.4	239.0094458561152
3990	169756	239.95	239.61	2023-06-30	7.5	10.97	5.4	239.05371733020507
3991	90621	239.61	239.61	2023-06-30	7.5	10.97	5.4	239.05371733020507
3992	357874	240.0	239.97	2023-07-03	7.5	10.97	5.4	239.0524468750431
3993	1722392	239.98	242.49	2023-07-03	7.5	10.97	5.4	239.0524468750431
3994	2119566	242.49	243.82	2023-07-03	7.5	10.97	5.4	242.82906340231025
3995	418008	243.92	243.34	2023-07-03	7.5	10.97	5.4	243.98283245980693
3996	115491	243.34	243.33	2023-07-03	7.5	10.97	5.4	243.9841029149689
3997	875331	243.4	242.61	2023-07-04	7.5	10.97	5.4	243.98283245980693
3998	1372775	242.61	241.83	2023-07-04	7.5	10.97	5.4	242.82906340231025
3999	1008796	241.84	242.55	2023-07-04	7.5	10.97	5.4	241.66404872563595
4000	688558	242.54	240.95	2023-07-04	7.5	10.97	5.4	242.82906340231025
4001	210690	240.96	240.7	2023-07-04	7.5	10.97	5.4	241.28804262743944
4002	366224	241.49	241.58	2023-07-05	7.5	10.97	5.4	241.66404872563595
4003	763352	241.58	240.75	2023-07-05	7.5	10.97	5.4	241.66404872563595
4004	559400	240.75	241.06	2023-07-05	7.5	10.97	5.4	241.28677217227747
4005	241688	240.83	241.04	2023-07-05	7.5	10.97	5.4	241.28804262743944
4006	66544	241.04	240.95	2023-07-05	7.5	10.97	5.4	241.28804262743944
4007	531257	241.47	241.83	2023-07-06	7.5	10.97	5.4	241.66404872563595
4008	1101147	241.84	241.77	2023-07-06	7.5	10.97	5.4	241.66404872563595
4009	477585	241.76	241.19	2023-07-06	7.5	10.97	5.4	241.66404872563595
4010	170069	241.19	241.03	2023-07-06	7.5	10.97	5.4	241.28804262743944
4011	45976	241.03	240.96	2023-07-06	7.5	10.97	5.4	241.28804262743944
4012	370834	241.49	241.52	2023-07-07	7.5	10.97	5.4	241.66404872563595
4013	1062298	241.51	241.58	2023-07-07	7.5	10.97	5.4	241.66404872563595
4014	672923	241.56	242.14	2023-07-07	7.5	10.97	5.4	241.66404872563595
4015	744628	242.0	243.14	2023-07-07	7.5	10.97	5.4	241.66404872563595
4016	176838	243.13	243.67	2023-07-07	7.5	10.97	5.4	242.83033385747223
4017	1988974	244.21	246.99	2023-07-10	7.5	10.97	5.4	243.9972409804948
4018	1665451	246.99	246.62	2023-07-10	7.5	10.97	5.4	247.07493351883565
4019	1508259	246.62	247.3	2023-07-10	7.5	10.97	5.4	247.07493351883565
4020	1107557	247.31	248.82	2023-07-10	7.5	10.97	5.4	248.3858553947336
4021	237427	248.86	249.4	2023-07-10	7.5	10.97	5.4	249.47633014078335
4022	1749728	250.01	248.19	2023-07-11	7.5	10.97	5.4	249.47505968562137
4023	2110642	248.2	248.32	2023-07-11	7.5	10.97	5.4	248.3858553947336
4024	752901	248.3	247.72	2023-07-11	7.5	10.97	5.4	248.3858553947336
4025	278519	247.94	248.18	2023-07-11	7.5	10.97	5.4	248.38712584989557
4026	67292	248.17	247.99	2023-07-11	7.5	10.97	5.4	248.38712584989557
4027	762683	248.4	248.72	2023-07-12	7.5	10.97	5.4	248.3858553947336
4028	1180758	248.74	248.79	2023-07-12	7.5	10.97	5.4	249.47505968562137
4029	793809	248.79	248.0	2023-07-12	7.5	10.97	5.4	249.47505968562137
4030	1103919	248.0	247.75	2023-07-12	7.5	10.97	5.4	248.3858553947336
4031	90485	247.74	247.52	2023-07-12	7.5	10.97	5.4	248.38712584989557
4032	748843	247.97	246.99	2023-07-13	7.5	10.97	5.4	248.3858553947336
4033	1522081	246.98	245.99	2023-07-13	7.5	10.97	5.4	247.07493351883565
4034	509673	245.99	246.48	2023-07-13	7.5	10.97	5.4	245.43765737056563
4035	126008	246.26	246.45	2023-07-13	7.5	10.97	5.4	245.4389278257276
4036	49541	246.46	246.19	2023-07-13	7.5	10.97	5.4	245.4389278257276
4037	678952	246.32	244.96	2023-07-14	7.5	10.97	5.4	245.43765737056563
4038	881464	244.95	246.44	2023-07-14	7.5	10.97	5.4	244.7325680083929
4039	601516	246.44	246.79	2023-07-14	7.5	10.97	5.4	245.43765737056563
4040	320032	246.67	246.47	2023-07-14	7.5	10.97	5.4	247.07493351883565
4041	84192	246.47	246.45	2023-07-14	7.5	10.97	5.4	245.4389278257276
4042	1059767	244.77	245.59	2023-07-17	7.5	10.97	5.4	244.7325680083929
4043	1197426	245.6	245.4	2023-07-17	7.5	10.97	5.4	245.27875230799236
4044	1074099	245.41	246.2	2023-07-17	7.5	10.97	5.4	245.27875230799236
4045	254573	245.95	245.47	2023-07-17	7.5	10.97	5.4	245.4389278257276
4046	33474	245.47	245.39	2023-07-17	7.5	10.97	5.4	245.28002276315434
4047	508063	245.8	246.11	2023-07-18	7.5	10.97	5.4	245.27875230799236
4048	1423381	246.11	247.01	2023-07-18	7.5	10.97	5.4	245.43765737056563
4049	1156124	247.01	246.89	2023-07-18	7.5	10.97	5.4	247.07493351883565
4050	409664	247.1	246.85	2023-07-18	7.5	10.97	5.4	247.07493351883565
4051	103602	246.84	246.77	2023-07-18	7.5	10.97	5.4	247.07620397399762
4052	782419	247.25	247.32	2023-07-19	7.5	10.97	5.4	247.45440732301324
4053	1371136	247.3	246.0	2023-07-19	7.5	10.97	5.4	247.45440732301324
4054	528311	246.0	246.28	2023-07-19	7.5	10.97	5.4	245.43765737056563
4055	414985	246.27	245.99	2023-07-19	7.5	10.97	5.4	245.43765737056563
4056	48325	245.99	245.85	2023-07-19	7.5	10.97	5.4	245.4389278257276
4057	330176	246.27	245.35	2023-07-20	7.5	10.97	5.4	245.43765737056563
4058	1258434	245.35	244.84	2023-07-20	7.5	10.97	5.4	245.27875230799236
4059	1003426	244.84	244.7	2023-07-20	7.5	10.97	5.4	244.7325680083929
4060	935181	244.44	242.94	2023-07-20	7.5	10.97	5.4	243.9972409804948
4061	75484	242.94	242.7	2023-07-20	7.5	10.97	5.4	242.83033385747223
4062	555187	243.18	243.37	2023-07-21	7.5	10.97	5.4	242.82906340231025
4063	1616129	243.36	243.78	2023-07-21	7.5	10.97	5.4	243.98283245980693
4064	720197	243.75	244.3	2023-07-21	7.5	10.97	5.4	243.98283245980693
4065	237415	244.29	243.84	2023-07-21	7.5	10.97	5.4	243.99851143565678
4066	98239	243.84	244.13	2023-07-21	7.5	10.97	5.4	243.9841029149689
4067	636379	244.0	245.51	2023-07-24	8.5	10.97	5.4	243.98283245980693
4068	669840	245.52	245.07	2023-07-24	8.5	10.97	5.4	245.27875230799236
4069	472651	245.05	244.95	2023-07-24	8.5	10.97	5.4	244.7325680083929
4070	156963	244.55	244.91	2023-07-24	8.5	10.97	5.4	243.99851143565678
4071	41111	244.91	244.87	2023-07-24	8.5	10.97	5.4	244.73383846355486
4072	677892	245.48	246.22	2023-07-25	8.5	10.97	5.4	245.27875230799236
4073	1416666	246.21	247.17	2023-07-25	8.5	10.97	5.4	245.43765737056563
4074	1371848	247.2	246.75	2023-07-25	8.5	10.97	5.4	247.07493351883565
4075	428485	246.63	247.17	2023-07-25	8.5	10.97	5.4	247.07493351883565
4076	78448	247.19	247.2	2023-07-25	8.5	10.97	5.4	247.07620397399762
4077	767000	247.2	246.61	2023-07-26	8.5	10.97	5.4	247.07493351883565
4078	1073375	246.6	247.42	2023-07-26	8.5	10.97	5.4	247.07493351883565
4079	590861	247.42	246.92	2023-07-26	8.5	10.97	5.4	248.3858553947336
4080	137099	246.81	247.16	2023-07-26	8.5	10.97	5.4	247.07620397399762
4081	43592	247.18	247.05	2023-07-26	8.5	10.97	5.4	247.07620397399762
4082	590659	247.5	247.8	2023-07-27	8.5	10.97	5.4	248.3858553947336
4083	1901023	247.8	248.78	2023-07-27	8.5	10.97	5.4	248.3858553947336
4084	1020366	248.78	248.53	2023-07-27	8.5	10.97	5.4	249.47505968562137
4085	422208	248.53	247.8	2023-07-27	8.5	10.97	5.4	248.3858553947336
4086	45091	247.82	247.95	2023-07-27	8.5	10.97	5.4	248.38712584989557
4087	574421	248.0	247.29	2023-07-28	8.5	10.97	5.4	248.3858553947336
4088	1345848	247.3	248.34	2023-07-28	8.5	10.97	5.4	247.45440732301324
4089	1093744	248.34	249.29	2023-07-28	8.5	10.97	5.4	248.3858553947336
4090	395349	249.29	249.1	2023-07-28	8.5	10.97	5.4	249.47505968562137
4091	168300	249.1	249.25	2023-07-28	8.5	10.97	5.4	249.47633014078335
4092	3598319	251.33	255.6	2023-07-31	8.5	3.51	5.4	251.99881341594437
4093	5047082	255.5	258.02	2023-07-31	8.5	3.51	5.4	255.731412600753
4094	4295211	258.02	264.9	2023-07-31	8.5	3.51	5.4	259.2354796456609
4095	3082381	264.9	266.28	2023-07-31	8.5	3.51	5.4	265.2600718922553
4096	768449	266.28	267.4	2023-07-31	8.5	3.51	5.4	265.7889557196003
4097	4284329	269.0	267.34	2023-08-01	8.5	3.51	5.4	269.0261143775005
4098	7265495	267.29	270.6	2023-08-01	8.5	3.51	5.4	264.61583797703787
4099	3410822	270.55	268.5	2023-08-01	8.5	3.51	5.4	271.1607075601139
4100	1159677	268.56	269.12	2023-08-01	8.5	3.51	5.4	268.79523820333213
4101	178568	269.1	268.5	2023-08-01	8.5	3.51	5.4	269.26572031091246
4102	1307271	268.5	267.83	2023-08-02	8.5	3.51	5.3	268.79523820333213
4103	1719713	267.85	269.2	2023-08-02	8.5	3.51	5.3	268.79523820333213
4104	1222051	269.2	268.45	2023-08-02	8.5	3.51	5.3	269.2644498557505
4105	489429	268.3	268.87	2023-08-02	8.5	3.51	5.3	268.79523820333213
4106	103229	268.85	268.57	2023-08-02	8.5	3.51	5.3	268.7965086584941
4107	2337972	269.0	268.31	2023-08-03	8.5	3.51	5.3	269.2644498557505
4108	3453772	268.3	269.74	2023-08-03	8.5	3.51	5.3	268.67366757646346
4109	1277172	269.76	268.86	2023-08-03	8.5	3.51	5.3	269.4511548052237
4110	405430	269.17	269.1	2023-08-03	8.5	3.51	5.3	269.2644498557505
4111	101366	269.1	269.11	2023-08-03	8.5	3.51	5.3	269.26572031091246
4112	880173	269.48	269.95	2023-08-04	8.5	3.51	5.3	269.31950227802406
4113	3663648	269.95	270.29	2023-08-04	8.5	3.51	5.3	269.2668525911365
4114	6180377	270.31	264.28	2023-08-04	8.5	3.51	5.3	268.0034902844115
4115	2347122	263.56	263.9	2023-08-04	8.5	3.51	5.3	263.00080668934726
4116	149903	263.9	264.12	2023-08-04	8.5	3.51	5.3	265.26134234741727
4117	1256816	266.54	265.79	2023-08-07	8.5	3.51	5.3	265.7889557196003
4118	1892180	265.79	265.88	2023-08-07	8.5	3.51	5.3	265.2600718922553
4119	1635973	265.88	263.03	2023-08-07	8.5	3.51	5.3	265.2600718922553
4120	1273162	263.03	262.07	2023-08-07	8.5	3.51	5.3	263.00080668934726
4121	94808	262.07	261.92	2023-08-07	8.5	3.51	5.3	262.0966308283641
4122	1514997	261.92	260.51	2023-08-08	8.5	3.51	5.3	261.115745371583
4123	2615708	260.51	262.6	2023-08-08	8.5	3.51	5.3	260.8915533565494
4124	1771918	262.59	263.52	2023-08-08	8.5	3.51	5.3	263.00080668934726
4125	529232	263.85	264.58	2023-08-08	8.5	3.51	5.3	265.2600718922553
4126	79627	264.58	264.62	2023-08-08	8.5	3.51	5.3	265.26134234741727
4127	1038098	265.47	264.06	2023-08-09	8.5	3.51	5.3	265.2600718922553
4128	1292979	264.07	264.29	2023-08-09	8.5	3.51	5.3	265.2600718922553
4129	930620	264.29	263.78	2023-08-09	8.5	3.51	5.3	265.2600718922553
4130	178110	263.7	263.96	2023-08-09	8.5	3.51	5.3	263.0020771445092
4131	59608	264.01	263.91	2023-08-09	8.5	3.51	5.3	265.26134234741727
4132	600618	264.73	264.82	2023-08-10	8.5	3.51	5.3	265.2600718922553
4133	1833621	264.82	266.72	2023-08-10	8.5	3.51	5.3	265.2600718922553
4134	786858	266.72	266.49	2023-08-10	8.5	3.51	5.3	266.78777218170256
4135	279141	266.49	266.67	2023-08-10	8.5	3.51	5.3	265.79022617476227
4136	228968	266.67	266.91	2023-08-10	8.5	3.51	5.3	266.7890426368645
4137	694591	267.26	266.19	2023-08-11	8.5	3.51	5.3	266.78777218170256
4138	875395	266.19	266.15	2023-08-11	8.5	3.51	5.3	265.7889557196003
4139	543744	266.15	266.43	2023-08-11	8.5	3.51	5.3	265.7889557196003
4140	304640	266.17	266.2	2023-08-11	8.5	3.51	5.3	265.79022617476227
4141	66276	266.18	266.23	2023-08-11	8.5	3.51	5.3	265.79022617476227
4142	1014790	267.37	267.96	2023-08-14	8.5	3.51	5.3	266.78777218170256
4143	1400515	267.95	267.02	2023-08-14	8.5	3.51	5.3	268.79523820333213
4144	4354065	267.01	262.8	2023-08-14	8.5	3.51	5.3	266.54943670345256
4145	1785850	262.35	260.76	2023-08-14	8.5	3.51	5.3	262.09536037320214
4146	117240	260.74	260.45	2023-08-14	8.5	3.51	5.3	260.89282381171137
4147	2473912	259.0	263.08	2023-08-15	12.0	3.51	5.3	259.40733996994913
4148	1651277	263.07	263.9	2023-08-15	12.0	3.51	5.3	263.00080668934726
4149	1139487	263.95	261.0	2023-08-15	12.0	3.51	5.3	265.2600718922553
4150	536566	261.04	260.31	2023-08-15	12.0	3.51	5.3	260.8915533565494
4151	122021	260.3	260.42	2023-08-15	12.0	3.51	5.3	259.5557236297063
4152	1175735	261.29	260.03	2023-08-16	12.0	3.51	5.3	261.115745371583
4153	3080298	260.03	256.01	2023-08-16	12.0	3.51	5.3	259.55445317454434
4154	1966800	256.02	256.61	2023-08-16	12.0	3.51	5.3	255.84454085852596
4155	872510	256.82	255.88	2023-08-16	12.0	3.51	5.3	256.8612103904199
4156	87009	255.88	256.02	2023-08-16	12.0	3.51	5.3	255.84581131368793
4157	1023094	257.15	257.93	2023-08-17	12.0	3.51	5.3	256.8612103904199
4158	1497123	257.93	257.03	2023-08-17	12.0	3.51	5.3	256.8612103904199
4159	580714	257.03	257.28	2023-08-17	12.0	3.51	5.3	256.8612103904199
4160	330754	257.22	258.19	2023-08-17	12.0	3.51	5.3	256.8612103904199
4161	162107	258.17	258.5	2023-08-17	12.0	3.51	5.3	259.4086104251111
4162	709849	258.4	258.74	2023-08-18	12.0	3.51	5.3	259.40733996994913
4163	840814	258.76	258.44	2023-08-18	12.0	3.51	5.3	259.40733996994913
4164	723107	258.44	259.5	2023-08-18	12.0	3.51	5.3	259.40733996994913
4165	706957	259.5	261.17	2023-08-18	12.0	3.51	5.3	259.40733996994913
4166	125733	261.17	261.14	2023-08-18	12.0	3.51	5.3	260.89282381171137
4167	1001568	262.44	260.82	2023-08-21	12.0	3.51	5.3	262.50716756424094
4168	1570121	260.81	261.56	2023-08-21	12.0	3.51	5.3	260.8915533565494
4169	804510	261.54	260.81	2023-08-21	12.0	3.51	5.3	261.115745371583
4170	161953	260.8	261.3	2023-08-21	12.0	3.51	5.3	260.89282381171137
4171	38452	261.3	261.15	2023-08-21	12.0	3.51	5.3	261.11701582674493
4172	607938	261.92	260.84	2023-08-22	12.0	3.51	5.3	261.115745371583
4173	658830	260.85	260.67	2023-08-22	12.0	3.51	5.3	260.8915533565494
4174	769718	260.68	261.2	2023-08-22	12.0	3.51	5.3	260.8915533565494
4175	501594	260.81	261.3	2023-08-22	12.0	3.51	5.3	260.8915533565494
4176	57252	261.3	261.45	2023-08-22	12.0	3.51	5.3	261.11701582674493
4177	323076	261.5	261.05	2023-08-23	12.0	3.51	5.3	261.115745371583
4178	1484944	261.05	258.26	2023-08-23	12.0	3.51	5.3	260.8915533565494
4179	1832313	258.25	259.63	2023-08-23	12.0	3.51	5.3	259.40733996994913
4180	1456819	259.16	256.8	2023-08-23	12.0	3.51	5.3	259.40733996994913
4181	214464	256.78	256.4	2023-08-23	12.0	3.51	5.3	256.86248084558184
4182	764420	257.63	257.05	2023-08-24	12.0	3.51	5.3	256.8612103904199
4183	749386	257.04	257.63	2023-08-24	12.0	3.51	5.3	256.8612103904199
4184	609163	257.64	258.34	2023-08-24	12.0	3.51	5.3	256.8612103904199
4185	450056	258.33	259.17	2023-08-24	12.0	3.51	5.3	259.40733996994913
4186	124902	259.18	259.63	2023-08-24	12.0	3.51	5.3	259.4086104251111
4187	504728	258.8	258.16	2023-08-25	12.0	3.51	5.3	259.40733996994913
4188	1108282	258.16	260.6	2023-08-25	12.0	3.51	5.3	259.40733996994913
4189	836002	260.61	261.0	2023-08-25	12.0	3.51	5.3	260.8915533565494
4190	296960	260.99	260.67	2023-08-25	12.0	3.51	5.3	260.89282381171137
4191	111543	260.67	260.5	2023-08-25	12.0	3.51	5.3	260.89282381171137
4192	630018	261.32	261.59	2023-08-28	12.0	3.51	5.3	261.115745371583
4193	2033846	261.58	264.37	2023-08-28	12.0	3.51	5.3	261.115745371583
4194	2499314	264.37	267.0	2023-08-28	12.0	3.51	5.3	265.2600718922553
4195	550682	267.32	266.71	2023-08-28	12.0	3.51	5.3	266.78777218170256
4196	75847	266.72	266.93	2023-08-28	12.0	3.51	5.3	266.7890426368645
4197	777942	266.7	265.91	2023-08-29	12.0	3.51	5.3	266.78777218170256
4198	1534981	265.93	266.7	2023-08-29	12.0	3.51	5.3	265.7889557196003
4199	935052	266.69	266.47	2023-08-29	12.0	3.51	5.3	266.78777218170256
4200	229832	266.12	265.85	2023-08-29	12.0	3.51	5.3	265.79022617476227
4201	62926	265.88	265.68	2023-08-29	12.0	3.51	5.3	265.26134234741727
4202	604559	265.68	266.61	2023-08-30	12.0	3.51	5.0	265.2600718922553
4203	895788	266.62	265.59	2023-08-30	12.0	3.51	5.0	265.7889557196003
4204	1999715	265.57	265.45	2023-08-30	12.0	3.51	5.0	265.2600718922553
4205	276708	265.08	264.72	2023-08-30	12.0	3.51	5.0	265.26134234741727
4206	83668	264.73	264.7	2023-08-30	12.0	3.51	5.0	265.26134234741727
4207	509710	265.04	266.09	2023-08-31	12.0	2.3	5.0	265.26210645256816
4208	891879	266.1	265.67	2023-08-31	12.0	2.3	5.0	265.79099027991316
4209	662205	265.67	265.4	2023-08-31	12.0	2.3	5.0	265.26210645256816
4210	149033	265.05	264.91	2023-08-31	12.0	2.3	5.0	265.2633769077301
4211	45402	264.9	264.85	2023-08-31	12.0	2.3	5.0	265.2633769077301
4212	291456	265.4	265.09	2023-09-01	12.0	2.3	5.0	265.2633769077301
4213	718399	265.09	264.52	2023-09-01	12.0	2.3	5.0	265.26210645256816
4214	628757	264.52	265.0	2023-09-01	12.0	2.3	5.0	265.26210645256816
4215	183768	264.91	264.97	2023-09-01	12.0	2.3	5.0	265.2633769077301
4216	104137	264.98	265.0	2023-09-01	12.0	2.3	5.0	265.2633769077301
4217	822430	266.5	266.4	2023-09-04	12.0	2.3	5.0	265.79099027991316
4218	2163649	266.4	268.17	2023-09-04	12.0	2.3	5.0	265.79099027991316
4219	1407203	268.17	267.17	2023-09-04	12.0	2.3	5.0	268.79727276364497
4220	336143	267.0	267.4	2023-09-04	12.0	2.3	5.0	266.7898067420154
4221	84652	267.45	267.39	2023-09-04	12.0	2.3	5.0	266.79107719717734
4222	506683	266.74	267.04	2023-09-05	12.0	2.3	5.0	266.7898067420154
4223	1554342	267.04	266.01	2023-09-05	12.0	2.3	5.0	266.7898067420154
4224	536100	266.01	265.51	2023-09-05	12.0	2.3	5.0	265.79099027991316
4225	1313591	265.51	264.91	2023-09-05	12.0	2.3	5.0	265.26210645256816
4226	70470	264.91	264.75	2023-09-05	12.0	2.3	5.0	265.2633769077301
4227	885925	264.33	263.25	2023-09-06	12.0	2.3	5.0	265.26210645256816
4228	1045172	263.25	262.43	2023-09-06	12.0	2.3	5.0	263.0028412496601
4229	668614	262.42	263.5	2023-09-06	12.0	2.3	5.0	262.5092021245538
4230	198541	263.2	263.68	2023-09-06	12.0	2.3	5.0	263.00411170482204
4231	35937	263.68	263.5	2023-09-06	12.0	2.3	5.0	263.00411170482204
4232	392186	263.69	264.06	2023-09-07	12.0	2.3	5.0	263.0028412496601
4233	2926776	264.08	260.08	2023-09-07	12.0	2.3	5.0	265.26210645256816
4234	2797753	260.09	257.9	2023-09-07	12.0	2.3	5.0	259.55648773485717
4235	590828	257.9	259.01	2023-09-07	12.0	2.3	5.0	256.86324495073274
4236	61290	259.01	258.79	2023-09-07	12.0	2.3	5.0	259.4106449854239
4237	1480943	258.08	255.75	2023-09-08	12.0	2.3	5.0	259.40937453026197
4238	2189475	255.75	256.98	2023-09-08	12.0	2.3	5.0	255.8465754188388
4239	858220	256.98	256.45	2023-09-08	12.0	2.3	5.0	256.86324495073274
4240	337692	256.32	256.15	2023-09-08	12.0	2.3	5.0	256.86324495073274
4241	89951	256.14	255.68	2023-09-08	12.0	2.3	5.0	255.84784587400077
4242	1208736	257.0	257.79	2023-09-11	12.0	2.3	5.0	256.86324495073274
4243	1572809	257.79	256.75	2023-09-11	12.0	2.3	5.0	256.86324495073274
4244	891676	256.75	256.27	2023-09-11	12.0	2.3	5.0	256.86324495073274
4245	571437	256.27	255.79	2023-09-11	12.0	2.3	5.0	256.55126972919476
4246	89765	255.77	256.25	2023-09-11	12.0	2.3	5.0	255.84784587400077
4247	1250378	257.7	259.85	2023-09-12	12.0	2.3	5.0	256.86324495073274
4248	1381824	259.85	259.87	2023-09-12	12.0	2.3	5.0	259.40937453026197
4249	1001803	259.87	260.75	2023-09-12	12.0	2.3	5.0	259.55648773485717
4250	726987	260.7	262.05	2023-09-12	12.0	2.3	5.0	260.89358791686226
4251	155049	262.07	262.4	2023-09-12	12.0	2.3	5.0	262.0986653886769
4252	563111	262.4	261.18	2023-09-13	12.0	2.3	5.0	262.097394933515
4253	1143318	261.2	259.81	2023-09-13	12.0	2.3	5.0	260.89358791686226
4254	747931	259.8	259.47	2023-09-13	12.0	2.3	5.0	259.40937453026197
4255	482505	259.01	257.88	2023-09-13	12.0	2.3	5.0	259.40937453026197
4256	68271	257.88	258.18	2023-09-13	12.0	2.3	5.0	256.8645154058947
4257	756536	258.9	257.05	2023-09-14	12.0	2.3	5.0	259.40937453026197
4258	1831441	257.05	257.3	2023-09-14	12.0	2.3	5.0	256.86324495073274
4259	1490302	257.3	260.38	2023-09-14	12.0	2.3	5.0	256.86324495073274
4260	488720	260.4	260.04	2023-09-14	12.0	2.3	5.0	260.89358791686226
4261	55791	260.05	260.0	2023-09-14	12.0	2.3	5.0	259.5577581900191
4262	405454	259.65	259.09	2023-09-15	12.0	2.3	5.0	259.40937453026197
4263	2254676	259.09	261.52	2023-09-15	12.0	2.3	5.0	259.40937453026197
4264	671697	261.56	260.89	2023-09-15	12.0	2.3	5.0	261.1177799318958
4265	178458	260.89	260.7	2023-09-15	12.0	2.3	5.0	260.8948583720242
4266	47878	260.7	260.83	2023-09-15	12.0	2.3	5.0	260.8948583720242
4267	592562	262.02	261.66	2023-09-18	13.0	2.3	5.0	262.097394933515
4268	1289087	261.66	259.63	2023-09-18	13.0	2.3	5.0	261.1177799318958
4269	751961	259.66	259.95	2023-09-18	13.0	2.3	5.0	259.40937453026197
4270	239826	259.6	258.95	2023-09-18	13.0	2.3	5.0	259.4106449854239
4271	30320	258.97	259.07	2023-09-18	13.0	2.3	5.0	259.4106449854239
4272	525277	258.99	258.08	2023-09-19	13.0	2.3	5.0	259.40937453026197
4273	3087497	258.08	254.95	2023-09-19	13.0	2.3	5.0	259.40937453026197
4274	4560869	254.94	253.6	2023-09-19	13.0	2.3	5.0	255.6747150945506
4275	618895	253.6	252.33	2023-09-19	13.0	2.3	5.0	252.8790634214561
4276	162616	252.3	252.72	2023-09-19	13.0	2.3	5.0	252.057213904326
4277	1584147	252.8	251.35	2023-09-20	13.0	2.3	5.0	252.59792652750372
4278	3603627	251.35	254.62	2023-09-20	13.0	2.3	5.0	252.0008479762572
4279	1010955	254.59	254.72	2023-09-20	13.0	2.3	5.0	252.8790634214561
4280	405895	254.23	253.91	2023-09-20	13.0	2.3	5.0	252.8790634214561
4281	78502	253.92	253.77	2023-09-20	13.0	2.3	5.0	252.88033387661807
4282	1016531	252.87	251.55	2023-09-21	13.0	2.3	5.0	252.59792652750372
4283	1838696	251.55	251.12	2023-09-21	13.0	2.3	5.0	252.05594344916403
4284	2406503	251.12	250.89	2023-09-21	13.0	2.3	5.0	252.0453894851393
4285	507697	250.45	250.03	2023-09-21	13.0	2.3	5.0	252.0453894851393
4286	121946	250.01	250.16	2023-09-21	13.0	2.3	5.0	249.553282153114
4287	1422097	249.85	251.31	2023-09-22	13.0	2.3	5.0	249.55201169795203
4288	945269	251.31	251.9	2023-09-22	13.0	2.3	5.0	252.05594344916403
4289	1285590	251.9	252.1	2023-09-22	13.0	2.3	5.0	252.05594344916403
4290	326663	252.34	251.99	2023-09-22	13.0	2.3	5.0	252.05594344916403
4291	91871	251.97	251.99	2023-09-22	13.0	2.3	5.0	252.057213904326
4292	608704	252.0	250.83	2023-09-25	13.0	2.3	5.0	252.05594344916403
4293	1291074	250.84	251.01	2023-09-25	13.0	2.3	5.0	252.0453894851393
4294	983798	251.02	253.0	2023-09-25	13.0	2.3	5.0	252.0453894851393
4295	271462	252.99	252.45	2023-09-25	13.0	2.3	5.0	252.88033387661807
4296	31331	252.46	252.65	2023-09-25	13.0	2.3	5.0	252.057213904326
4297	496111	252.13	253.07	2023-09-26	13.0	2.3	5.0	252.05594344916403
4298	1008258	253.08	251.79	2023-09-26	13.0	2.3	5.0	252.8790634214561
4299	2264742	251.79	255.51	2023-09-26	13.0	2.3	5.0	252.05594344916403
4300	442289	255.84	255.66	2023-09-26	13.0	2.3	5.0	255.8465754188388
4301	84640	255.62	255.87	2023-09-26	13.0	2.3	5.0	255.84784587400077
4302	827682	256.2	257.03	2023-09-27	13.0	2.3	5.2	255.8465754188388
4303	710399	257.06	257.03	2023-09-27	13.0	2.3	5.2	256.86324495073274
4304	993824	257.03	256.16	2023-09-27	13.0	2.3	5.2	256.86324495073274
4305	217669	256.16	255.75	2023-09-27	13.0	2.3	5.2	255.84784587400077
4306	38489	255.78	256.1	2023-09-27	13.0	2.3	5.2	255.84784587400077
4307	594842	256.4	257.91	2023-09-28	13.0	2.3	5.2	256.86324495073274
4308	1234342	257.92	256.35	2023-09-28	13.0	2.3	5.2	256.86324495073274
4309	541047	256.36	257.67	2023-09-28	13.0	2.3	5.2	256.86324495073274
4310	184656	257.6	257.39	2023-09-28	13.0	2.3	5.2	256.8645154058947
4311	78229	257.4	257.67	2023-09-28	13.0	2.3	5.2	256.8645154058947
4312	2369962	258.0	260.96	2023-09-29	13.0	2.3	5.2	259.40937453026197
4313	2451742	260.96	260.48	2023-09-29	13.0	2.3	5.2	260.89358791686226
4314	1512974	260.48	261.7	2023-09-29	13.0	2.3	5.2	260.89358791686226
4315	438023	261.4	260.82	2023-09-29	13.0	2.3	5.2	261.1177799318958
4316	80630	260.82	260.72	2023-09-29	13.0	2.3	5.2	260.8948583720242
4317	688276	261.37	260.69	2023-10-02	13.0	2.5	5.2	261.115745371583
4318	855990	260.69	259.8	2023-10-02	13.0	2.5	5.2	260.8915533565494
4319	1440810	259.79	258.0	2023-10-02	13.0	2.5	5.2	259.40733996994913
4320	505535	257.8	258.4	2023-10-02	13.0	2.5	5.2	256.8612103904199
4321	66836	258.38	258.98	2023-10-02	13.0	2.5	5.2	259.4086104251111
4322	505320	258.99	258.06	2023-10-03	13.0	2.5	5.2	259.40733996994913
4323	805299	258.06	259.32	2023-10-03	13.0	2.5	5.2	259.40733996994913
4324	805052	259.32	259.89	2023-10-03	13.0	2.5	5.2	259.40733996994913
4325	222754	259.73	259.46	2023-10-03	13.0	2.5	5.2	259.4086104251111
4326	52688	259.45	259.65	2023-10-03	13.0	2.5	5.2	259.4086104251111
4327	415037	259.0	259.95	2023-10-04	13.0	2.5	5.2	259.40733996994913
4328	499904	259.95	259.01	2023-10-04	13.0	2.5	5.2	259.55445317454434
4329	581389	259.02	259.68	2023-10-04	13.0	2.5	5.2	259.40733996994913
4330	317232	259.97	259.39	2023-10-04	13.0	2.5	5.2	259.55445317454434
4331	43600	259.38	259.53	2023-10-04	13.0	2.5	5.2	259.4086104251111
4332	713704	260.7	260.39	2023-10-05	13.0	2.5	5.2	260.8915533565494
4333	770802	260.39	260.13	2023-10-05	13.0	2.5	5.2	259.55445317454434
4334	542422	260.12	259.05	2023-10-05	13.0	2.5	5.2	259.55445317454434
4335	292827	259.11	259.11	2023-10-05	13.0	2.5	5.2	259.4086104251111
4336	30407	259.16	259.38	2023-10-05	13.0	2.5	5.2	259.4086104251111
4337	207213	259.77	258.73	2023-10-06	13.0	2.5	5.2	259.4086104251111
4338	815816	258.72	259.11	2023-10-06	13.0	2.5	5.2	259.40733996994913
4339	684210	259.12	260.42	2023-10-06	13.0	2.5	5.2	259.40733996994913
4340	1351320	260.01	262.41	2023-10-06	13.0	2.5	5.2	259.55445317454434
4341	141569	262.41	262.93	2023-10-06	13.0	2.5	5.2	262.5084380194029
4342	1473612	263.0	265.2	2023-10-09	13.0	2.5	5.2	263.00080668934726
4343	1457543	265.19	265.44	2023-10-09	13.0	2.5	5.2	265.2600718922553
4344	1160639	265.43	264.2	2023-10-09	13.0	2.5	5.2	265.2600718922553
4345	389648	264.38	265.51	2023-10-09	13.0	2.5	5.2	265.2600718922553
4346	63314	265.52	265.25	2023-10-09	13.0	2.5	5.2	265.26134234741727
4347	736411	264.89	263.82	2023-10-10	13.0	2.5	5.2	265.2600718922553
4348	1108769	263.82	264.7	2023-10-10	13.0	2.5	5.2	265.2600718922553
4349	560397	264.69	264.7	2023-10-10	13.0	2.5	5.2	265.2600718922553
4350	915450	261.96	263.38	2023-10-10	13.0	2.5	5.2	262.09536037320214
4351	79102	263.47	263.0	2023-10-10	13.0	2.5	5.2	263.0020771445092
4352	592130	263.3	262.35	2023-10-11	13.0	2.5	5.2	263.00080668934726
4353	694341	262.35	262.89	2023-10-11	13.0	2.5	5.2	262.09536037320214
4354	618704	262.88	263.49	2023-10-11	13.0	2.5	5.2	263.00080668934726
4355	654422	263.44	261.72	2023-10-11	13.0	2.5	5.2	263.00080668934726
4356	389982	261.73	260.21	2023-10-11	13.0	2.5	5.2	261.115745371583
4357	625062	260.0	261.71	2023-10-12	13.0	2.5	5.2	259.55445317454434
4358	861383	261.7	262.16	2023-10-12	13.0	2.5	5.2	261.115745371583
4359	908769	262.16	263.63	2023-10-12	13.0	2.5	5.2	262.09536037320214
4360	256628	263.7	263.7	2023-10-12	13.0	2.5	5.2	263.0020771445092
4361	103074	263.69	264.5	2023-10-12	13.0	2.5	5.2	263.0020771445092
4362	442993	264.89	263.73	2023-10-13	13.0	2.5	5.2	265.2600718922553
4363	516892	263.72	263.89	2023-10-13	13.0	2.5	5.2	263.00080668934726
4364	612185	263.89	263.7	2023-10-13	13.0	2.5	5.2	265.2600718922553
4365	217092	263.7	263.44	2023-10-13	13.0	2.5	5.2	263.0020771445092
4366	51705	263.44	263.51	2023-10-13	13.0	2.5	5.2	263.0020771445092
4367	1219644	264.0	265.99	2023-10-16	13.0	2.5	5.2	265.2600718922553
4368	1125926	265.99	266.0	2023-10-16	13.0	2.5	5.2	265.7889557196003
4369	2487972	266.0	268.0	2023-10-16	13.0	2.5	5.2	265.7889557196003
4370	463776	268.05	268.24	2023-10-16	13.0	2.5	5.2	268.79523820333213
4371	75000	268.24	268.15	2023-10-16	13.0	2.5	5.2	268.7965086584941
4372	870475	268.3	267.8	2023-10-17	13.0	2.5	5.2	268.79523820333213
4373	2879703	267.8	270.9	2023-10-17	13.0	2.5	5.2	268.79523820333213
4374	1061777	270.9	270.46	2023-10-17	13.0	2.5	5.2	271.2822781869826
4375	192579	270.72	270.53	2023-10-17	13.0	2.5	5.2	271.2835486421445
4376	116902	270.57	270.0	2023-10-17	13.0	2.5	5.2	271.2835486421445
4377	831780	270.0	269.67	2023-10-18	13.0	2.5	5.2	269.4511548052237
4378	1141679	269.63	269.47	2023-10-18	13.0	2.5	5.2	269.31950227802406
4379	1803932	269.48	268.4	2023-10-18	13.0	2.5	5.2	269.31950227802406
4380	206838	268.1	268.14	2023-10-18	13.0	2.5	5.2	268.7965086584941
4381	53824	268.14	267.9	2023-10-18	13.0	2.5	5.2	268.7965086584941
4382	320033	267.13	267.14	2023-10-19	13.0	2.5	5.2	266.78777218170256
4383	1134286	267.21	268.8	2023-10-19	13.0	2.5	5.2	266.78777218170256
4384	1442288	268.8	268.67	2023-10-19	13.0	2.5	5.2	268.79523820333213
4385	403763	268.7	268.29	2023-10-19	13.0	2.5	5.2	268.79523820333213
4386	52918	268.29	268.65	2023-10-19	13.0	2.5	5.2	268.7965086584941
4387	454549	268.5	267.51	2023-10-20	13.0	2.5	5.2	268.79523820333213
4388	1510682	267.51	268.47	2023-10-20	13.0	2.5	5.2	266.78777218170256
4389	831847	268.53	269.9	2023-10-20	13.0	2.5	5.2	268.79523820333213
4390	381212	269.91	269.89	2023-10-20	13.0	2.5	5.2	269.4511548052237
4391	109683	269.89	269.8	2023-10-20	13.0	2.5	5.2	269.45242526038567
4392	1964783	270.45	272.79	2023-10-23	13.0	2.5	5.2	271.2822781869826
4393	2518523	272.79	271.19	2023-10-23	13.0	2.5	5.2	272.9310583863309
4394	833600	271.19	270.9	2023-10-23	13.0	2.5	5.2	271.2822781869826
4395	440866	270.89	269.85	2023-10-23	13.0	2.5	5.2	271.2822781869826
4396	106932	269.85	270.1	2023-10-23	13.0	2.5	5.2	269.45242526038567
4397	754667	270.0	271.2	2023-10-24	13.0	2.5	5.2	269.4511548052237
4398	957200	271.2	270.9	2023-10-24	13.0	2.5	5.2	271.2822781869826
4399	715004	270.89	270.49	2023-10-24	13.0	2.5	5.2	271.2822781869826
4400	323545	270.69	271.34	2023-10-24	13.0	2.5	5.2	271.2822781869826
4401	52570	271.28	271.27	2023-10-24	13.0	2.5	5.2	271.2835486421445
4402	318581	271.5	270.75	2023-10-25	13.0	2.5	5.2	271.2822781869826
4403	1365255	270.73	272.45	2023-10-25	13.0	2.5	5.2	271.2822781869826
4404	1981449	272.46	273.72	2023-10-25	13.0	2.5	5.2	272.9310583863309
4405	472417	273.72	273.82	2023-10-25	13.0	2.5	5.2	273.2005809028945
4406	45395	273.91	273.73	2023-10-25	13.0	2.5	5.2	274.36568747332024
4407	543769	274.11	273.73	2023-10-26	13.0	2.5	5.2	274.3644170181583
4408	3130674	273.73	271.85	2023-10-26	13.0	2.5	5.2	273.2005809028945
4409	1678109	271.85	270.0	2023-10-26	13.0	2.5	5.2	271.2822781869826
4410	475541	269.8	270.94	2023-10-26	13.0	2.5	5.2	269.4511548052237
4411	121682	270.94	269.9	2023-10-26	13.0	2.5	5.2	271.2835486421445
4412	368013	269.93	270.56	2023-10-27	13.0	2.5	5.2	269.4511548052237
4413	3053645	270.56	267.97	2023-10-27	13.0	2.5	5.2	271.2822781869826
4414	1086853	267.96	270.01	2023-10-27	13.0	2.5	5.2	268.79523820333213
4415	387025	270.27	269.91	2023-10-27	13.0	2.5	5.2	269.4511548052237
4416	82427	269.91	269.7	2023-10-27	13.0	2.5	5.2	269.45242526038567
4417	733601	269.9	270.8	2023-10-30	15.0	2.5	5.2	269.4511548052237
4418	1216284	270.79	269.35	2023-10-30	15.0	2.5	5.2	271.2822781869826
4419	978993	269.34	270.52	2023-10-30	15.0	2.5	5.2	269.31950227802406
4420	374685	270.19	269.68	2023-10-30	15.0	2.5	5.2	269.4511548052237
4421	31036	269.68	269.89	2023-10-30	15.0	2.5	5.2	269.45242526038567
4422	390230	270.0	268.59	2023-10-31	15.0	3.24	5.2	269.4511548052237
4423	1402941	268.56	268.3	2023-10-31	15.0	3.24	5.2	268.79523820333213
4424	625853	268.3	268.86	2023-10-31	15.0	3.24	5.2	268.79523820333213
4425	167338	268.84	268.19	2023-10-31	15.0	3.24	5.2	268.7965086584941
4426	34683	268.18	268.35	2023-10-31	15.0	3.24	5.2	268.7965086584941
4427	301513	268.29	267.91	2023-11-01	15.0	3.24	5.2	268.7965086584941
4428	1022323	267.9	269.63	2023-11-01	15.0	3.24	5.2	268.79523820333213
4429	499236	269.63	269.0	2023-11-01	15.0	3.24	5.2	269.31950227802406
4430	181550	269.05	269.41	2023-11-01	15.0	3.24	5.2	269.26572031091246
4431	56326	269.4	269.68	2023-11-01	15.0	3.24	5.2	269.320772733186
4432	654808	270.0	269.64	2023-11-02	15.0	3.24	5.2	269.4511548052237
4433	820904	269.64	270.25	2023-11-02	15.0	3.24	5.2	269.4511548052237
4434	787996	270.26	268.52	2023-11-02	15.0	3.24	5.2	269.4511548052237
4435	250928	268.56	269.09	2023-11-02	15.0	3.24	5.2	268.7965086584941
4436	60517	269.09	269.06	2023-11-02	15.0	3.24	5.2	269.26572031091246
4437	299292	269.07	268.58	2023-11-03	15.0	3.24	5.2	269.26572031091246
4438	1006772	268.59	268.8	2023-11-03	15.0	3.24	5.2	268.79523820333213
4439	509560	268.8	269.48	2023-11-03	15.0	3.24	5.2	268.79523820333213
4440	219525	269.5	268.8	2023-11-03	15.0	3.24	5.2	269.320772733186
4441	62979	268.79	268.54	2023-11-03	15.0	3.24	5.2	268.7965086584941
4442	312019	269.0	270.03	2023-11-06	15.0	3.24	5.2	269.2644498557505
4443	942172	270.02	271.39	2023-11-06	15.0	3.24	5.2	269.4511548052237
4444	1127079	271.39	272.5	2023-11-06	15.0	3.24	5.2	271.2822781869826
4445	506847	272.75	273.12	2023-11-06	15.0	3.24	5.2	272.9310583863309
4446	39299	273.11	273.42	2023-11-06	15.0	3.24	5.2	273.20185135805644
4447	887588	273.01	272.81	2023-11-07	15.0	3.24	5.2	273.2005809028945
4448	1161171	272.81	272.77	2023-11-07	15.0	3.24	5.2	272.9310583863309
4449	908067	272.78	273.89	2023-11-07	15.0	3.24	5.2	272.9310583863309
4450	236150	273.98	273.36	2023-11-07	15.0	3.24	5.2	274.36568747332024
4451	34528	273.42	273.31	2023-11-07	15.0	3.24	5.2	273.20185135805644
4452	1057698	273.64	275.3	2023-11-08	15.0	3.24	5.2	273.2005809028945
4453	2777704	275.29	276.96	2023-11-08	15.0	3.24	5.2	275.57158535224596
4454	1366382	276.93	277.4	2023-11-08	15.0	3.24	5.2	276.5840891332501
4455	499660	277.6	278.0	2023-11-08	15.0	3.24	5.2	278.09308913611306
4456	101823	278.02	278.15	2023-11-08	15.0	3.24	5.2	278.094359591275
4457	771151	278.6	276.71	2023-11-09	15.0	3.24	5.2	279.2478978124981
4458	1013695	276.71	277.17	2023-11-09	15.0	3.24	5.2	276.5840891332501
4459	682111	277.17	277.08	2023-11-09	15.0	3.24	5.2	276.5840891332501
4460	294530	276.65	277.12	2023-11-09	15.0	3.24	5.2	276.585359588412
4461	81576	277.12	276.65	2023-11-09	15.0	3.24	5.2	276.585359588412
4462	1787889	276.99	280.09	2023-11-10	15.0	3.24	5.2	276.5840891332501
4463	1325451	280.09	279.43	2023-11-10	15.0	3.24	5.2	279.6589507132685
4464	887361	279.43	280.0	2023-11-10	15.0	3.24	5.2	279.6589507132685
4465	370347	280.0	280.21	2023-11-10	15.0	3.24	5.2	279.6589507132685
4466	93281	280.22	280.19	2023-11-10	15.0	3.24	5.2	279.8734485929251
4467	1004247	280.4	282.27	2023-11-13	15.0	3.24	5.2	279.87217813776317
4468	1412945	282.27	282.82	2023-11-13	15.0	3.24	5.2	282.65521916160566
4469	1615351	282.84	283.54	2023-11-13	15.0	3.24	5.2	282.74952392144144
4470	509222	283.8	283.93	2023-11-13	15.0	3.24	5.2	283.42780078552306
4471	47012	283.93	283.97	2023-11-13	15.0	3.24	5.2	283.429071240685
4472	1188765	283.7	282.6	2023-11-14	15.0	3.24	5.2	283.42780078552306
4473	1492246	282.63	281.11	2023-11-14	15.0	3.24	5.2	282.74952392144144
4474	1058931	281.11	282.4	2023-11-14	15.0	3.24	5.2	282.65521916160566
4475	279246	282.01	280.77	2023-11-14	15.0	3.24	5.2	282.6564896167676
4476	29293	280.77	280.87	2023-11-14	15.0	3.24	5.2	279.8734485929251
4477	621922	280.87	280.15	2023-11-15	15.0	3.24	5.2	279.87217813776317
4478	1462877	280.14	279.78	2023-11-15	15.0	3.24	5.2	279.6589507132685
4479	1782957	279.77	282.52	2023-11-15	15.0	3.24	5.2	279.6589507132685
4480	279614	282.96	282.98	2023-11-15	15.0	3.24	5.2	282.7507943766034
4481	36299	282.95	282.89	2023-11-15	15.0	3.24	5.2	282.7507943766034
4482	405509	282.4	282.52	2023-11-16	15.0	3.24	5.2	282.65521916160566
4483	784628	282.5	282.86	2023-11-16	15.0	3.24	5.2	282.65521916160566
4484	834599	282.85	281.47	2023-11-16	15.0	3.24	5.2	282.74952392144144
4485	339070	281.4	280.23	2023-11-16	15.0	3.24	5.2	282.65521916160566
4486	105854	280.23	279.7	2023-11-16	15.0	3.24	5.2	279.8734485929251
4487	560773	279.7	281.68	2023-11-17	15.0	3.24	5.2	279.6589507132685
4488	1279698	281.65	281.05	2023-11-17	15.0	3.24	5.2	282.65521916160566
4489	951475	281.1	282.0	2023-11-17	15.0	3.24	5.2	282.65521916160566
4490	279385	281.8	281.53	2023-11-17	15.0	3.24	5.2	282.6564896167676
4491	60901	281.52	281.6	2023-11-17	15.0	3.24	5.2	282.6564896167676
4492	620825	281.96	282.44	2023-11-20	15.0	3.24	5.2	282.65521916160566
4493	639223	282.42	282.78	2023-11-20	15.0	3.24	5.2	282.65521916160566
4494	1064603	282.77	282.84	2023-11-20	15.0	3.24	5.2	282.74952392144144
4495	176160	282.97	283.24	2023-11-20	15.0	3.24	5.2	282.7507943766034
4496	28290	283.24	282.91	2023-11-20	15.0	3.24	5.2	283.17720360858397
4497	452412	282.3	283.61	2023-11-21	15.0	3.24	5.2	282.65521916160566
4498	868492	283.62	282.74	2023-11-21	15.0	3.24	5.2	283.175933153422
4499	424816	282.74	283.18	2023-11-21	15.0	3.24	5.2	282.74952392144144
4500	139044	282.96	282.71	2023-11-21	15.0	3.24	5.2	282.7507943766034
4501	25175	282.69	282.79	2023-11-21	15.0	3.24	5.2	282.7507943766034
4502	1424635	283.12	284.94	2023-11-22	15.0	3.24	5.2	283.175933153422
4503	1051226	284.93	285.28	2023-11-22	15.0	3.24	5.2	283.42780078552306
4504	1905343	285.27	285.53	2023-11-22	15.0	3.24	5.2	286.70797550527914
4505	280428	285.88	286.05	2023-11-22	15.0	3.24	5.2	286.7092459604411
4506	68057	286.05	286.16	2023-11-22	15.0	3.24	5.2	286.7092459604411
4507	712280	286.16	287.19	2023-11-23	15.0	3.24	5.2	286.70797550527914
4508	847917	287.2	286.72	2023-11-23	15.0	3.24	5.2	286.70797550527914
4509	956828	286.72	286.0	2023-11-23	15.0	3.24	5.2	286.70797550527914
4510	201610	286.0	285.73	2023-11-23	15.0	3.24	5.2	286.7092459604411
4511	53773	285.73	286.19	2023-11-23	15.0	3.24	5.2	286.7092459604411
4512	645637	286.49	286.43	2023-11-24	15.0	3.24	5.2	286.70797550527914
4513	720105	286.41	286.23	2023-11-24	15.0	3.24	5.2	286.70797550527914
4514	948487	286.21	286.0	2023-11-24	15.0	3.24	5.2	286.70797550527914
4515	225190	286.06	286.54	2023-11-24	15.0	3.24	5.2	286.7092459604411
4516	67368	286.57	286.85	2023-11-24	15.0	3.24	5.2	286.7092459604411
4517	1169460	287.4	288.07	2023-11-27	15.0	3.24	5.2	286.70797550527914
4518	1573875	288.08	286.5	2023-11-27	15.0	3.24	5.2	289.67257614238787
4519	4570165	286.5	281.57	2023-11-27	15.0	3.24	5.2	286.4069084398106
4520	506826	281.65	282.54	2023-11-27	15.0	3.24	5.2	282.65521916160566
4521	94283	282.53	282.33	2023-11-27	15.0	3.24	5.2	282.6564896167676
4522	1408281	282.4	278.52	2023-11-28	15.0	3.24	5.2	282.65521916160566
4523	1507609	278.51	279.39	2023-11-28	15.0	3.24	5.2	279.2478978124981
4524	1261540	279.39	280.06	2023-11-28	15.0	3.24	5.2	279.6589507132685
4525	327885	280.36	279.59	2023-11-28	15.0	3.24	5.2	279.87217813776317
4526	45415	279.59	279.91	2023-11-28	15.0	3.24	5.2	279.66022116843044
4527	485622	279.36	278.69	2023-11-29	15.0	3.24	5.0	279.5577392994933
4528	1368227	278.69	277.71	2023-11-29	15.0	3.24	5.0	279.2478978124981
4529	834445	277.73	277.57	2023-11-29	15.0	3.24	5.0	278.09308913611306
4530	253653	277.47	277.2	2023-11-29	15.0	3.24	5.0	278.094359591275
4531	40136	277.18	276.8	2023-11-29	15.0	3.24	5.0	276.585359588412
4532	976019	276.7	274.7	2023-11-30	15.0	4.3	5.0	276.5840891332501
4533	1337369	274.71	275.48	2023-11-30	15.0	4.3	5.0	274.6308259930465
4534	2173690	275.46	276.8	2023-11-30	15.0	4.3	5.0	275.57158535224596
4535	1034178	276.66	277.67	2023-11-30	15.0	4.3	5.0	276.5840891332501
4536	66098	277.68	277.5	2023-11-30	15.0	4.3	5.0	278.094359591275
4537	557836	277.0	275.31	2023-12-01	15.0	4.3	5.0	276.5840891332501
4538	970474	275.27	276.01	2023-12-01	15.0	4.3	5.0	275.57158535224596
4539	1262022	276.01	275.09	2023-12-01	15.0	4.3	5.0	276.40200345885705
4540	290073	275.16	274.15	2023-12-01	15.0	4.3	5.0	275.5728558074079
4541	85692	274.14	273.97	2023-12-01	15.0	4.3	5.0	274.36568747332024
4542	1213621	273.6	272.83	2023-12-04	15.0	4.3	5.0	273.2005809028945
4543	1171189	272.84	273.24	2023-12-04	15.0	4.3	5.0	272.9310583863309
4544	818038	273.26	272.95	2023-12-04	15.0	4.3	5.0	273.2005809028945
4545	491062	272.7	271.12	2023-12-04	15.0	4.3	5.0	272.9310583863309
4546	76164	271.12	270.96	2023-12-04	15.0	4.3	5.0	271.2835486421445
4547	582464	271.98	271.63	2023-12-05	15.0	4.3	5.0	271.2822781869826
4548	1494504	271.63	275.11	2023-12-05	15.0	4.3	5.0	271.2822781869826
4549	1651123	275.14	276.56	2023-12-05	15.0	4.3	5.0	275.57158535224596
4550	842527	277.29	278.87	2023-12-05	15.0	4.3	5.0	278.09308913611306
4551	118639	278.89	279.62	2023-12-05	15.0	4.3	5.0	279.5590097546552
4552	2617052	279.92	274.37	2023-12-06	15.0	4.3	5.0	279.6589507132685
4553	4142364	274.35	271.34	2023-12-06	15.0	4.3	5.0	274.329758927578
4554	1734761	271.34	269.24	2023-12-06	15.0	4.3	5.0	271.2822781869826
4555	1411306	269.24	267.72	2023-12-06	15.0	4.3	5.0	269.2644498557505
4556	96520	267.76	267.58	2023-12-06	15.0	4.3	5.0	268.7965086584941
4557	1268308	267.62	268.84	2023-12-07	15.0	4.3	5.0	266.78777218170256
4558	3280925	268.85	263.49	2023-12-07	15.0	4.3	5.0	268.67366757646346
4559	1500676	263.49	265.5	2023-12-07	15.0	4.3	5.0	263.00080668934726
4560	263564	265.88	265.19	2023-12-07	15.0	4.3	5.0	265.26134234741727
4561	42748	265.17	265.12	2023-12-07	15.0	4.3	5.0	265.26134234741727
4562	747813	266.0	266.55	2023-12-08	15.0	4.3	5.0	265.7889557196003
4563	1092920	266.55	266.05	2023-12-08	15.0	4.3	5.0	265.7889557196003
4564	1372077	266.06	265.3	2023-12-08	15.0	4.3	5.0	265.7889557196003
4565	277355	265.23	265.04	2023-12-08	15.0	4.3	5.0	265.26134234741727
4566	46257	265.04	265.16	2023-12-08	15.0	4.3	5.0	265.26134234741727
4567	1109768	265.17	262.36	2023-12-11	15.0	4.3	5.0	265.2600718922553
4568	3144340	262.36	258.4	2023-12-11	15.0	4.3	5.0	262.09536037320214
4569	2687326	258.4	257.2	2023-12-11	15.0	4.3	5.0	259.40733996994913
4570	718896	256.99	256.9	2023-12-11	15.0	4.3	5.0	256.8612103904199
4571	106477	256.9	256.89	2023-12-11	15.0	4.3	5.0	256.86248084558184
4572	1115864	256.79	258.24	2023-12-12	15.0	4.3	5.0	256.8612103904199
4573	2341308	258.23	262.22	2023-12-12	15.0	4.3	5.0	259.40733996994913
4574	2076742	262.23	259.76	2023-12-12	15.0	4.3	5.0	262.09536037320214
4575	741761	259.44	257.71	2023-12-12	15.0	4.3	5.0	259.40733996994913
4576	117542	257.71	257.6	2023-12-12	15.0	4.3	5.0	256.86248084558184
4577	769996	257.6	259.36	2023-12-13	15.0	4.3	5.0	256.8612103904199
4578	1180886	259.36	260.32	2023-12-13	15.0	4.3	5.0	259.40733996994913
4579	684891	260.32	259.25	2023-12-13	15.0	4.3	5.0	259.55445317454434
4580	271894	259.38	260.0	2023-12-13	15.0	4.3	5.0	259.4086104251111
4581	75973	260.0	260.45	2023-12-13	15.0	4.3	5.0	259.5557236297063
4582	824031	261.4	260.74	2023-12-14	15.0	4.3	5.0	261.115745371583
4583	1310067	260.75	259.54	2023-12-14	15.0	4.3	5.0	260.8915533565494
4584	1068244	259.54	258.18	2023-12-14	15.0	4.3	5.0	259.40733996994913
4585	776413	257.62	256.86	2023-12-14	15.0	4.3	5.0	256.8612103904199
4586	76211	256.86	256.64	2023-12-14	15.0	4.3	5.0	256.86248084558184
4587	577385	256.6	258.18	2023-12-15	15.0	4.3	5.0	256.8612103904199
4588	3928973	258.18	264.68	2023-12-15	15.0	4.3	5.0	259.2354796456609
4589	3245787	264.68	267.1	2023-12-15	15.0	4.3	5.0	265.20497641934844
4590	597765	267.56	268.16	2023-12-15	15.0	4.3	5.0	266.78777218170256
4591	116964	268.17	268.21	2023-12-15	15.0	4.3	5.0	268.7965086584941
4592	1898702	268.93	268.11	2023-12-18	16.0	4.3	5.0	268.79523820333213
4593	1667243	268.1	268.07	2023-12-18	16.0	4.3	5.0	268.79523820333213
4594	1032401	268.07	269.4	2023-12-18	16.0	4.3	5.0	268.79523820333213
4595	517212	269.39	268.0	2023-12-18	16.0	4.3	5.0	269.31950227802406
4596	44689	268.0	268.4	2023-12-18	16.0	4.3	5.0	268.7965086584941
4597	636686	268.38	269.1	2023-12-19	16.0	4.3	5.0	268.79523820333213
4598	1728582	269.15	266.25	2023-12-19	16.0	4.3	5.0	269.2644498557505
4599	1149440	266.2	267.78	2023-12-19	16.0	4.3	5.0	265.7889557196003
4600	290119	267.32	267.46	2023-12-19	16.0	4.3	5.0	266.7890426368645
4601	23963	267.46	267.35	2023-12-19	16.0	4.3	5.0	266.7890426368645
4602	455961	267.51	267.32	2023-12-20	16.0	4.3	5.0	266.78777218170256
4603	1354615	267.31	268.5	2023-12-20	16.0	4.3	5.0	266.78777218170256
4604	852496	268.5	267.33	2023-12-20	16.0	4.3	5.0	268.79523820333213
4605	404211	267.59	267.15	2023-12-20	16.0	4.3	5.0	266.78777218170256
4606	42117	267.14	266.61	2023-12-20	16.0	4.3	5.0	266.7890426368645
4607	585203	266.4	265.46	2023-12-21	16.0	4.3	5.0	265.7889557196003
4608	1111094	265.46	265.19	2023-12-21	16.0	4.3	5.0	265.2600718922553
4609	1353146	265.19	265.8	2023-12-21	16.0	4.3	5.0	265.2600718922553
4610	246956	265.77	265.49	2023-12-21	16.0	4.3	5.0	265.26134234741727
4611	33743	265.37	265.19	2023-12-21	16.0	4.3	5.0	265.26134234741727
4612	1834777	266.06	270.56	2023-12-22	16.0	4.3	5.0	265.7889557196003
4613	2706568	270.55	271.01	2023-12-22	16.0	4.3	5.0	271.2822781869826
4614	956216	271.0	270.55	2023-12-22	16.0	4.3	5.0	271.2822781869826
4615	260689	270.8	270.96	2023-12-22	16.0	4.3	5.0	271.2835486421445
4616	114236	270.96	271.3	2023-12-22	16.0	4.3	5.0	271.2835486421445
4617	1201366	271.72	273.43	2023-12-25	16.0	4.3	5.0	271.2822781869826
4618	1067342	273.42	272.2	2023-12-25	16.0	4.3	5.0	273.2005809028945
4619	1262993	272.23	271.6	2023-12-25	16.0	4.3	5.0	271.2822781869826
4620	242426	271.38	271.14	2023-12-25	16.0	4.3	5.0	271.2835486421445
4621	37442	271.14	271.08	2023-12-25	16.0	4.3	5.0	271.2835486421445
4622	337707	271.0	270.72	2023-12-26	16.0	4.3	5.0	271.2822781869826
4623	834786	270.71	271.34	2023-12-26	16.0	4.3	5.0	271.2822781869826
4624	881838	271.36	271.91	2023-12-26	16.0	4.3	5.0	271.2822781869826
4625	172729	271.94	271.86	2023-12-26	16.0	4.3	5.0	271.2835486421445
4626	38772	271.81	271.9	2023-12-26	16.0	4.3	5.0	271.2835486421445
4627	308728	271.9	272.09	2023-12-27	16.0	4.3	4.4	271.2835486421445
4628	644706	272.1	271.87	2023-12-27	16.0	4.3	4.4	271.2822781869826
4629	538167	271.87	271.55	2023-12-27	16.0	4.3	4.4	271.2822781869826
4630	201693	271.4	271.09	2023-12-27	16.0	4.3	4.4	271.2835486421445
4631	28111	271.09	271.08	2023-12-27	16.0	4.3	4.4	271.2835486421445
4632	410828	270.92	270.81	2023-12-28	16.0	4.3	4.4	271.2822781869826
4633	1307809	270.81	270.36	2023-12-28	16.0	4.3	4.4	271.2822781869826
4634	959542	270.36	272.0	2023-12-28	16.0	4.3	4.4	269.4511548052237
4635	220154	272.0	271.45	2023-12-28	16.0	4.3	4.4	271.2835486421445
4636	45640	271.54	271.74	2023-12-28	16.0	4.3	4.4	271.2835486421445
4637	296435	272.19	271.93	2023-12-29	16.0	4.3	4.4	271.2835486421445
4638	886492	271.94	271.3	2023-12-29	16.0	4.3	4.4	271.2822781869826
4639	413338	271.3	271.8	2023-12-29	16.0	4.3	4.4	271.2822781869826
4640	268148	271.55	271.01	2023-12-29	16.0	4.3	4.4	271.2835486421445
4641	216641	271.01	270.82	2023-12-29	16.0	4.3	4.4	271.2835486421445
4642	542589	271.9	273.48	2024-01-03	16.0	5.13	4.4	271.2822781869826
4643	796484	273.49	274.1	2024-01-03	16.0	5.13	4.4	273.2005809028945
4644	487308	274.1	273.64	2024-01-03	16.0	5.13	4.4	274.3644170181583
4645	144119	273.78	274.1	2024-01-03	16.0	5.13	4.4	273.20185135805644
4646	88102	274.09	274.56	2024-01-03	16.0	5.13	4.4	274.36568747332024
4647	419299	274.67	274.45	2024-01-04	16.0	5.13	4.4	274.6308259930465
4648	386139	274.45	274.09	2024-01-04	16.0	5.13	4.4	274.6308259930465
4649	223181	274.1	274.04	2024-01-04	16.0	5.13	4.4	274.36568747332024
4650	126290	274.13	274.11	2024-01-04	16.0	5.13	4.4	274.36568747332024
4651	18029	274.11	274.12	2024-01-04	16.0	5.13	4.4	274.36568747332024
4652	194671	274.3	273.44	2024-01-05	16.0	5.13	4.4	274.36568747332024
4653	383172	273.43	273.43	2024-01-05	16.0	5.13	4.4	273.2005809028945
4654	243578	273.41	273.46	2024-01-05	16.0	5.13	4.4	273.20185135805644
4655	101841	273.25	273.49	2024-01-05	16.0	5.13	4.4	273.20185135805644
4656	40293	273.49	273.62	2024-01-05	16.0	5.13	4.4	273.20185135805644
4657	431449	273.6	275.04	2024-01-08	16.0	5.13	4.4	273.2005809028945
4658	782534	275.05	276.49	2024-01-08	16.0	5.13	4.4	275.57158535224596
4659	674577	276.5	275.81	2024-01-08	16.0	5.13	4.4	276.5840891332501
4660	213376	275.83	276.49	2024-01-08	16.0	5.13	4.4	275.5728558074079
4661	47008	276.5	276.76	2024-01-08	16.0	5.13	4.4	276.585359588412
4662	471003	276.97	275.83	2024-01-09	16.0	5.13	4.4	276.5840891332501
4663	662153	275.83	275.49	2024-01-09	16.0	5.13	4.4	275.57158535224596
4664	666747	275.49	276.0	2024-01-09	16.0	5.13	4.4	275.57158535224596
4665	126976	276.0	275.89	2024-01-09	16.0	5.13	4.4	276.403273914019
4666	104724	275.96	275.28	2024-01-09	16.0	5.13	4.4	275.5728558074079
4667	335786	275.3	275.88	2024-01-10	16.0	5.13	4.4	275.57158535224596
4668	583854	275.88	275.6	2024-01-10	16.0	5.13	4.4	275.57158535224596
4669	704158	275.6	275.68	2024-01-10	16.0	5.13	4.4	275.57158535224596
4670	404822	275.55	274.47	2024-01-10	16.0	5.13	4.4	275.57158535224596
4671	37421	274.47	274.49	2024-01-10	16.0	5.13	4.4	274.6320964482085
4672	336938	274.78	274.85	2024-01-11	16.0	5.13	4.4	274.6308259930465
4673	636748	274.85	274.97	2024-01-11	16.0	5.13	4.4	274.6308259930465
4674	749843	274.97	275.9	2024-01-11	16.0	5.13	4.4	274.6308259930465
4675	201047	275.51	275.56	2024-01-11	16.0	5.13	4.4	275.5728558074079
4676	28027	275.56	275.71	2024-01-11	16.0	5.13	4.4	275.5728558074079
4677	502875	276.0	275.46	2024-01-12	16.0	5.13	4.4	276.40200345885705
4678	582159	275.47	275.97	2024-01-12	16.0	5.13	4.4	275.57158535224596
4679	447443	275.99	275.4	2024-01-12	16.0	5.13	4.4	275.57158535224596
4680	171306	275.71	275.85	2024-01-12	16.0	5.13	4.4	275.5728558074079
4681	66420	275.85	275.84	2024-01-12	16.0	5.13	4.4	275.5728558074079
4682	652377	276.45	276.84	2024-01-15	16.0	5.13	4.4	276.553373492129
4683	680228	276.85	276.31	2024-01-15	16.0	5.13	4.4	276.5840891332501
4684	629813	276.31	276.1	2024-01-15	16.0	5.13	4.4	276.40200345885705
4685	158007	275.94	275.99	2024-01-15	16.0	5.13	4.4	275.5728558074079
4686	19344	275.99	275.96	2024-01-15	16.0	5.13	4.4	275.5728558074079
4687	344233	276.22	275.04	2024-01-16	16.0	5.13	4.4	276.40200345885705
4688	553489	275.03	275.27	2024-01-16	16.0	5.13	4.4	275.57158535224596
4689	509419	275.29	275.7	2024-01-16	16.0	5.13	4.4	275.57158535224596
4690	169543	275.72	276.29	2024-01-16	16.0	5.13	4.4	275.5728558074079
4691	34340	276.31	276.01	2024-01-16	16.0	5.13	4.4	276.403273914019
4692	762742	276.02	277.82	2024-01-17	16.0	5.13	4.4	276.40200345885705
4693	1828889	277.83	278.69	2024-01-17	16.0	5.13	4.4	278.09308913611306
4694	605967	278.69	277.7	2024-01-17	16.0	5.13	4.4	279.2478978124981
4695	184847	277.84	278.24	2024-01-17	16.0	5.13	4.4	278.094359591275
4696	43223	278.24	278.0	2024-01-17	16.0	5.13	4.4	278.094359591275
4697	375765	278.24	278.28	2024-01-18	16.0	5.13	4.4	278.09308913611306
4698	643687	278.26	277.51	2024-01-18	16.0	5.13	4.4	278.09308913611306
4699	436394	277.51	277.78	2024-01-18	16.0	5.13	4.4	278.09308913611306
4700	291877	277.51	276.9	2024-01-18	16.0	5.13	4.4	278.094359591275
4701	22445	276.89	277.07	2024-01-18	16.0	5.13	4.4	276.585359588412
4702	543364	277.39	275.83	2024-01-19	16.0	5.13	4.4	278.09308913611306
4703	529028	275.82	275.92	2024-01-19	16.0	5.13	4.4	275.57158535224596
4704	1475185	275.93	275.29	2024-01-19	16.0	5.13	4.4	275.57158535224596
4705	193939	275.02	274.85	2024-01-19	16.0	5.13	4.4	275.5728558074079
4706	63742	274.87	274.86	2024-01-19	16.0	5.13	4.4	274.6320964482085
4707	323428	274.86	274.2	2024-01-22	16.0	5.13	4.4	274.6308259930465
4708	615518	274.2	275.18	2024-01-22	16.0	5.13	4.4	274.3644170181583
4709	373061	275.19	275.01	2024-01-22	16.0	5.13	4.4	275.57158535224596
4710	167521	275.1	274.91	2024-01-22	16.0	5.13	4.4	275.5728558074079
4711	29158	274.91	274.93	2024-01-22	16.0	5.13	4.4	274.6320964482085
4712	238708	274.7	274.9	2024-01-23	16.0	5.13	4.4	274.6320964482085
4713	1113597	274.91	276.41	2024-01-23	16.0	5.13	4.4	274.6308259930465
4714	473264	276.45	276.0	2024-01-23	16.0	5.13	4.4	276.553373492129
4715	167795	276.0	275.9	2024-01-23	16.0	5.13	4.4	276.403273914019
4716	14780	275.9	275.9	2024-01-23	16.0	5.13	4.4	275.5728558074079
4717	222827	275.9	275.25	2024-01-24	16.0	5.13	4.4	275.5728558074079
4718	987976	275.23	274.15	2024-01-24	16.0	5.13	4.4	275.57158535224596
4719	583193	274.15	274.1	2024-01-24	16.0	5.13	4.4	274.3644170181583
4720	177796	274.19	273.95	2024-01-24	16.0	5.13	4.4	274.36568747332024
4721	48581	273.94	273.77	2024-01-24	16.0	5.13	4.4	274.36568747332024
4722	1058597	274.0	272.3	2024-01-25	16.0	5.13	4.4	274.3644170181583
4723	572899	272.3	272.28	2024-01-25	16.0	5.13	4.4	271.2822781869826
4724	598881	272.28	272.96	2024-01-25	16.0	5.13	4.4	271.2822781869826
4725	187582	272.96	272.86	2024-01-25	16.0	5.13	4.4	272.93232884149285
4726	25654	272.85	272.81	2024-01-25	16.0	5.13	4.4	272.93232884149285
4727	233550	273.1	273.58	2024-01-26	16.0	5.13	4.4	273.20185135805644
4728	469916	273.58	273.4	2024-01-26	16.0	5.13	4.4	273.2005809028945
4729	223734	273.4	273.12	2024-01-26	16.0	5.13	4.4	273.20185135805644
4730	150384	273.12	272.85	2024-01-26	16.0	5.13	4.4	273.20185135805644
4731	35541	272.86	272.65	2024-01-26	16.0	5.13	4.4	272.93232884149285
4732	625697	273.02	273.95	2024-01-29	16.0	5.13	4.4	273.2005809028945
4733	488550	273.95	274.46	2024-01-29	16.0	5.13	4.4	274.3644170181583
4734	410087	274.46	273.73	2024-01-29	16.0	5.13	4.4	274.6308259930465
4735	159068	273.73	274.12	2024-01-29	16.0	5.13	4.4	273.20185135805644
4736	26117	274.17	274.05	2024-01-29	16.0	5.13	4.4	274.36568747332024
4737	595374	274.01	275.59	2024-01-30	16.0	5.13	4.4	274.3644170181583
4738	1132660	275.6	275.95	2024-01-30	16.0	5.13	4.4	275.57158535224596
4739	799955	275.94	274.71	2024-01-30	16.0	5.13	4.4	275.57158535224596
4740	156453	274.88	275.35	2024-01-30	16.0	5.13	4.4	274.6320964482085
4741	39173	275.34	275.67	2024-01-30	16.0	5.13	4.4	275.5728558074079
4742	213975	275.84	275.45	2024-01-31	16.0	6.0	4.4	275.5728558074079
4743	443943	275.45	275.7	2024-01-31	16.0	6.0	4.4	275.57158535224596
4744	454841	275.69	275.9	2024-01-31	16.0	6.0	4.4	275.57158535224596
4745	115860	275.61	276.17	2024-01-31	16.0	6.0	4.4	275.5728558074079
4746	25755	276.17	276.0	2024-01-31	16.0	6.0	4.4	276.403273914019
4747	478890	276.03	277.48	2024-02-01	16.0	6.0	4.4	276.40200345885705
4748	460086	277.48	276.78	2024-02-01	16.0	6.0	4.4	278.09308913611306
4749	449142	276.77	277.0	2024-02-01	16.0	6.0	4.4	276.5840891332501
4750	159779	276.82	276.76	2024-02-01	16.0	6.0	4.4	276.585359588412
4751	49776	276.75	276.86	2024-02-01	16.0	6.0	4.4	276.585359588412
4752	247372	277.0	276.44	2024-02-02	16.0	6.0	4.4	276.585359588412
4753	498407	276.44	276.74	2024-02-02	16.0	6.0	4.4	276.553373492129
4754	302467	276.74	276.51	2024-02-02	16.0	6.0	4.4	276.585359588412
4755	138999	276.51	276.54	2024-02-02	16.0	6.0	4.4	276.585359588412
4756	84574	276.52	276.74	2024-02-02	16.0	6.0	4.4	276.585359588412
4757	362368	277.0	277.41	2024-02-05	16.0	6.0	4.4	276.5840891332501
4758	619424	277.4	277.87	2024-02-05	16.0	6.0	4.4	278.09308913611306
4759	505852	277.87	277.26	2024-02-05	16.0	6.0	4.4	278.09308913611306
4760	93855	277.68	277.83	2024-02-05	16.0	6.0	4.4	278.094359591275
4761	24200	277.84	277.84	2024-02-05	16.0	6.0	4.4	278.094359591275
4762	205570	278.0	278.12	2024-02-06	16.0	6.0	4.4	278.094359591275
4763	716653	278.11	278.06	2024-02-06	16.0	6.0	4.4	278.09308913611306
4764	469782	278.06	278.75	2024-02-06	16.0	6.0	4.4	278.09308913611306
4765	179388	278.63	278.5	2024-02-06	16.0	6.0	4.4	279.24916826766
4766	24620	278.5	278.67	2024-02-06	16.0	6.0	4.4	279.24916826766
4767	771227	278.82	280.49	2024-02-07	16.0	6.0	4.4	279.5577392994933
4768	2255372	280.49	283.49	2024-02-07	16.0	6.0	4.4	279.87217813776317
4769	941016	283.49	282.22	2024-02-07	16.0	6.0	4.4	283.175933153422
4770	415575	282.33	283.99	2024-02-07	16.0	6.0	4.4	282.65521916160566
4771	154049	284.0	284.41	2024-02-07	16.0	6.0	4.4	283.429071240685
4772	1661556	284.52	283.16	2024-02-08	16.0	6.0	4.4	283.42780078552306
4773	1160367	283.15	283.24	2024-02-08	16.0	6.0	4.4	283.175933153422
4774	938774	283.23	282.82	2024-02-08	16.0	6.0	4.4	283.175933153422
4775	598040	282.94	282.32	2024-02-08	16.0	6.0	4.4	282.74952392144144
4776	53715	282.29	282.17	2024-02-08	16.0	6.0	4.4	282.6564896167676
4777	647459	282.17	281.84	2024-02-09	16.0	6.0	4.4	282.65521916160566
4778	913479	281.87	283.71	2024-02-09	16.0	6.0	4.4	282.65521916160566
4779	604132	283.72	283.6	2024-02-09	16.0	6.0	4.4	283.42780078552306
4780	196819	283.5	283.43	2024-02-09	16.0	6.0	4.4	283.17720360858397
4781	75145	283.38	283.5	2024-02-09	16.0	6.0	4.4	283.17720360858397
4782	706582	283.66	285.24	2024-02-12	16.0	6.0	4.4	283.42780078552306
4783	1379397	285.25	285.86	2024-02-12	16.0	6.0	4.4	286.70797550527914
4784	1027803	285.85	287.75	2024-02-12	16.0	6.0	4.4	286.70797550527914
4785	242150	287.75	287.24	2024-02-12	16.0	6.0	4.4	286.7092459604411
4786	33075	287.22	287.28	2024-02-12	16.0	6.0	4.4	286.7092459604411
4787	667268	287.52	287.59	2024-02-13	16.0	6.0	4.4	286.70797550527914
4788	1299654	287.58	286.42	2024-02-13	16.0	6.0	4.4	286.70797550527914
4789	1085662	286.42	287.49	2024-02-13	16.0	6.0	4.4	286.70797550527914
4790	249533	287.4	287.02	2024-02-13	16.0	6.0	4.4	286.7092459604411
4791	28623	287.06	287.07	2024-02-13	16.0	6.0	4.4	286.7092459604411
4792	373543	287.07	288.44	2024-02-14	16.0	6.0	4.4	286.70797550527914
4793	1971788	288.44	289.73	2024-02-14	16.0	6.0	4.4	289.67257614238787
4794	884448	289.68	289.7	2024-02-14	16.0	6.0	4.4	289.67257614238787
4795	316920	289.37	289.03	2024-02-14	16.0	6.0	4.4	289.67257614238787
4796	40657	289.04	289.06	2024-02-14	16.0	6.0	4.4	289.6738465975498
4797	754259	289.3	288.28	2024-02-15	16.0	6.0	4.4	289.67257614238787
4798	837974	288.27	289.3	2024-02-15	16.0	6.0	4.4	289.67257614238787
4799	719602	289.33	290.0	2024-02-15	16.0	6.0	4.4	289.67257614238787
4800	219760	289.8	290.06	2024-02-15	16.0	6.0	4.4	289.6738465975498
4801	59634	290.07	290.24	2024-02-15	16.0	6.0	4.4	289.6976585407777
4802	805773	290.47	291.8	2024-02-16	16.0	6.0	4.4	290.57061057134536
4803	1983903	291.8	289.19	2024-02-16	16.0	6.0	4.4	290.86255985163643
4804	2004771	289.19	288.0	2024-02-16	16.0	6.0	4.4	289.67257614238787
4805	474827	288.0	287.99	2024-02-16	16.0	6.0	4.4	286.70797550527914
4806	75421	287.99	288.33	2024-02-16	16.0	6.0	4.4	286.7092459604411
4807	754668	288.51	288.48	2024-02-19	16.0	6.0	4.4	289.67257614238787
4808	967981	288.49	289.5	2024-02-19	16.0	6.0	4.4	289.67257614238787
4809	501303	289.5	289.0	2024-02-19	16.0	6.0	4.4	289.67257614238787
4810	179648	289.1	289.27	2024-02-19	16.0	6.0	4.4	289.6738465975498
4811	26706	289.28	288.93	2024-02-19	16.0	6.0	4.4	289.6738465975498
4812	337171	289.2	288.33	2024-02-20	16.0	6.0	4.4	289.67257614238787
4813	1025501	288.36	287.35	2024-02-20	16.0	6.0	4.4	289.67257614238787
4814	1458317	287.33	287.17	2024-02-20	16.0	6.0	4.4	286.70797550527914
4815	1565006	287.14	284.3	2024-02-20	16.0	6.0	4.4	286.70797550527914
4816	109008	284.33	283.9	2024-02-20	16.0	6.0	4.4	283.429071240685
4817	1181260	283.9	283.51	2024-02-21	16.0	6.0	4.4	283.42780078552306
4818	1792145	283.51	281.0	2024-02-21	16.0	6.0	4.4	283.175933153422
4819	1419659	281.0	281.55	2024-02-21	16.0	6.0	4.4	279.87217813776317
4820	407729	281.55	281.86	2024-02-21	16.0	6.0	4.4	282.65521916160566
4821	77666	281.88	282.0	2024-02-21	16.0	6.0	4.4	282.6564896167676
4822	680596	282.1	282.98	2024-02-22	16.0	6.0	4.4	282.65521916160566
4823	699386	282.95	284.27	2024-02-22	16.0	6.0	4.4	282.74952392144144
4824	694245	284.27	282.74	2024-02-22	16.0	6.0	4.4	283.42780078552306
4825	323068	282.1	284.25	2024-02-22	16.0	6.0	4.4	282.65521916160566
4826	120217	284.23	284.77	2024-02-22	16.0	6.0	4.4	283.429071240685
4827	1155950	288.52	288.03	2024-02-26	16.0	6.0	4.4	289.67257614238787
4828	1750272	288.03	289.91	2024-02-26	16.0	6.0	4.4	289.67257614238787
4829	788919	289.9	290.7	2024-02-26	16.0	6.0	4.4	289.67257614238787
4830	436129	290.7	290.98	2024-02-26	16.0	6.0	4.4	290.86255985163643
4831	165683	290.98	291.25	2024-02-26	16.0	6.0	4.4	290.8638303067984
4832	845466	291.35	292.93	2024-02-27	16.0	6.0	4.4	290.86255985163643
4833	1214941	292.94	290.74	2024-02-27	16.0	6.0	4.4	292.2066214647092
4834	840256	290.74	292.52	2024-02-27	16.0	6.0	4.4	290.86255985163643
4835	295597	292.5	292.63	2024-02-27	16.0	6.0	4.4	292.20789191987114
4836	51279	292.63	292.52	2024-02-27	16.0	6.0	4.4	292.20789191987114
4837	1080449	292.6	293.29	2024-02-28	16.0	6.0	4.6	292.2066214647092
4838	2647512	293.29	291.58	2024-02-28	16.0	6.0	4.6	292.2066214647092
4839	851869	291.59	292.81	2024-02-28	16.0	6.0	4.6	290.86255985163643
4840	273216	292.8	291.61	2024-02-28	16.0	6.0	4.6	292.20789191987114
4841	78962	291.61	291.75	2024-02-28	16.0	6.0	4.6	290.8638303067984
4842	316077	292.31	291.5	2024-02-29	16.0	6.68	4.6	292.2066214647092
4843	844996	291.5	292.6	2024-02-29	16.0	6.68	4.6	290.86255985163643
4844	717533	292.6	293.0	2024-02-29	16.0	6.68	4.6	292.2066214647092
4845	336728	293.0	292.28	2024-02-29	16.0	6.68	4.6	292.2066214647092
4846	23393	292.28	292.19	2024-02-29	16.0	6.68	4.6	292.20789191987114
4847	356478	292.2	292.93	2024-03-01	16.0	6.68	4.6	292.2066214647092
4848	426438	292.95	292.99	2024-03-01	16.0	6.68	4.6	292.2066214647092
4849	1300458	292.99	294.44	2024-03-01	16.0	6.68	4.6	292.2066214647092
4850	410049	294.37	295.27	2024-03-01	16.0	6.68	4.6	294.75626276651997
4851	217953	295.27	295.38	2024-03-01	16.0	6.68	4.6	295.36055721959167
4852	952437	295.87	296.98	2024-03-04	16.0	6.68	4.6	295.7022689510488
4853	1514547	296.99	298.65	2024-03-04	16.0	6.68	4.6	296.49938163432245
4854	1244939	298.65	298.97	2024-03-04	16.0	6.68	4.6	298.7860818022299
4855	257872	298.71	299.12	2024-03-04	16.0	6.68	4.6	298.78735225739183
4856	89201	299.12	299.17	2024-03-04	16.0	6.68	4.6	298.78735225739183
4857	1537248	299.33	297.81	2024-03-05	16.0	6.68	4.6	298.7860818022299
4858	1097290	297.82	299.43	2024-03-05	16.0	6.68	4.6	296.49938163432245
4859	1194249	299.44	298.7	2024-03-05	16.0	6.68	4.6	298.7860818022299
4860	290602	298.72	298.55	2024-03-05	16.0	6.68	4.6	298.78735225739183
4861	56080	298.58	298.4	2024-03-05	16.0	6.68	4.6	298.78735225739183
4862	615284	298.2	298.15	2024-03-06	16.0	6.68	4.6	298.7860818022299
4863	619375	298.13	298.68	2024-03-06	16.0	6.68	4.6	298.7860818022299
4864	344135	298.68	298.15	2024-03-06	16.0	6.68	4.6	298.7860818022299
4865	139874	298.1	298.06	2024-03-06	16.0	6.68	4.6	298.78735225739183
4866	56949	298.06	297.71	2024-03-06	16.0	6.68	4.6	298.78735225739183
4867	367537	297.72	298.68	2024-03-07	16.0	6.68	4.6	296.49938163432245
4868	716836	298.68	298.84	2024-03-07	16.0	6.68	4.6	298.7860818022299
4869	579001	298.85	299.38	2024-03-07	16.0	6.68	4.6	298.7860818022299
4870	272964	299.38	299.54	2024-03-07	16.0	6.68	4.6	298.78735225739183
4871	261941	299.53	300.4	2024-03-07	16.0	6.68	4.6	298.78735225739183
4872	1011395	301.0	302.39	2024-03-11	16.0	6.68	4.6	300.7419686763692
4873	1925203	302.39	301.05	2024-03-11	16.0	6.68	4.6	301.65261407278626
4874	850691	301.05	300.05	2024-03-11	16.0	6.68	4.6	300.7419686763692
4875	214005	300.05	300.16	2024-03-11	16.0	6.68	4.6	300.74323913153114
4876	176900	300.17	299.79	2024-03-11	16.0	6.68	4.6	300.74323913153114
4877	1015166	299.6	299.33	2024-03-12	16.0	6.68	4.6	298.7860818022299
4878	831837	299.34	300.49	2024-03-12	16.0	6.68	4.6	298.7860818022299
4879	707532	300.49	300.4	2024-03-12	16.0	6.68	4.6	300.7419686763692
4880	287493	300.4	300.94	2024-03-12	16.0	6.68	4.6	300.74323913153114
4881	32370	300.94	300.9	2024-03-12	16.0	6.68	4.6	300.74323913153114
4882	343547	301.2	300.25	2024-03-13	16.0	6.68	4.6	300.7419686763692
4883	858927	300.25	300.0	2024-03-13	16.0	6.68	4.6	300.7419686763692
4884	838923	300.0	300.1	2024-03-13	16.0	6.68	4.6	300.7419686763692
4885	311714	299.99	298.94	2024-03-13	16.0	6.68	4.6	300.7419686763692
4886	48099	298.94	298.85	2024-03-13	16.0	6.68	4.6	298.78735225739183
4887	1214308	298.5	296.61	2024-03-14	16.0	6.68	4.6	298.7860818022299
4888	1523327	296.61	297.05	2024-03-14	16.0	6.68	4.6	296.49938163432245
4889	1154180	297.04	296.28	2024-03-14	16.0	6.68	4.6	296.49938163432245
4890	239035	295.9	296.08	2024-03-14	16.0	6.68	4.6	296.5006520894844
4891	83663	296.08	295.83	2024-03-14	16.0	6.68	4.6	296.5006520894844
4892	503161	295.71	296.76	2024-03-15	16.0	6.68	4.6	295.7022689510488
4893	1000986	296.76	299.16	2024-03-15	16.0	6.68	4.6	296.49938163432245
4894	732721	299.16	298.6	2024-03-15	16.0	6.68	4.6	298.7860818022299
4895	281764	298.61	298.4	2024-03-15	16.0	6.68	4.6	298.78735225739183
4896	82204	298.39	298.3	2024-03-15	16.0	6.68	4.6	298.78735225739183
4897	644179	299.4	298.88	2024-03-18	16.0	6.68	4.6	298.7860818022299
4898	584660	298.86	299.7	2024-03-18	16.0	6.68	4.6	298.7860818022299
4899	583252	299.7	299.11	2024-03-18	16.0	6.68	4.6	298.7860818022299
4900	192841	299.0	299.19	2024-03-18	16.0	6.68	4.6	298.78735225739183
4901	23254	299.19	298.87	2024-03-18	16.0	6.68	4.6	298.78735225739183
4902	322217	298.3	298.6	2024-03-19	16.0	6.68	4.6	298.7860818022299
4903	1135727	298.6	297.21	2024-03-19	16.0	6.68	4.6	298.7860818022299
4904	3870274	297.24	295.7	2024-03-19	16.0	6.68	4.6	296.1983145688539
4905	563203	295.69	295.15	2024-03-19	16.0	6.68	4.6	295.7022689510488
4906	80073	295.15	295.2	2024-03-19	16.0	6.68	4.6	295.2854614670757
4907	615312	295.3	296.5	2024-03-20	16.0	6.68	4.6	295.7022689510488
4908	1213192	296.5	295.1	2024-03-20	16.0	6.68	4.6	296.49938163432245
4909	958706	295.1	295.0	2024-03-20	16.0	6.68	4.6	295.2841910119138
4910	231169	294.56	295.07	2024-03-20	16.0	6.68	4.6	294.7575332216819
4911	51944	295.02	295.4	2024-03-20	16.0	6.68	4.6	295.2854614670757
4912	541412	295.99	296.8	2024-03-21	16.0	6.68	4.6	296.49938163432245
4913	1358508	296.81	294.49	2024-03-21	16.0	6.68	4.6	296.49938163432245
4914	4784117	294.5	295.99	2024-03-21	16.0	6.68	4.6	294.7674762211539
4915	363629	295.98	295.84	2024-03-21	16.0	6.68	4.6	296.49938163432245
4916	20414	295.83	295.62	2024-03-21	16.0	6.68	4.6	295.7035394062107
4917	382074	295.77	296.04	2024-03-22	16.0	6.68	4.6	295.7022689510488
4918	1150144	296.04	296.14	2024-03-22	16.0	6.68	4.6	296.49938163432245
4919	884771	296.15	295.44	2024-03-22	16.0	6.68	4.6	296.49938163432245
4920	2189375	295.26	292.48	2024-03-22	16.0	6.68	4.6	295.2841910119138
4921	291846	292.47	292.99	2024-03-22	16.0	6.68	4.6	292.20789191987114
4922	547174	294.0	293.71	2024-03-25	16.0	6.68	4.6	294.75626276651997
4923	951709	293.72	293.38	2024-03-25	16.0	6.68	4.6	294.75626276651997
4924	803821	293.39	294.3	2024-03-25	16.0	6.68	4.6	292.2066214647092
4925	216760	294.1	293.95	2024-03-25	16.0	6.68	4.6	294.7575332216819
4926	37318	293.95	293.9	2024-03-25	16.0	6.68	4.6	294.7575332216819
4927	401348	294.5	295.1	2024-03-26	16.0	6.68	4.6	294.75626276651997
4928	559502	295.1	293.8	2024-03-26	16.0	6.68	4.6	295.2841910119138
4929	504079	293.8	293.84	2024-03-26	16.0	6.68	4.6	294.75626276651997
4930	139464	293.9	294.02	2024-03-26	16.0	6.68	4.6	294.7575332216819
4931	25797	294.0	294.11	2024-03-26	16.0	6.68	4.6	294.7575332216819
4932	279103	294.47	294.71	2024-03-27	16.0	6.68	4.6	294.7575332216819
4933	487625	294.71	293.91	2024-03-27	16.0	6.68	4.6	294.75626276651997
4934	461091	293.91	294.92	2024-03-27	16.0	6.68	4.6	294.75626276651997
4935	175046	294.63	294.9	2024-03-27	16.0	6.68	4.6	294.7575332216819
4936	53144	294.89	295.1	2024-03-27	16.0	6.68	4.6	294.7575332216819
4937	1007696	295.5	297.5	2024-03-28	16.0	6.68	4.6	295.7022689510488
4938	1375251	297.51	298.16	2024-03-28	16.0	6.68	4.6	296.49938163432245
4939	675675	298.2	298.69	2024-03-28	16.0	6.68	4.6	298.7860818022299
4940	266955	298.69	298.92	2024-03-28	16.0	6.68	4.6	298.78735225739183
4941	41939	298.91	299.0	2024-03-28	16.0	6.68	4.6	298.78735225739183
4942	457964	299.38	298.56	2024-03-29	16.0	6.68	4.6	298.7860818022299
4943	600670	298.56	298.45	2024-03-29	16.0	6.68	4.6	298.7860818022299
4944	461929	298.45	298.9	2024-03-29	16.0	6.68	4.6	298.7860818022299
4945	184656	298.89	298.88	2024-03-29	16.0	6.68	4.6	298.78735225739183
4946	65376	298.88	298.72	2024-03-29	16.0	6.68	4.6	298.78735225739183
4947	1066402	300.0	300.84	2024-04-01	16.0	7.47	4.6	300.7419686763692
4948	959368	300.84	300.05	2024-04-01	16.0	7.47	4.6	300.7419686763692
4949	602610	300.05	299.76	2024-04-01	16.0	7.47	4.6	300.7419686763692
4950	183154	299.62	300.26	2024-04-01	16.0	7.47	4.6	298.78735225739183
4951	54753	300.26	300.43	2024-04-01	16.0	7.47	4.6	300.74323913153114
4952	506859	300.43	299.73	2024-04-02	16.0	7.47	4.6	300.7419686763692
4953	657261	299.7	300.42	2024-04-02	16.0	7.47	4.6	298.7860818022299
4954	544441	300.43	300.55	2024-04-02	16.0	7.47	4.6	300.7419686763692
4955	262987	300.9	300.35	2024-04-02	16.0	7.47	4.6	300.74323913153114
4956	26498	300.35	300.38	2024-04-02	16.0	7.47	4.6	300.74323913153114
4957	422988	300.4	301.84	2024-04-03	16.0	7.47	7.7	300.7419686763692
4958	1264222	301.83	302.6	2024-04-03	16.0	7.47	7.7	301.65261407278626
4959	3500295	302.6	306.2	2024-04-03	16.0	7.47	7.7	303.305775012541
4960	531721	306.2	306.83	2024-04-03	16.0	7.47	7.7	307.12715807638085
4961	103672	306.84	306.72	2024-04-03	16.0	7.47	7.7	307.1284285315428
4962	1050064	306.8	305.62	2024-04-04	16.0	7.47	7.7	307.12715807638085
4963	934677	305.63	305.01	2024-04-04	16.0	7.47	7.7	306.0513641923781
4964	528125	305.0	305.94	2024-04-04	16.0	7.47	7.7	304.7040664256865
4965	338923	305.88	304.57	2024-04-04	16.0	7.47	7.7	306.0513641923781
4966	55701	304.56	304.61	2024-04-04	16.0	7.47	7.7	304.70533688084845
4967	426152	304.62	305.06	2024-04-05	16.0	7.47	7.7	304.7040664256865
4968	784853	305.01	305.9	2024-04-05	16.0	7.47	7.7	304.7040664256865
4969	454748	305.93	305.7	2024-04-05	16.0	7.47	7.7	306.0513641923781
4970	214512	305.7	305.98	2024-04-05	16.0	7.47	7.7	306.05263464754006
4971	55334	305.99	306.1	2024-04-05	16.0	7.47	7.7	306.05263464754006
4972	932737	306.5	307.79	2024-04-08	16.0	7.47	7.7	307.12715807638085
4973	840729	307.78	306.57	2024-04-08	16.0	7.47	7.7	308.0157541564798
4974	488960	306.56	306.92	2024-04-08	16.0	7.47	7.7	307.12715807638085
4975	190145	307.29	307.85	2024-04-08	16.0	7.47	7.7	307.1284285315428
4976	37390	307.85	307.75	2024-04-08	16.0	7.47	7.7	308.0170246116417
4977	813019	308.1	308.83	2024-04-09	16.0	7.47	7.7	308.0157541564798
4978	1009342	308.83	307.04	2024-04-09	16.0	7.47	7.7	309.02420153444245
4979	1169959	307.04	307.03	2024-04-09	16.0	7.47	7.7	307.12715807638085
4980	155807	307.03	307.09	2024-04-09	16.0	7.47	7.7	307.1284285315428
4981	56317	307.09	306.76	2024-04-09	16.0	7.47	7.7	307.1284285315428
4982	636135	306.76	305.24	2024-04-10	16.0	7.47	7.7	307.12715807638085
4983	663507	305.22	306.81	2024-04-10	16.0	7.47	7.7	306.0513641923781
4984	552013	306.8	306.89	2024-04-10	16.0	7.47	7.7	307.12715807638085
4985	191580	306.89	306.59	2024-04-10	16.0	7.47	7.7	307.1284285315428
4986	24983	306.58	306.48	2024-04-10	16.0	7.47	7.7	307.1284285315428
4987	452547	306.7	306.85	2024-04-11	16.0	7.47	7.7	307.12715807638085
4988	634843	306.84	305.75	2024-04-11	16.0	7.47	7.7	307.12715807638085
4989	820591	305.75	307.33	2024-04-11	16.0	7.47	7.7	306.0513641923781
4990	119976	307.32	306.84	2024-04-11	16.0	7.47	7.7	307.1284285315428
4991	23743	306.84	306.95	2024-04-11	16.0	7.47	7.7	307.1284285315428
4992	224809	307.4	306.94	2024-04-12	16.0	7.47	7.7	307.1284285315428
4993	486758	306.94	307.12	2024-04-12	16.0	7.47	7.7	307.12715807638085
4994	622134	307.12	306.8	2024-04-12	16.0	7.47	7.7	307.12715807638085
4995	226494	306.8	306.99	2024-04-12	16.0	7.47	7.7	307.1284285315428
4996	42335	307.0	307.1	2024-04-12	16.0	7.47	7.7	307.1284285315428
4997	450047	307.47	307.71	2024-04-15	16.0	7.47	7.7	307.3559472093278
4998	618974	307.72	307.12	2024-04-15	16.0	7.47	7.7	308.0157541564798
4999	783865	307.08	308.0	2024-04-15	16.0	7.47	7.7	307.12715807638085
5000	200371	307.95	307.78	2024-04-15	16.0	7.47	7.7	308.0170246116417
5001	21394	307.78	307.99	2024-04-15	16.0	7.47	7.7	308.0170246116417
5002	376216	308.0	307.85	2024-04-16	16.0	7.47	7.7	308.0157541564798
5003	617044	307.86	307.2	2024-04-16	16.0	7.47	7.7	308.0157541564798
5004	538034	307.22	307.97	2024-04-16	16.0	7.47	7.7	307.12715807638085
5005	163512	308.07	308.19	2024-04-16	16.0	7.47	7.7	308.0170246116417
5006	18779	308.19	308.29	2024-04-16	16.0	7.47	7.7	308.0170246116417
5007	534576	308.65	308.95	2024-04-17	16.0	7.47	7.7	309.02420153444245
5008	1111505	308.94	306.52	2024-04-17	16.0	7.47	7.7	309.02420153444245
5009	962622	306.52	306.43	2024-04-17	16.0	7.47	7.7	307.12715807638085
5010	175784	306.38	306.6	2024-04-17	16.0	7.47	7.7	307.1284285315428
5011	38246	306.65	306.59	2024-04-17	16.0	7.47	7.7	307.1284285315428
5012	410907	306.01	306.59	2024-04-18	16.0	7.47	7.7	306.0513641923781
5013	656779	306.58	306.9	2024-04-18	16.0	7.47	7.7	307.12715807638085
5014	793428	306.89	308.16	2024-04-18	16.0	7.47	7.7	307.12715807638085
5015	154910	308.14	307.96	2024-04-18	16.0	7.47	7.7	308.0170246116417
5016	22732	307.96	307.99	2024-04-18	16.0	7.47	7.7	308.0170246116417
5017	208456	308.0	307.58	2024-04-19	16.0	7.47	7.7	308.0170246116417
5018	542940	307.59	307.01	2024-04-19	16.0	7.47	7.7	308.0157541564798
5019	475496	307.0	307.9	2024-04-19	16.0	7.47	7.7	307.12715807638085
5020	173141	307.9	307.75	2024-04-19	16.0	7.47	7.7	308.0170246116417
5021	56999	307.76	307.38	2024-04-19	16.0	7.47	7.7	308.0170246116417
5022	466028	308.0	307.86	2024-04-22	16.0	7.47	7.7	308.0157541564798
5023	515361	307.86	307.79	2024-04-22	16.0	7.47	7.7	308.0157541564798
5024	4338464	307.79	313.3	2024-04-22	16.0	7.47	7.7	307.7146870910112
5025	1292353	313.4	314.2	2024-04-22	16.0	7.47	7.7	311.90210908572953
5026	288463	314.2	314.99	2024-04-22	16.0	7.47	7.7	314.9429082335362
5027	1168316	315.39	313.9	2024-04-23	16.0	7.47	7.7	315.4699941562666
5028	5326698	313.87	309.88	2024-04-23	16.0	7.47	7.7	315.65081110556235
5029	1808389	309.89	308.3	2024-04-23	16.0	7.47	7.7	309.85344409643415
5030	755273	308.3	306.99	2024-04-23	16.0	7.47	7.7	308.0157541564798
5031	227687	306.98	307.39	2024-04-23	16.0	7.47	7.7	307.1284285315428
5032	787684	307.5	309.2	2024-04-24	16.0	7.47	7.7	308.0157541564798
5033	1187116	309.2	309.17	2024-04-24	16.0	7.47	7.7	309.1010167911268
5034	518525	309.17	307.86	2024-04-24	16.0	7.47	7.7	309.1010167911268
5035	134412	308.28	308.0	2024-04-24	16.0	7.47	7.7	308.0170246116417
5036	28012	307.99	307.94	2024-04-24	16.0	7.47	7.7	308.0170246116417
5037	302684	307.95	307.52	2024-04-25	16.0	7.47	7.7	308.0170246116417
5038	654869	307.52	308.1	2024-04-25	16.0	7.47	7.7	308.0157541564798
5039	512267	308.11	308.4	2024-04-25	16.0	7.47	7.7	308.0157541564798
5040	103019	308.4	308.46	2024-04-25	16.0	7.47	7.7	308.0170246116417
5041	21837	308.46	308.41	2024-04-25	16.0	7.47	7.7	308.0170246116417
5042	320732	308.5	309.48	2024-04-26	16.0	7.47	7.7	309.02420153444245
5043	962837	309.5	308.53	2024-04-26	16.0	7.47	7.7	309.85344409643415
5044	634211	308.53	309.15	2024-04-26	16.0	7.47	7.7	309.02420153444245
5045	145768	309.01	309.38	2024-04-26	16.0	7.47	7.7	309.10228724628877
5046	51088	309.39	309.0	2024-04-26	16.0	7.47	7.7	309.10228724628877
5047	175935	309.25	309.43	2024-04-27	16.0	7.47	4.2	309.10228724628877
5048	448012	309.43	309.51	2024-04-27	16.0	7.47	4.2	309.8378781292225
5049	466318	309.51	309.47	2024-04-27	16.0	7.47	4.2	309.8378781292225
5050	167532	309.11	308.91	2024-04-27	16.0	7.47	4.2	309.10228724628877
5051	53309	308.92	308.98	2024-04-27	16.0	7.47	4.2	309.0254719896044
5052	110886	309.14	309.21	2024-04-29	16.0	7.47	4.2	309.10228724628877
5053	508327	309.21	308.26	2024-04-29	16.0	7.47	4.2	309.08545082391515
5054	226505	308.25	308.38	2024-04-29	16.0	7.47	4.2	308.0170246116417
5055	139802	308.65	308.94	2024-04-29	16.0	7.47	4.2	309.0254719896044
5056	17049	308.94	308.97	2024-04-29	16.0	7.47	4.2	309.0254719896044
5057	123652	309.19	308.6	2024-04-30	16.0	7.42	4.2	309.10228724628877
5058	213858	308.6	308.11	2024-04-30	16.0	7.42	4.2	309.0254719896044
5059	182566	308.11	308.43	2024-04-30	16.0	7.42	4.2	308.0170246116417
5060	53495	308.51	308.44	2024-04-30	16.0	7.42	4.2	309.0254719896044
5061	24498	308.45	308.24	2024-04-30	16.0	7.42	4.2	308.0170246116417
5062	179670	308.7	308.39	2024-05-02	16.0	7.42	4.2	309.0254719896044
5063	488771	308.39	308.19	2024-05-02	16.0	7.42	4.2	308.0001881892681
5064	810858	308.18	307.1	2024-05-02	16.0	7.42	4.2	308.0001881892681
5065	126304	307.1	307.44	2024-05-02	16.0	7.42	4.2	307.1284285315428
5066	20649	307.43	307.37	2024-05-02	16.0	7.42	4.2	307.3572176644897
5067	354086	307.11	306.35	2024-05-03	16.0	7.42	4.2	307.1115921091692
5068	1435765	306.35	306.74	2024-05-03	16.0	7.42	4.2	307.1115921091692
5069	820082	306.76	307.84	2024-05-03	16.0	7.42	4.2	307.1115921091692
5070	385796	307.84	307.72	2024-05-03	16.0	7.42	4.2	308.0001881892681
5071	50970	307.73	307.53	2024-05-03	16.0	7.42	4.2	308.0170246116417
5072	361198	308.1	307.64	2024-05-06	16.0	7.42	4.2	308.0001881892681
5073	817284	307.65	306.6	2024-05-06	16.0	7.42	4.2	308.0001881892681
5074	464628	306.58	306.97	2024-05-06	16.0	7.42	4.2	307.1115921091692
5075	242434	306.61	306.38	2024-05-06	16.0	7.42	4.2	307.1284285315428
5076	34811	306.37	306.01	2024-05-06	16.0	7.42	4.2	307.1284285315428
5077	432787	306.23	307.25	2024-05-07	16.0	7.42	4.2	307.1115921091692
5078	301645	307.25	307.2	2024-05-07	16.0	7.42	4.2	307.1284285315428
5079	710642	307.2	308.39	2024-05-07	16.0	7.42	4.2	307.1115921091692
5080	190407	308.39	308.39	2024-05-07	16.0	7.42	4.2	308.0170246116417
5081	26200	308.39	308.22	2024-05-07	16.0	7.42	4.2	308.0170246116417
5082	546972	308.41	309.51	2024-05-08	16.0	7.42	4.2	308.0001881892681
5083	2090011	309.51	311.1	2024-05-08	16.0	7.42	4.2	309.8378781292225
5084	544874	311.1	310.9	2024-05-08	16.0	7.42	4.2	311.14509992205745
5085	150511	311.45	311.25	2024-05-08	16.0	7.42	4.2	311.3804994513514
5086	55772	311.25	311.21	2024-05-08	16.0	7.42	4.2	311.16193634443107
5087	550606	311.5	312.78	2024-05-10	16.0	7.42	4.2	311.3636630289778
5088	633201	312.78	313.08	2024-05-10	16.0	7.42	4.2	311.88654311851786
5089	281137	313.07	312.98	2024-05-10	16.0	7.42	4.2	311.9033795408915
5090	154534	312.98	313.37	2024-05-10	16.0	7.42	4.2	311.9033795408915
5091	52087	313.39	313.49	2024-05-10	16.0	7.42	4.2	311.9033795408915
5092	551490	314.1	315.0	2024-05-13	16.0	7.42	4.2	314.92607181116256
5093	879096	315.0	315.17	2024-05-13	16.0	7.42	4.2	315.0256834802191
5094	502235	315.17	315.01	2024-05-13	16.0	7.42	4.2	315.0256834802191
5095	207291	315.01	314.99	2024-05-13	16.0	7.42	4.2	315.0425199025927
5096	31134	314.98	314.85	2024-05-13	16.0	7.42	4.2	315.0425199025927
5097	463011	315.0	314.68	2024-05-14	16.0	7.42	4.2	315.0256834802191
5098	542738	314.69	315.31	2024-05-14	16.0	7.42	4.2	315.0256834802191
5099	2192281	315.31	318.1	2024-05-14	16.0	7.42	4.2	315.4544281890549
5100	279444	318.1	318.1	2024-05-14	16.0	7.42	4.2	317.90813887882626
5101	47258	318.1	318.12	2024-05-14	16.0	7.42	4.2	317.90813887882626
5102	941155	318.2	319.8	2024-05-15	16.0	7.42	4.2	317.89130245645265
5103	1059045	319.8	319.33	2024-05-15	16.0	7.42	4.2	318.8879244654357
5104	612666	319.34	320.0	2024-05-15	16.0	7.42	4.2	318.8879244654357
5105	193478	319.51	319.64	2024-05-15	16.0	7.42	4.2	318.9047608878093
5106	28838	319.64	319.7	2024-05-15	16.0	7.42	4.2	318.9047608878093
5107	442752	320.0	320.69	2024-05-16	16.0	7.42	4.2	318.8879244654357
5108	661440	320.69	320.94	2024-05-16	16.0	7.42	4.2	318.8879244654357
5109	1349769	320.91	322.18	2024-05-16	16.0	7.42	4.2	322.4589832773399
5110	267871	322.18	322.6	2024-05-16	16.0	7.42	4.2	322.4758196997135
5111	62890	322.6	322.91	2024-05-16	16.0	7.42	4.2	322.4758196997135
5112	453199	322.96	321.77	2024-05-17	16.0	7.42	4.2	322.67173870532764
5113	929148	321.77	322.62	2024-05-17	16.0	7.42	4.2	322.4589832773399
5114	755483	322.63	322.96	2024-05-17	16.0	7.42	4.2	322.4589832773399
5115	228586	323.25	322.84	2024-05-17	16.0	7.42	4.2	323.46288359686537
5116	73443	322.83	323.16	2024-05-17	16.0	7.42	4.2	322.68857512770126
5117	647586	324.0	322.31	2024-05-20	16.0	7.42	4.2	323.8075601091907
5118	1493791	322.31	321.53	2024-05-20	16.0	7.42	4.2	322.4589832773399
5119	875433	321.53	320.94	2024-05-20	16.0	7.42	4.2	322.4589832773399
5120	630415	321.7	320.87	2024-05-20	16.0	7.42	4.2	322.4589832773399
5121	26454	320.83	321.08	2024-05-20	16.0	7.42	4.2	322.4758196997135
5122	326776	320.88	321.13	2024-05-21	16.0	7.42	4.2	322.4589832773399
5123	1313861	321.14	319.49	2024-05-21	16.0	7.42	4.2	322.4589832773399
5124	1504584	319.49	319.8	2024-05-21	16.0	7.42	4.2	318.8879244654357
5125	218628	319.8	320.29	2024-05-21	16.0	7.42	4.2	318.9047608878093
5126	38097	320.27	320.64	2024-05-21	16.0	7.42	4.2	318.9047608878093
5127	427251	320.8	321.82	2024-05-22	16.0	7.42	4.2	322.4589832773399
5128	614675	321.82	322.25	2024-05-22	16.0	7.42	4.2	322.4589832773399
5129	620726	322.25	322.86	2024-05-22	16.0	7.42	4.2	322.4589832773399
5130	176002	322.89	322.79	2024-05-22	16.0	7.42	4.2	322.68857512770126
5131	26530	322.79	322.93	2024-05-22	16.0	7.42	4.2	322.68857512770126
5132	272379	322.8	322.6	2024-05-23	16.0	7.42	4.2	322.68857512770126
5133	491585	322.59	322.07	2024-05-23	16.0	7.42	4.2	322.4589832773399
5134	839463	322.06	323.9	2024-05-23	16.0	7.42	4.2	322.4589832773399
5135	144980	323.9	323.62	2024-05-23	16.0	7.42	4.2	323.82439653156433
5136	38142	323.58	323.54	2024-05-23	16.0	7.42	4.2	323.46288359686537
5137	336089	323.83	322.98	2024-05-24	16.0	7.42	4.2	323.7376816493098
5138	1007461	322.98	320.42	2024-05-24	16.0	7.42	4.2	322.67173870532764
5139	1103477	320.42	321.3	2024-05-24	16.0	7.42	4.2	318.8879244654357
5140	163268	321.6	321.33	2024-05-24	16.0	7.42	4.2	322.4758196997135
5141	49175	321.33	321.0	2024-05-24	16.0	7.42	4.2	322.4758196997135
5142	542479	321.01	320.0	2024-05-27	16.0	7.42	4.2	322.4589832773399
5143	1500258	320.0	319.34	2024-05-27	16.0	7.42	4.2	318.8879244654357
5144	1924879	319.34	316.44	2024-05-27	16.0	7.42	4.2	318.8879244654357
5145	534556	316.44	317.38	2024-05-27	16.0	7.42	4.2	315.71756900843553
5146	69124	317.34	317.09	2024-05-27	16.0	7.42	4.2	317.90813887882626
5147	778907	317.5	319.88	2024-05-28	16.0	7.42	4.2	317.89130245645265
5148	990573	319.88	320.1	2024-05-28	16.0	7.42	4.2	318.8879244654357
5149	802955	320.1	317.78	2024-05-28	16.0	7.42	4.2	318.8879244654357
5150	381168	317.78	318.1	2024-05-28	16.0	7.42	4.2	317.89130245645265
5151	65176	318.1	318.22	2024-05-28	16.0	7.42	4.2	317.90813887882626
5152	529491	318.25	316.89	2024-05-29	16.0	7.42	4.2	317.89130245645265
5153	505320	316.89	316.91	2024-05-29	16.0	7.42	4.2	317.89130245645265
5154	990450	316.9	320.35	2024-05-29	16.0	7.42	4.2	317.89130245645265
5155	241364	320.07	319.92	2024-05-29	16.0	7.42	4.2	318.9047608878093
5156	32301	319.93	320.38	2024-05-29	16.0	7.42	4.2	318.9047608878093
5157	396090	320.91	320.72	2024-05-30	16.0	7.42	4.2	322.4589832773399
5158	619640	320.75	319.24	2024-05-30	16.0	7.42	4.2	318.8879244654357
5159	997284	319.25	318.0	2024-05-30	16.0	7.42	4.2	318.8879244654357
5160	544999	317.5	316.38	2024-05-30	16.0	7.42	4.2	317.89130245645265
5161	142526	316.33	316.63	2024-05-30	16.0	7.42	4.2	315.73440543080915
5162	652469	316.0	316.11	2024-05-31	16.0	7.42	4.2	315.71756900843553
5163	1238655	316.14	316.68	2024-05-31	16.0	7.42	4.2	315.71756900843553
5164	871581	316.69	314.48	2024-05-31	16.0	7.42	4.2	315.71756900843553
5165	1989523	314.48	312.42	2024-05-31	16.0	7.42	4.2	314.92607181116256
5166	168417	312.41	313.11	2024-05-31	16.0	7.42	4.2	311.7581528588677
5167	792013	313.5	311.99	2024-06-03	16.0	7.42	4.2	311.88654311851786
5168	3268985	311.94	306.29	2024-06-03	16.0	7.42	4.2	311.26788340827056
5169	1757498	306.3	310.27	2024-06-03	16.0	7.42	4.2	307.1115921091692
5170	293111	310.01	309.87	2024-06-03	16.0	7.42	4.2	309.8547145515961
5171	74470	309.86	310.95	2024-06-03	16.0	7.42	4.2	309.8547145515961
5172	573218	310.98	312.06	2024-06-04	16.0	7.42	4.2	311.14509992205745
5173	1407238	312.06	313.21	2024-06-04	16.0	7.42	4.2	311.74131643649406
5174	847725	313.21	314.02	2024-06-04	16.0	7.42	4.2	311.88654311851786
5175	405550	314.0	316.25	2024-06-04	16.0	7.42	4.2	314.92607181116256
5176	73293	316.24	316.49	2024-06-04	16.0	7.42	4.2	315.73440543080915
5177	649880	316.63	316.84	2024-06-05	16.0	7.42	4.4	315.7331349756472
5178	991300	316.83	316.84	2024-06-05	16.0	7.42	4.4	317.9068684236643
5179	761342	316.84	315.5	2024-06-05	16.0	7.42	4.4	317.9068684236643
5180	357432	315.66	314.75	2024-06-05	16.0	7.42	4.4	315.4699941562666
5181	19257	314.76	314.72	2024-06-05	16.0	7.42	4.4	315.0425199025927
5182	377156	314.7	315.49	2024-06-06	16.0	7.42	4.4	315.04124944743074
5183	897560	315.49	314.0	2024-06-06	16.0	7.42	4.4	315.4699941562666
5184	1328525	314.01	312.7	2024-06-06	16.0	7.42	4.4	314.94163777837423
5185	203357	312.97	313.3	2024-06-06	16.0	7.42	4.4	311.9033795408915
5186	26294	313.3	313.08	2024-06-06	16.0	7.42	4.4	311.9033795408915
5187	360244	313.8	313.54	2024-06-07	16.0	7.42	4.4	314.94163777837423
5188	2547073	313.54	318.52	2024-06-07	16.0	7.42	4.4	315.1916193752461
5189	1081810	318.52	320.45	2024-06-07	16.0	7.42	4.4	318.00591286432024
5190	381051	320.0	320.2	2024-06-07	16.0	7.42	4.4	318.90349043264735
5191	78165	320.2	319.9	2024-06-07	16.0	7.42	4.4	318.9047608878093
5192	592412	320.8	320.89	2024-06-10	16.0	7.42	4.4	322.47454924455155
5193	734981	320.89	318.74	2024-06-10	16.0	7.42	4.4	322.47454924455155
5194	749980	318.75	317.25	2024-06-10	16.0	7.42	4.4	318.00591286432024
5195	516267	317.25	317.31	2024-06-10	16.0	7.42	4.4	317.9068684236643
5196	34362	317.3	317.28	2024-06-10	16.0	7.42	4.4	317.90813887882626
5197	490297	317.5	318.09	2024-06-11	16.0	7.42	4.4	317.9068684236643
5198	1049349	318.1	317.85	2024-06-11	16.0	7.42	4.4	317.9068684236643
5199	342943	317.85	317.9	2024-06-11	16.0	7.42	4.4	317.9068684236643
5200	92895	317.92	317.87	2024-06-11	16.0	7.42	4.4	317.90813887882626
5201	31011	317.87	317.8	2024-06-11	16.0	7.42	4.4	317.90813887882626
5202	1776784	305.7	313.44	2024-06-13	16.0	7.42	4.4	306.0513641923781
5203	1112392	313.44	315.85	2024-06-13	16.0	7.42	4.4	311.90210908572953
5204	994395	315.84	317.09	2024-06-13	16.0	7.42	4.4	315.7331349756472
5205	215873	317.09	317.74	2024-06-13	16.0	7.42	4.4	317.90813887882626
5206	28642	317.72	317.71	2024-06-13	16.0	7.42	4.4	317.90813887882626
5207	415503	317.8	317.09	2024-06-14	16.0	7.42	4.4	317.9068684236643
5208	723919	317.11	319.28	2024-06-14	16.0	7.42	4.4	317.9068684236643
5209	823847	319.28	320.29	2024-06-14	16.0	7.42	4.4	318.90349043264735
5210	151511	320.3	319.24	2024-06-14	16.0	7.42	4.4	318.9047608878093
5211	34117	319.24	319.35	2024-06-14	16.0	7.42	4.4	318.9047608878093
5212	281111	320.0	319.48	2024-06-17	16.0	7.42	4.4	318.9047608878093
5213	656553	319.49	319.16	2024-06-17	16.0	7.42	4.4	318.90349043264735
5214	383389	319.16	317.85	2024-06-17	16.0	7.42	4.4	318.00591286432024
5215	201764	318.0	317.73	2024-06-17	16.0	7.42	4.4	317.90813887882626
5216	21345	317.73	317.65	2024-06-17	16.0	7.42	4.4	317.90813887882626
5217	316429	317.65	317.2	2024-06-18	16.0	7.42	4.4	317.9068684236643
5218	455601	317.16	316.3	2024-06-18	16.0	7.42	4.4	317.9068684236643
5219	1017009	316.3	315.0	2024-06-18	16.0	7.42	4.4	315.7331349756472
5220	376027	315.0	314.02	2024-06-18	16.0	7.42	4.4	315.04124944743074
5221	34034	314.03	314.34	2024-06-18	16.0	7.42	4.4	314.9429082335362
5222	1148904	314.38	312.48	2024-06-19	16.0	7.42	4.4	314.94163777837423
5223	1619699	312.47	310.5	2024-06-19	16.0	7.42	4.4	311.75688240370573
5224	874285	310.51	309.0	2024-06-19	16.0	7.42	4.4	311.1606658892691
5225	530548	309.0	310.91	2024-06-19	16.0	7.42	4.4	309.1010167911268
5226	44930	310.89	310.7	2024-06-19	16.0	7.42	4.4	311.16193634443107
5227	552039	310.7	312.59	2024-06-20	16.0	7.42	4.4	311.1606658892691
5228	2710625	312.58	307.54	2024-06-20	16.0	7.42	4.4	311.75688240370573
5229	3539264	307.54	313.5	2024-06-20	16.0	7.42	4.4	307.83145194239256
5230	432831	313.5	314.05	2024-06-20	16.0	7.42	4.4	311.90210908572953
5231	33934	314.06	314.15	2024-06-20	16.0	7.42	4.4	314.9429082335362
5232	499568	315.0	313.5	2024-06-21	16.0	7.42	4.4	315.04124944743074
5233	1220073	313.46	314.66	2024-06-21	16.0	7.42	4.4	311.90210908572953
5234	959287	314.66	314.52	2024-06-21	16.0	7.42	4.4	315.04124944743074
5235	163884	314.52	314.38	2024-06-21	16.0	7.42	4.4	315.0425199025927
5236	68848	314.38	314.14	2024-06-21	16.0	7.42	4.4	314.9429082335362
5237	499432	314.7	316.99	2024-06-24	16.0	7.42	4.4	315.04124944743074
5238	1449900	317.0	317.74	2024-06-24	16.0	7.42	4.4	317.9068684236643
5239	848458	317.73	317.2	2024-06-24	16.0	7.42	4.4	317.9068684236643
5240	129267	317.17	317.07	2024-06-24	16.0	7.42	4.4	317.90813887882626
5241	17716	317.07	317.25	2024-06-24	16.0	7.42	4.4	317.90813887882626
5242	398920	317.5	317.5	2024-06-25	16.0	7.42	4.4	317.9068684236643
5243	1155921	317.5	318.47	2024-06-25	16.0	7.42	4.4	317.9068684236643
5244	728484	318.48	319.21	2024-06-25	16.0	7.42	4.4	318.00591286432024
5245	278193	319.21	319.71	2024-06-25	16.0	7.42	4.4	318.0071833194822
5246	36300	319.7	319.8	2024-06-25	16.0	7.42	4.4	318.9047608878093
5247	1143758	320.1	321.64	2024-06-26	16.0	7.42	4.4	318.90349043264735
5248	1931767	321.66	324.06	2024-06-26	16.0	7.42	4.4	322.47454924455155
5249	838010	324.11	323.9	2024-06-26	16.0	7.42	4.4	323.8231260764024
5250	255066	323.9	324.34	2024-06-26	16.0	7.42	4.4	323.82439653156433
5251	73677	324.34	324.55	2024-06-26	16.0	7.42	4.4	323.82439653156433
5252	1160193	324.8	323.94	2024-06-27	16.0	7.42	4.4	323.8231260764024
5253	1564218	323.98	324.97	2024-06-27	16.0	7.42	4.4	323.8231260764024
5254	1595215	324.97	327.83	2024-06-27	16.0	7.42	4.4	325.10112900724255
5255	311989	327.8	327.33	2024-06-27	16.0	7.42	4.4	327.650077597635
5256	45522	327.38	327.16	2024-06-27	16.0	7.42	4.4	327.08748132543667
5257	512175	327.87	328.15	2024-06-28	16.0	7.42	4.4	327.650077597635
5258	1865368	328.14	326.78	2024-06-28	16.0	7.42	4.4	327.650077597635
5259	1422098	326.77	326.5	2024-06-28	16.0	7.42	4.4	327.0862108702747
5260	178335	326.5	326.96	2024-06-28	16.0	7.42	4.4	327.08748132543667
5261	67204	326.96	327.15	2024-06-28	16.0	7.42	4.4	327.08748132543667
5262	562110	327.64	328.79	2024-07-01	16.0	7.42	4.4	327.0862108702747
5263	1228281	328.79	327.68	2024-07-01	16.0	7.42	4.4	328.54048604798805
5264	1130163	327.68	326.25	2024-07-01	16.0	7.42	4.4	327.0862108702747
5265	222371	326.4	327.01	2024-07-01	16.0	7.42	4.4	327.08748132543667
5266	23347	327.04	327.1	2024-07-01	16.0	7.42	4.4	327.08748132543667
5267	337419	327.35	327.8	2024-07-02	16.0	7.42	4.4	327.0862108702747
5268	961633	327.8	328.37	2024-07-02	16.0	7.42	4.4	327.650077597635
5269	682576	328.37	328.57	2024-07-02	16.0	7.42	4.4	328.54048604798805
5270	118037	328.56	328.38	2024-07-02	16.0	7.42	4.4	328.54175650315
5271	15842	328.33	328.37	2024-07-02	16.0	7.42	4.4	327.65134805279695
5272	439280	328.58	328.16	2024-07-03	16.0	7.42	4.5	328.54048604798805
5273	1585767	328.16	329.87	2024-07-03	16.0	7.42	4.5	327.650077597635
5274	809603	329.88	328.78	2024-07-03	16.0	7.42	4.5	329.1336549946244
5275	322801	328.78	328.28	2024-07-03	16.0	7.42	4.5	328.54048604798805
5276	58219	328.25	328.2	2024-07-03	16.0	7.42	4.5	327.65134805279695
5277	533878	328.39	328.9	2024-07-04	16.0	7.42	4.5	328.54048604798805
5278	1034819	328.9	327.63	2024-07-04	16.0	7.42	4.5	328.54048604798805
5279	2031929	327.61	324.17	2024-07-04	16.0	7.42	4.5	327.0862108702747
5280	408971	324.21	325.21	2024-07-04	16.0	7.42	4.5	323.8231260764024
5281	67014	325.22	324.66	2024-07-04	16.0	7.42	4.5	325.1023994624045
5282	403812	324.71	325.23	2024-07-05	16.0	7.42	4.5	323.8231260764024
5283	2344258	325.25	324.98	2024-07-05	16.0	7.42	4.5	325.10112900724255
5284	936351	324.98	324.24	2024-07-05	16.0	7.42	4.5	325.10112900724255
5285	212114	324.26	324.47	2024-07-05	16.0	7.42	4.5	323.82439653156433
5286	146766	324.47	325.0	2024-07-05	16.0	7.42	4.5	323.82439653156433
5287	664590	325.76	325.4	2024-07-08	16.0	7.42	4.5	325.10112900724255
5288	1087198	325.39	324.52	2024-07-08	16.0	7.42	4.5	325.10112900724255
5289	804719	324.52	323.86	2024-07-08	16.0	7.42	4.5	323.8231260764024
5290	188900	323.94	324.3	2024-07-08	16.0	7.42	4.5	323.82439653156433
5291	30283	324.3	324.07	2024-07-08	16.0	7.42	4.5	323.82439653156433
5292	814769	324.3	324.74	2024-07-09	16.0	7.42	4.5	323.8231260764024
5293	1420017	324.75	322.71	2024-07-09	16.0	7.42	4.5	323.8231260764024
5294	2377112	322.72	319.0	2024-07-09	16.0	7.42	4.5	322.47454924455155
5295	684554	319.0	320.05	2024-07-09	16.0	7.42	4.5	318.00591286432024
5296	123529	320.05	319.99	2024-07-09	16.0	7.42	4.5	318.9047608878093
5297	1235087	319.0	317.62	2024-07-10	16.0	7.42	4.5	318.00591286432024
5298	2624052	317.62	318.84	2024-07-10	16.0	7.42	4.5	317.9068684236643
5299	3131209	318.85	315.5	2024-07-10	16.0	7.42	4.5	318.00591286432024
5300	1389807	315.5	316.01	2024-07-10	16.0	7.42	4.5	315.4699941562666
5301	471100	316.01	316.68	2024-07-10	16.0	7.42	4.5	315.7331349756472
5302	7405326	289.96	289.04	2024-07-11	16.0	7.42	4.5	284.97191120491317
5303	5312457	289.04	292.57	2024-07-11	16.0	7.42	4.5	289.43024114343456
5304	3154086	292.57	295.31	2024-07-11	16.0	7.42	4.5	292.2066214647092
5305	859955	295.3	295.89	2024-07-11	16.0	7.42	4.5	295.7022689510488
5306	71236	295.88	295.87	2024-07-11	16.0	7.42	4.5	295.7035394062107
5307	1425668	296.0	293.76	2024-07-12	16.0	7.42	4.5	296.49938163432245
5308	1747020	293.75	292.67	2024-07-12	16.0	7.42	4.5	294.75626276651997
5309	1408597	292.66	292.35	2024-07-12	16.0	7.42	4.5	292.2066214647092
5310	363535	292.35	292.21	2024-07-12	16.0	7.42	4.5	292.2066214647092
5311	55097	292.2	292.21	2024-07-12	16.0	7.42	4.5	292.20789191987114
5312	1193102	293.0	289.36	2024-07-15	16.0	7.42	4.5	292.2066214647092
5313	1164058	289.36	290.01	2024-07-15	16.0	7.42	4.5	289.67257614238787
5314	2699241	290.01	284.49	2024-07-15	16.0	7.42	4.5	289.67257614238787
5315	670503	284.54	284.36	2024-07-15	16.0	7.42	4.5	283.42780078552306
5316	146852	284.32	284.38	2024-07-15	16.0	7.42	4.5	283.429071240685
5317	1472702	284.49	282.5	2024-07-16	16.0	7.42	4.5	283.42780078552306
5318	3413423	282.5	279.37	2024-07-16	16.0	7.42	4.5	282.533648534737
5319	2415843	279.38	283.0	2024-07-16	16.0	7.42	4.5	279.6589507132685
5320	897391	283.0	284.95	2024-07-16	16.0	7.42	4.5	282.74952392144144
5321	87727	284.98	285.25	2024-07-16	16.0	7.42	4.5	283.429071240685
5322	642449	285.84	284.61	2024-07-17	16.0	7.42	4.5	286.70797550527914
5323	2039430	284.62	287.05	2024-07-17	16.0	7.42	4.5	283.42780078552306
5324	1200894	287.05	285.0	2024-07-17	16.0	7.42	4.5	286.70797550527914
5325	348543	285.0	284.45	2024-07-17	16.0	7.42	4.5	283.42780078552306
5326	51151	284.45	284.68	2024-07-17	16.0	7.42	4.5	283.429071240685
5327	632085	284.68	284.54	2024-07-18	16.0	7.42	4.5	283.42780078552306
5328	824856	284.55	286.16	2024-07-18	16.0	7.42	4.5	283.42780078552306
5329	1304114	286.17	289.3	2024-07-18	16.0	7.42	4.5	286.70797550527914
5330	562131	289.29	289.79	2024-07-18	16.0	7.42	4.5	289.67257614238787
5331	85850	289.78	289.83	2024-07-18	16.0	7.42	4.5	289.6738465975498
5332	656401	290.67	290.02	2024-07-19	16.0	7.42	4.5	290.57061057134536
5333	1177814	290.09	291.82	2024-07-19	16.0	7.42	4.5	289.69638808561575
5334	867608	291.81	291.0	2024-07-19	16.0	7.42	4.5	290.86255985163643
5335	360463	291.0	290.02	2024-07-19	16.0	7.42	4.5	290.86255985163643
5336	39920	290.02	289.9	2024-07-19	16.0	7.42	4.5	289.6738465975498
5337	681687	291.0	291.85	2024-07-22	16.0	7.42	4.5	290.86255985163643
5338	866567	291.85	292.54	2024-07-22	16.0	7.42	4.5	292.2066214647092
5339	1369752	292.55	294.35	2024-07-22	16.0	7.42	4.5	292.2066214647092
5340	392678	294.28	294.58	2024-07-22	16.0	7.42	4.5	294.75626276651997
5341	27977	294.57	294.71	2024-07-22	16.0	7.42	4.5	294.7575332216819
5342	527034	295.47	294.39	2024-07-23	16.0	7.42	4.5	295.7022689510488
5343	744651	294.41	293.9	2024-07-23	16.0	7.42	4.5	294.75626276651997
5344	667400	293.9	294.0	2024-07-23	16.0	7.42	4.5	294.75626276651997
5345	245754	294.0	294.49	2024-07-23	16.0	7.42	4.5	294.7575332216819
5346	34245	294.46	294.39	2024-07-23	16.0	7.42	4.5	294.7575332216819
5347	497796	294.39	295.43	2024-07-24	16.0	7.42	4.5	294.75626276651997
5348	1150370	295.43	295.98	2024-07-24	16.0	7.42	4.5	295.7022689510488
5349	596222	295.97	296.5	2024-07-24	16.0	7.42	4.5	296.49938163432245
5350	173174	296.52	295.71	2024-07-24	16.0	7.42	4.5	296.5006520894844
5351	39009	295.71	295.69	2024-07-24	16.0	7.42	4.5	295.7035394062107
5352	338457	295.69	295.59	2024-07-25	16.0	7.42	4.5	295.7022689510488
5353	875188	295.6	295.99	2024-07-25	16.0	7.42	4.5	295.7022689510488
5354	829206	296.0	297.08	2024-07-25	16.0	7.42	4.5	296.49938163432245
5355	189325	297.06	296.51	2024-07-25	16.0	7.42	4.5	296.5006520894844
5356	54701	296.55	296.37	2024-07-25	16.0	7.42	4.5	296.5006520894844
5357	1053916	296.4	298.98	2024-07-26	16.0	7.42	4.5	296.49938163432245
5358	3804509	298.98	295.11	2024-07-26	16.0	7.42	4.5	298.48501473676134
5359	2885331	295.1	294.1	2024-07-26	16.0	7.42	4.5	295.2841910119138
5360	672149	294.02	293.33	2024-07-26	16.0	7.42	4.5	294.75626276651997
5361	75078	293.31	293.3	2024-07-26	16.0	7.42	4.5	292.20789191987114
5362	1489471	293.0	289.9	2024-07-29	18.0	7.42	4.5	292.2066214647092
5363	1950023	289.89	289.37	2024-07-29	18.0	7.42	4.5	289.67257614238787
5364	1231703	289.38	287.27	2024-07-29	18.0	7.42	4.5	289.67257614238787
5365	482196	287.27	286.27	2024-07-29	18.0	7.42	4.5	286.70797550527914
5366	91192	286.27	286.58	2024-07-29	18.0	7.42	4.5	286.7092459604411
5367	861345	286.5	287.33	2024-07-30	18.0	7.42	4.5	286.70797550527914
5368	1446959	287.33	288.89	2024-07-30	18.0	7.42	4.5	286.70797550527914
5369	1374195	288.9	291.49	2024-07-30	18.0	7.42	4.5	289.67257614238787
5370	524213	291.99	289.61	2024-07-30	18.0	7.42	4.5	292.2066214647092
5371	50536	289.65	290.0	2024-07-30	18.0	7.42	4.5	289.6738465975498
5372	562606	290.47	290.08	2024-07-31	18.0	7.42	3.0	290.5550446041337
5373	977036	290.08	289.49	2024-07-31	18.0	7.42	3.0	289.6808221184041
5374	782697	289.49	288.61	2024-07-31	18.0	7.42	3.0	289.6570101751762
5375	227102	288.62	289.14	2024-07-31	18.0	7.42	3.0	289.6738465975498
5376	48011	289.13	289.3	2024-07-31	18.0	7.42	3.0	289.6738465975498
5377	335710	289.87	290.46	2024-08-01	18.0	7.42	3.0	289.6570101751762
5378	555905	290.45	289.81	2024-08-01	18.0	7.42	3.0	290.5550446041337
5379	444611	289.8	288.89	2024-08-01	18.0	7.42	3.0	289.6570101751762
5380	420588	288.89	287.81	2024-08-01	18.0	7.42	3.0	289.6570101751762
5381	107831	287.74	287.21	2024-08-01	18.0	7.42	3.0	286.7092459604411
5382	531553	287.21	286.49	2024-08-02	18.0	7.42	3.0	286.69240953806747
5383	972781	286.5	285.01	2024-08-02	18.0	7.42	3.0	286.69240953806747
5384	1154397	285.04	286.1	2024-08-02	18.0	7.42	3.0	286.69240953806747
5385	282262	286.1	286.11	2024-08-02	18.0	7.42	3.0	286.7092459604411
5386	67665	286.13	286.04	2024-08-02	18.0	7.42	3.0	286.7092459604411
5387	1613035	282.79	281.01	2024-08-05	18.0	7.42	3.0	282.73395795422977
5388	3301602	281.01	277.68	2024-08-05	18.0	7.42	3.0	282.54387357368677
5389	2497577	277.68	276.81	2024-08-05	18.0	7.42	3.0	278.0775231689014
5390	665092	277.1	275.75	2024-08-05	18.0	7.42	3.0	276.5685231660384
5391	136840	275.76	275.49	2024-08-05	18.0	7.42	3.0	275.5728558074079
5392	1484876	277.01	280.84	2024-08-06	18.0	7.42	3.0	276.5685231660384
5393	1105752	280.84	278.29	2024-08-06	18.0	7.42	3.0	279.8566121705515
5394	1424191	278.23	278.83	2024-08-06	18.0	7.42	3.0	278.0775231689014
5395	289041	278.83	279.28	2024-08-06	18.0	7.42	3.0	279.5590097546552
5396	56155	279.28	279.4	2024-08-06	18.0	7.42	3.0	279.5590097546552
5397	893031	280.0	280.08	2024-08-07	18.0	7.42	3.0	279.6433847460568
5398	1645291	280.09	279.98	2024-08-07	18.0	7.42	3.0	279.6433847460568
5399	1624826	279.99	282.66	2024-08-07	18.0	7.42	3.0	279.6433847460568
5400	615173	282.66	281.58	2024-08-07	18.0	7.42	3.0	282.73395795422977
5401	71128	281.54	282.2	2024-08-07	18.0	7.42	3.0	282.6564896167676
5402	896780	283.4	283.94	2024-08-08	18.0	7.42	3.0	283.16036718621035
5403	1572403	283.94	284.04	2024-08-08	18.0	7.42	3.0	283.4122348183114
5404	975022	284.04	282.45	2024-08-08	18.0	7.42	3.0	283.4122348183114
5405	768837	282.31	280.98	2024-08-08	18.0	7.42	3.0	282.639653194394
5406	29541	280.99	281.09	2024-08-08	18.0	7.42	3.0	279.8734485929251
5407	680973	281.0	282.42	2024-08-09	18.0	7.42	3.0	279.8566121705515
5408	696201	282.4	281.66	2024-08-09	18.0	7.42	3.0	282.639653194394
5409	547939	281.66	281.9	2024-08-09	18.0	7.42	3.0	282.639653194394
5410	216709	281.64	281.12	2024-08-09	18.0	7.42	3.0	282.6564896167676
5411	88451	281.03	281.44	2024-08-09	18.0	7.42	3.0	282.6564896167676
5412	873000	280.01	279.23	2024-08-12	18.0	7.42	3.0	279.6433847460568
5413	954642	279.24	280.3	2024-08-12	18.0	7.42	3.0	279.5421733322816
5414	741651	280.29	280.23	2024-08-12	18.0	7.42	3.0	279.8566121705515
5415	159477	280.22	280.68	2024-08-12	18.0	7.42	3.0	279.8734485929251
5416	47963	280.69	280.74	2024-08-12	18.0	7.42	3.0	279.8734485929251
5417	298498	281.05	281.56	2024-08-13	18.0	7.42	3.0	282.6564896167676
5418	802261	281.54	281.47	2024-08-13	18.0	7.42	3.0	282.639653194394
5419	1089850	281.49	282.78	2024-08-13	18.0	7.42	3.0	282.639653194394
5420	157951	282.8	283.41	2024-08-13	18.0	7.42	3.0	282.7507943766034
5421	57319	283.48	283.92	2024-08-13	18.0	7.42	3.0	283.17720360858397
5422	332830	284.3	284.03	2024-08-14	18.0	7.42	3.0	283.4122348183114
5423	728709	284.03	283.04	2024-08-14	18.0	7.42	3.0	283.4122348183114
5424	610167	283.05	281.79	2024-08-14	18.0	7.42	3.0	282.73395795422977
5425	443085	281.58	280.55	2024-08-14	18.0	7.42	3.0	282.639653194394
5426	60913	280.51	280.32	2024-08-14	18.0	7.42	3.0	279.8734485929251
5427	488771	280.5	279.7	2024-08-15	18.0	7.42	3.0	279.8566121705515
5428	1119986	279.7	278.28	2024-08-15	18.0	7.42	3.0	279.6433847460568
5429	997127	278.28	277.54	2024-08-15	18.0	7.42	3.0	278.0775231689014
5430	189395	277.4	277.32	2024-08-15	18.0	7.42	3.0	278.094359591275
5431	71250	277.33	278.01	2024-08-15	18.0	7.42	3.0	278.094359591275
5432	324215	278.05	277.58	2024-08-16	18.0	7.42	3.0	278.0775231689014
5433	589991	277.59	278.29	2024-08-16	18.0	7.42	3.0	278.0775231689014
5434	623615	278.29	277.0	2024-08-16	18.0	7.42	3.0	278.0775231689014
5435	872473	277.0	274.46	2024-08-16	18.0	7.42	3.0	276.5685231660384
5436	209291	274.45	274.6	2024-08-16	18.0	7.42	3.0	274.6320964482085
5437	701443	275.0	273.85	2024-08-19	18.0	7.42	3.0	274.61526002583486
5438	2107914	273.84	270.75	2024-08-19	18.0	7.42	3.0	273.18501493568283
5439	1960464	270.76	268.01	2024-08-19	18.0	7.42	3.0	271.2667122197709
5440	1929940	268.01	267.43	2024-08-19	18.0	7.42	3.0	268.77967223612046
5441	162859	267.41	268.17	2024-08-19	18.0	7.42	3.0	266.7890426368645
5442	986595	268.35	266.73	2024-08-20	18.0	7.42	3.0	268.77967223612046
5443	2730056	266.73	268.23	2024-08-20	18.0	7.42	3.0	266.79799722065235
5444	1335883	268.23	265.4	2024-08-20	18.0	7.42	3.0	268.77967223612046
5445	304952	265.41	265.8	2024-08-20	18.0	7.42	3.0	265.26134234741727
5446	70127	265.73	266.2	2024-08-20	18.0	7.42	3.0	265.26134234741727
5447	519765	266.2	265.51	2024-08-21	18.0	7.42	3.0	265.77338975238865
5448	1482641	265.51	265.25	2024-08-21	18.0	7.42	3.0	265.24450592504365
5449	1325594	265.25	266.55	2024-08-21	18.0	7.42	3.0	265.24450592504365
5450	338464	266.48	266.85	2024-08-21	18.0	7.42	3.0	265.77338975238865
5451	46284	266.87	266.93	2024-08-21	18.0	7.42	3.0	266.7890426368645
5452	397837	266.93	266.58	2024-08-22	18.0	7.42	3.0	266.7722062144909
5453	1052953	266.58	264.76	2024-08-22	18.0	7.42	3.0	265.77338975238865
5454	1739847	264.76	263.51	2024-08-22	18.0	7.42	3.0	265.24450592504365
5455	1497275	263.51	262.05	2024-08-22	18.0	7.42	3.0	262.9852407221356
5456	102841	262.04	261.6	2024-08-22	18.0	7.42	3.0	262.0966308283641
5457	2141688	261.61	258.61	2024-08-23	18.0	7.42	3.0	261.1001794043713
5458	2355342	258.6	259.89	2024-08-23	18.0	7.42	3.0	259.39177400273746
5459	2131036	259.85	257.6	2024-08-23	18.0	7.42	3.0	259.39177400273746
5460	854944	257.61	258.78	2024-08-23	18.0	7.42	3.0	256.8456444232082
5461	188908	258.79	259.5	2024-08-23	18.0	7.42	3.0	259.4086104251111
5462	1435744	263.55	262.98	2024-08-26	18.0	7.42	3.0	262.9852407221356
5463	2099866	262.97	265.7	2024-08-26	18.0	7.42	3.0	262.9852407221356
5464	1220219	265.7	264.41	2024-08-26	18.0	7.42	3.0	265.24450592504365
5465	190926	264.41	265.42	2024-08-26	18.0	7.42	3.0	265.26134234741727
5466	50670	265.37	265.39	2024-08-26	18.0	7.42	3.0	265.26134234741727
5467	471313	265.83	264.95	2024-08-27	18.0	7.42	3.0	265.24450592504365
5468	1127944	264.92	263.42	2024-08-27	18.0	7.42	3.0	265.24450592504365
5469	1209024	263.42	260.7	2024-08-27	18.0	7.42	3.0	262.9852407221356
5470	381962	260.7	260.06	2024-08-27	18.0	7.42	3.0	260.87598738933775
5471	44274	260.06	260.5	2024-08-27	18.0	7.42	3.0	259.5557236297063
5472	636730	259.9	261.18	2024-08-28	18.0	7.42	3.4	259.53888720733266
5473	2019867	261.18	256.31	2024-08-28	18.0	7.42	3.4	260.87598738933775
5474	1757149	256.34	260.8	2024-08-28	18.0	7.42	3.4	256.8456444232082
5475	321715	260.81	262.15	2024-08-28	18.0	7.42	3.4	260.87598738933775
5476	51336	262.15	262.47	2024-08-28	18.0	7.42	3.4	262.0966308283641
5477	592968	262.58	262.38	2024-08-29	18.0	7.42	3.4	262.4916015970293
5478	1523967	262.38	260.43	2024-08-29	18.0	7.42	3.4	262.07979440599047
5479	1064312	260.4	260.29	2024-08-29	18.0	7.42	3.4	260.87598738933775
5480	263221	260.4	260.32	2024-08-29	18.0	7.42	3.4	260.89282381171137
5481	35757	260.32	260.31	2024-08-29	18.0	7.42	3.4	259.5557236297063
5482	415669	260.5	259.23	2024-08-30	18.0	7.42	3.4	260.87598738933775
5483	1657581	259.22	255.43	2024-08-30	18.0	7.42	3.4	259.39177400273746
5484	1770007	255.43	256.95	2024-08-30	18.0	7.42	3.4	255.82897489131432
5485	603438	256.71	254.96	2024-08-30	18.0	7.42	3.4	256.8456444232082
5486	165154	254.92	254.45	2024-08-30	18.0	7.42	3.4	255.84581131368793
5487	1702575	254.03	250.5	2024-09-02	18.0	7.42	3.4	252.86146289393162
5488	3165929	250.49	248.55	2024-09-02	18.0	7.42	3.4	252.05357996377626
5489	3101091	248.57	245.87	2024-09-02	18.0	7.42	3.4	248.4709978857012
5490	1639468	245.89	243.87	2024-09-02	18.0	7.42	3.4	245.4970088553718
5491	157180	243.9	244.31	2024-09-02	18.0	7.42	3.4	244.05902036698672
5492	2305588	244.4	240.45	2024-09-03	18.0	7.42	3.4	244.05659246530098
5493	4835942	240.42	246.13	2024-09-03	18.0	7.42	3.4	241.37555125685347
5494	2700892	246.12	242.8	2024-09-03	18.0	7.42	3.4	245.52279986153323
5495	632034	242.5	244.5	2024-09-03	18.0	7.42	3.4	242.88841488711643
5496	92880	244.5	244.04	2024-09-03	18.0	7.42	3.4	244.0734288876746
5497	1333766	244.51	246.31	2024-09-04	18.0	7.42	3.4	244.05659246530098
5498	2180337	246.33	247.65	2024-09-04	18.0	7.42	3.4	245.4970088553718
5499	1874165	247.65	250.0	2024-09-04	18.0	7.42	3.4	248.44520687953977
5500	1555900	250.47	252.56	2024-09-04	18.0	7.42	3.4	252.02778895761483
5501	121040	252.57	253.01	2024-09-04	18.0	7.42	3.4	252.59716242235285
5502	1762675	255.0	252.92	2024-09-05	18.0	7.42	3.4	255.82897489131432
5503	2171067	252.88	255.77	2024-09-05	18.0	7.42	3.4	252.86146289393162
5504	3240482	255.77	252.53	2024-09-05	18.0	7.42	3.4	255.79967042456892
5505	638590	252.53	252.77	2024-09-05	18.0	7.42	3.4	252.58032599997924
5506	48869	252.76	252.82	2024-09-05	18.0	7.42	3.4	252.59716242235285
5507	544325	253.01	252.9	2024-09-06	18.0	7.42	3.4	252.86146289393162
5508	1472588	252.9	251.63	2024-09-06	18.0	7.42	3.4	252.86146289393162
5509	1748996	251.64	253.23	2024-09-06	18.0	7.42	3.4	252.03834292163955
5510	303861	253.0	254.77	2024-09-06	18.0	7.42	3.4	252.87829931630523
5511	63863	254.77	254.77	2024-09-06	18.0	7.42	3.4	255.84581131368793
5512	1800060	256.32	259.56	2024-09-09	18.0	7.42	3.4	256.8456444232082
5513	2405472	259.59	260.1	2024-09-09	18.0	7.42	3.4	259.39177400273746
5514	1676987	260.1	262.4	2024-09-09	18.0	7.42	3.4	259.53888720733266
5515	606838	262.61	263.06	2024-09-09	18.0	7.42	3.4	262.9852407221356
5516	123537	263.09	263.31	2024-09-09	18.0	7.42	3.4	263.0020771445092
5517	1591454	264.61	261.18	2024-09-10	18.0	7.42	3.4	265.24450592504365
5518	1655357	261.23	261.05	2024-09-10	18.0	7.42	3.4	261.1001794043713
5519	1664866	261.06	259.75	2024-09-10	18.0	7.42	3.4	260.87598738933775
5520	806204	259.75	261.1	2024-09-10	18.0	7.42	3.4	259.39177400273746
5521	75902	261.11	261.29	2024-09-10	18.0	7.42	3.4	260.89282381171137
5522	548528	260.31	261.02	2024-09-11	18.0	7.42	3.4	259.53888720733266
5523	1232292	261.0	260.85	2024-09-11	18.0	7.42	3.4	260.87598738933775
5524	1060245	260.85	260.46	2024-09-11	18.0	7.42	3.4	260.87598738933775
5525	922861	260.15	258.33	2024-09-11	18.0	7.42	3.4	259.53888720733266
5526	65445	258.3	258.2	2024-09-11	18.0	7.42	3.4	259.4086104251111
5527	847559	257.8	256.56	2024-09-12	18.0	7.42	3.4	256.8456444232082
5528	1496183	256.56	255.81	2024-09-12	18.0	7.42	3.4	256.8456444232082
5529	1702002	255.8	253.21	2024-09-12	18.0	7.42	3.4	255.82897489131432
5530	521944	253.39	254.79	2024-09-12	18.0	7.42	3.4	252.86146289393162
5531	68120	254.78	254.93	2024-09-12	18.0	7.42	3.4	255.84581131368793
5532	630036	255.19	256.26	2024-09-13	18.0	7.42	3.4	255.82897489131432
5533	5611677	256.25	250.45	2024-09-13	18.0	7.42	3.4	255.58751814713935
5534	4062226	250.45	257.77	2024-09-13	18.0	7.42	3.4	251.88171963948807
5535	670487	257.83	257.85	2024-09-13	18.0	7.42	3.4	256.8456444232082
5536	143610	257.87	258.25	2024-09-13	18.0	7.42	3.4	256.86248084558184
5537	1104824	259.64	258.29	2024-09-16	19.0	7.42	3.4	259.39177400273746
5538	2424385	258.29	263.51	2024-09-16	19.0	7.42	3.4	259.39177400273746
5539	1212985	263.52	263.33	2024-09-16	19.0	7.42	3.4	262.9852407221356
5540	420105	263.36	263.29	2024-09-16	19.0	7.42	3.4	262.9852407221356
5541	102019	263.28	263.79	2024-09-16	19.0	7.42	3.4	263.0020771445092
5542	1229043	264.12	263.43	2024-09-17	19.0	7.42	3.4	265.24450592504365
5543	1888836	263.44	261.44	2024-09-17	19.0	7.42	3.4	262.9852407221356
5544	2162206	261.44	266.54	2024-09-17	19.0	7.42	3.4	261.1001794043713
5545	390754	266.32	266.09	2024-09-17	19.0	7.42	3.4	265.77338975238865
5546	85723	266.06	265.99	2024-09-17	19.0	7.42	3.4	265.79022617476227
5547	1085043	265.73	266.69	2024-09-18	19.0	7.42	3.4	265.24450592504365
5548	1711661	266.69	263.83	2024-09-18	19.0	7.42	3.4	266.7722062144909
5549	1025915	263.81	265.5	2024-09-18	19.0	7.42	3.4	265.24450592504365
5550	375880	265.22	264.2	2024-09-18	19.0	7.42	3.4	265.24450592504365
5551	139165	264.21	263.4	2024-09-18	19.0	7.42	3.4	265.26134234741727
5552	634849	263.94	263.91	2024-09-19	19.0	7.42	3.4	265.24450592504365
5553	1326738	263.87	265.73	2024-09-19	19.0	7.42	3.4	265.24450592504365
5554	1361685	265.74	263.33	2024-09-19	19.0	7.42	3.4	265.24450592504365
5555	217926	263.78	264.1	2024-09-19	19.0	7.42	3.4	263.0020771445092
5556	27119	264.11	264.5	2024-09-19	19.0	7.42	3.4	265.26134234741727
5557	457425	264.52	265.46	2024-09-20	19.0	7.42	3.4	265.24450592504365
5558	1273260	265.47	266.63	2024-09-20	19.0	7.42	3.4	265.24450592504365
5559	1558719	266.63	268.42	2024-09-20	19.0	7.42	3.4	265.77338975238865
5560	463809	268.42	268.91	2024-09-20	19.0	7.42	3.4	268.77967223612046
5561	123487	268.92	269.08	2024-09-20	19.0	7.42	3.4	268.7965086584941
5562	1398303	269.3	271.79	2024-09-23	19.0	7.42	3.4	269.3039363108124
5563	1800775	271.77	272.66	2024-09-23	19.0	7.42	3.4	271.2667122197709
5564	1305600	272.65	272.4	2024-09-23	19.0	7.42	3.4	272.91549241911923
5565	397087	272.19	273.35	2024-09-23	19.0	7.42	3.4	271.2667122197709
5566	37920	273.35	273.17	2024-09-23	19.0	7.42	3.4	273.20185135805644
5567	997853	273.9	271.53	2024-09-24	19.0	7.42	3.4	274.3488510509466
5568	1734641	271.55	272.68	2024-09-24	19.0	7.42	3.4	271.2667122197709
5569	614114	272.66	272.95	2024-09-24	19.0	7.42	3.4	272.91549241911923
5570	297004	272.9	273.13	2024-09-24	19.0	7.42	3.4	272.93232884149285
5571	54802	273.13	272.92	2024-09-24	19.0	7.42	3.4	273.20185135805644
5572	661652	272.92	271.01	2024-09-25	19.0	7.42	3.4	272.91549241911923
5573	1269966	271.0	272.17	2024-09-25	19.0	7.42	3.4	271.2667122197709
5574	1873338	272.17	267.96	2024-09-25	19.0	7.42	3.4	271.2667122197709
5575	489333	268.16	268.73	2024-09-25	19.0	7.42	3.4	268.77967223612046
5576	86098	268.78	267.8	2024-09-25	19.0	7.42	3.4	268.7965086584941
5577	836937	267.54	266.76	2024-09-26	19.0	7.42	3.4	266.7722062144909
5578	1196714	266.74	267.94	2024-09-26	19.0	7.42	3.4	266.7722062144909
5579	879055	268.0	266.24	2024-09-26	19.0	7.42	3.4	268.77967223612046
5580	163359	266.79	266.98	2024-09-26	19.0	7.42	3.4	266.7890426368645
5581	112789	266.98	267.88	2024-09-26	19.0	7.42	3.4	266.7890426368645
5582	257731	268.9	268.37	2024-09-27	19.0	7.42	3.4	268.7965086584941
5583	779171	268.38	268.77	2024-09-27	19.0	7.42	3.4	268.77967223612046
5584	560979	268.77	268.95	2024-09-27	19.0	7.42	3.4	268.77967223612046
5585	257044	268.93	268.09	2024-09-27	19.0	7.42	3.4	268.7965086584941
5586	34018	268.08	268.07	2024-09-27	19.0	7.42	3.4	268.7965086584941
5587	688329	269.26	270.35	2024-09-30	19.0	7.42	3.4	269.3039363108124
5588	1927307	270.35	269.67	2024-09-30	19.0	7.42	3.4	269.43558883801205
5589	1156447	269.67	271.86	2024-09-30	19.0	7.42	3.4	269.43558883801205
5590	334946	271.83	269.51	2024-09-30	19.0	7.42	3.4	271.2667122197709
5591	144945	269.51	268.49	2024-09-30	19.0	7.42	3.4	269.320772733186
5592	855120	267.6	267.14	2024-10-01	19.0	7.42	3.4	266.7722062144909
5593	2059459	267.13	266.16	2024-10-01	19.0	7.42	3.4	266.7722062144909
5594	1858486	266.15	266.85	2024-10-01	19.0	7.42	3.4	265.77338975238865
5595	398452	266.85	266.04	2024-10-01	19.0	7.42	3.4	266.7722062144909
5596	41063	266.04	266.29	2024-10-01	19.0	7.42	3.4	265.79022617476227
5597	421634	266.01	267.65	2024-10-02	19.0	7.42	2.4	265.77338975238865
5598	815881	267.65	265.14	2024-10-02	19.0	7.42	2.4	266.7722062144909
5599	2504560	265.14	258.52	2024-10-02	19.0	7.42	2.4	265.24450592504365
5600	844164	259.09	259.4	2024-10-02	19.0	7.42	2.4	259.39177400273746
5601	65681	259.39	259.31	2024-10-02	19.0	7.42	2.4	259.4086104251111
5602	1133890	259.31	260.14	2024-10-03	19.0	7.42	2.4	259.39177400273746
5603	1381284	260.11	257.99	2024-10-03	19.0	7.42	2.4	259.53888720733266
5604	2642314	257.99	263.01	2024-10-03	19.0	7.42	2.4	259.4175650088989
5605	409754	263.05	263.99	2024-10-03	19.0	7.42	2.4	262.9852407221356
5606	86214	263.95	264.25	2024-10-03	19.0	7.42	2.4	265.26134234741727
5607	660147	264.96	264.79	2024-10-04	19.0	7.42	2.4	265.24450592504365
5608	907062	264.75	264.18	2024-10-04	19.0	7.42	2.4	265.24450592504365
5609	812004	264.18	263.76	2024-10-04	19.0	7.42	2.4	265.24450592504365
5610	164030	263.76	263.66	2024-10-04	19.0	7.42	2.4	263.0020771445092
5611	55986	263.66	264.09	2024-10-04	19.0	7.42	2.4	263.0020771445092
5612	785409	264.25	263.73	2024-10-07	19.0	7.42	2.4	265.24450592504365
5613	1251136	263.7	262.14	2024-10-07	19.0	7.42	2.4	262.9852407221356
5614	609877	262.15	262.6	2024-10-07	19.0	7.42	2.4	262.07979440599047
5615	196762	262.9	263.4	2024-10-07	19.0	7.42	2.4	263.0020771445092
5616	50876	263.4	263.39	2024-10-07	19.0	7.42	2.4	263.0020771445092
5617	272438	263.0	262.25	2024-10-08	19.0	7.42	2.4	263.0020771445092
5618	736372	262.25	262.72	2024-10-08	19.0	7.42	2.4	262.07979440599047
5619	419671	262.71	263.21	2024-10-08	19.0	7.42	2.4	262.9852407221356
5620	144815	263.05	262.37	2024-10-08	19.0	7.42	2.4	263.0020771445092
5621	43082	262.37	262.4	2024-10-08	19.0	7.42	2.4	262.0966308283641
5622	568204	262.42	261.74	2024-10-09	19.0	7.42	2.4	262.4916015970293
5623	897989	261.74	261.01	2024-10-09	19.0	7.42	2.4	261.1001794043713
5624	819275	261.03	259.61	2024-10-09	19.0	7.42	2.4	260.87598738933775
5625	162163	259.6	260.46	2024-10-09	19.0	7.42	2.4	259.4086104251111
5626	54504	260.42	260.86	2024-10-09	19.0	7.42	2.4	260.89282381171137
5627	309158	260.88	260.92	2024-10-10	19.0	7.42	2.4	260.89282381171137
5628	725426	260.9	259.43	2024-10-10	19.0	7.42	2.4	260.87598738933775
5629	577155	259.41	260.1	2024-10-10	19.0	7.42	2.4	259.39177400273746
5630	128417	260.1	259.89	2024-10-10	19.0	7.42	2.4	259.5557236297063
5631	27567	259.88	259.98	2024-10-10	19.0	7.42	2.4	259.5557236297063
5632	227681	259.8	259.3	2024-10-11	19.0	7.42	2.4	259.4086104251111
5633	1327794	259.3	257.97	2024-10-11	19.0	7.42	2.4	259.39177400273746
5634	541406	257.98	258.04	2024-10-11	19.0	7.42	2.4	256.8456444232082
5635	308030	258.04	257.03	2024-10-11	19.0	7.42	2.4	259.4086104251111
5636	79947	257.05	256.94	2024-10-11	19.0	7.42	2.4	256.86248084558184
5637	579247	256.15	255.02	2024-10-14	19.0	7.42	2.4	255.82897489131432
5638	2557705	255.02	260.58	2024-10-14	19.0	7.42	2.4	255.82897489131432
5639	2576786	260.61	259.5	2024-10-14	19.0	7.42	2.4	260.87598738933775
5640	657598	260.15	261.13	2024-10-14	19.0	7.42	2.4	259.53888720733266
5641	49232	261.13	261.28	2024-10-14	19.0	7.42	2.4	260.89282381171137
5642	708637	260.94	261.76	2024-10-15	19.0	7.42	2.4	260.87598738933775
5643	976334	261.76	263.15	2024-10-15	19.0	7.42	2.4	261.1001794043713
5644	780648	263.16	262.45	2024-10-15	19.0	7.42	2.4	262.9852407221356
5645	121572	262.37	262.18	2024-10-15	19.0	7.42	2.4	262.0966308283641
5646	37546	262.17	262.03	2024-10-15	19.0	7.42	2.4	262.0966308283641
5647	557718	262.05	264.2	2024-10-16	19.0	7.42	2.4	262.07979440599047
5648	2095832	264.29	259.85	2024-10-16	19.0	7.42	2.4	265.24450592504365
5649	1160439	259.86	258.99	2024-10-16	19.0	7.42	2.4	259.39177400273746
5650	191957	258.99	259.8	2024-10-16	19.0	7.42	2.4	259.4086104251111
5651	14680	259.78	259.5	2024-10-16	19.0	7.42	2.4	259.4086104251111
5652	329377	259.5	259.37	2024-10-17	19.0	7.42	2.4	259.39177400273746
5653	1042735	259.37	257.96	2024-10-17	19.0	7.42	2.4	259.39177400273746
5654	807033	257.96	257.25	2024-10-17	19.0	7.42	2.4	256.8456444232082
5655	250647	257.24	256.5	2024-10-17	19.0	7.42	2.4	256.86248084558184
5656	36087	256.5	256.57	2024-10-17	19.0	7.42	2.4	256.86248084558184
5657	372463	256.21	256.79	2024-10-18	19.0	7.42	2.4	255.82897489131432
5658	1587410	256.79	255.31	2024-10-18	19.0	7.42	2.4	256.8456444232082
5659	778079	255.3	256.6	2024-10-18	19.0	7.42	2.4	255.82897489131432
5660	203169	256.6	256.72	2024-10-18	19.0	7.42	2.4	256.86248084558184
5661	60904	256.72	257.19	2024-10-18	19.0	7.42	2.4	256.86248084558184
5662	439872	257.3	258.3	2024-10-21	19.0	7.42	2.4	256.8456444232082
5663	702505	258.31	257.89	2024-10-21	19.0	7.42	2.4	259.39177400273746
5664	868689	257.89	258.3	2024-10-21	19.0	7.42	2.4	256.8456444232082
5665	108793	258.12	257.9	2024-10-21	19.0	7.42	2.4	259.4086104251111
5666	27309	257.9	258.21	2024-10-21	19.0	7.42	2.4	256.86248084558184
5667	416096	258.1	256.75	2024-10-22	19.0	7.42	2.4	259.39177400273746
5668	708298	256.75	256.66	2024-10-22	19.0	7.42	2.4	256.8456444232082
5669	407016	256.67	255.85	2024-10-22	19.0	7.42	2.4	256.8456444232082
5670	135000	255.6	255.69	2024-10-22	19.0	7.42	2.4	255.84581131368793
5671	40058	255.76	255.42	2024-10-22	19.0	7.42	2.4	255.84581131368793
5672	787432	255.1	252.94	2024-10-23	19.0	7.42	2.4	255.82897489131432
5673	1122544	252.94	254.31	2024-10-23	19.0	7.42	2.4	252.86146289393162
5674	521919	254.31	253.41	2024-10-23	19.0	7.42	2.4	252.86146289393162
5675	575669	253.38	252.4	2024-10-23	19.0	7.42	2.4	252.86146289393162
5676	34531	252.4	252.01	2024-10-23	19.0	7.42	2.4	252.05517934401317
5677	482224	252.01	251.88	2024-10-24	19.0	7.42	2.4	252.03834292163955
5678	1137688	251.88	251.44	2024-10-24	19.0	7.42	2.4	252.03834292163955
5679	1061477	251.45	252.27	2024-10-24	19.0	7.42	2.4	252.03834292163955
5680	162732	252.32	252.09	2024-10-24	19.0	7.42	2.4	252.05517934401317
5681	32316	252.09	252.64	2024-10-24	19.0	7.42	2.4	252.05517934401317
5682	163903	252.72	252.65	2024-10-25	19.0	7.42	2.4	252.59716242235285
5683	3288122	252.64	252.1	2024-10-25	19.0	7.42	2.4	252.55102153323384
5684	3933088	252.1	247.27	2024-10-25	19.0	7.42	2.4	251.8922736035128
5685	557197	247.29	246.37	2024-10-25	19.0	7.42	2.4	247.5137588078194
5686	116483	246.37	246.35	2024-10-25	19.0	7.42	2.4	245.51384527774542
5687	1329411	245.02	245.51	2024-10-28	21.0	7.42	2.4	244.79191949319906
5688	3228148	245.52	244.91	2024-10-28	21.0	7.42	2.4	245.30879932605313
5689	1967767	244.91	242.8	2024-10-28	21.0	7.42	2.4	244.79191949319906
5690	614226	242.75	242.58	2024-10-28	21.0	7.42	2.4	242.88841488711643
5691	54547	242.57	242.56	2024-10-28	21.0	7.42	2.4	242.90525130949004
5692	837664	243.2	243.08	2024-10-29	21.0	7.42	2.4	242.88841488711643
5693	2335369	243.1	243.03	2024-10-29	21.0	7.42	2.4	242.88841488711643
5694	1150382	243.03	242.8	2024-10-29	21.0	7.42	2.4	242.88841488711643
5695	292502	243.0	243.0	2024-10-29	21.0	7.42	2.4	242.90525130949004
5696	97541	243.01	242.66	2024-10-29	21.0	7.42	2.4	242.90525130949004
5697	934002	242.7	245.39	2024-10-30	21.0	7.42	2.9	242.88841488711643
5698	1264913	245.39	243.34	2024-10-30	21.0	7.42	2.9	245.33810379279853
5699	897950	243.33	245.1	2024-10-30	21.0	7.42	2.9	244.0421839446131
5700	698104	244.4	242.16	2024-10-30	21.0	7.42	2.9	244.05659246530098
5701	187715	242.15	241.45	2024-10-30	21.0	7.42	2.9	241.74023663281574
5702	945313	241.4	242.17	2024-10-31	21.0	7.42	2.9	241.72340021044212
5703	2597388	242.17	241.4	2024-10-31	21.0	7.42	2.9	241.72340021044212
5704	1064485	241.39	239.26	2024-10-31	21.0	7.42	2.9	241.72340021044212
5705	1032939	239.25	237.6	2024-10-31	21.0	7.42	2.9	239.06879734092138
5706	87288	237.6	237.9	2024-10-31	21.0	7.42	2.9	237.617377412215
5707	600271	237.9	237.34	2024-11-01	21.0	7.42	2.9	237.6005409898414
5708	2336013	237.34	236.05	2024-11-01	21.0	7.42	2.9	237.6005409898414
5709	1419222	236.03	238.16	2024-11-01	21.0	7.42	2.9	236.895716548712
5710	435947	238.2	237.93	2024-11-01	21.0	7.42	2.9	237.6005409898414
5711	45624	237.9	238.03	2024-11-01	21.0	7.42	2.9	237.617377412215
5712	225847	237.9	238.45	2024-11-02	21.0	7.42	2.9	237.617377412215
5713	389752	238.46	238.9	2024-11-02	21.0	7.42	2.9	237.6005409898414
5714	677307	238.9	238.93	2024-11-02	21.0	7.42	2.9	239.06879734092138
5715	165055	238.88	239.0	2024-11-02	21.0	7.42	2.9	239.085633763295
5716	31584	239.0	238.97	2024-11-02	21.0	7.42	2.9	239.085633763295
5717	704222	239.6	239.77	2024-11-05	21.0	7.42	2.9	239.06879734092138
5718	993198	239.77	240.15	2024-11-05	21.0	7.42	2.9	239.11179835984927
5719	714728	240.14	239.23	2024-11-05	21.0	7.42	2.9	239.11179835984927
5720	374225	239.49	238.91	2024-11-05	21.0	7.42	2.9	239.06879734092138
5721	30854	238.9	239.23	2024-11-05	21.0	7.42	2.9	239.085633763295
5722	2745831	247.0	246.61	2024-11-06	21.0	7.42	2.9	247.16007600980325
5723	3137378	246.65	245.08	2024-11-06	21.0	7.42	2.9	247.16007600980325
5724	1528069	245.08	243.19	2024-11-06	21.0	7.42	2.9	244.79191949319906
5725	400739	243.2	243.35	2024-11-06	21.0	7.42	2.9	242.88841488711643
5726	84503	243.35	243.6	2024-11-06	21.0	7.42	2.9	244.05902036698672
5727	1380441	243.26	245.08	2024-11-07	21.0	7.42	2.9	243.66380407018838
5728	1689284	245.09	248.04	2024-11-07	21.0	7.42	2.9	245.33810379279853
5729	1098398	248.0	249.56	2024-11-07	21.0	7.42	2.9	248.44520687953977
5730	274396	249.6	250.93	2024-11-07	21.0	7.42	2.9	249.55124759280116
5731	1482891	251.5	252.87	2024-11-08	21.0	7.42	2.9	252.03834292163955
5732	2054797	252.86	251.21	2024-11-08	21.0	7.42	2.9	252.58032599997924
5733	920063	251.21	252.8	2024-11-08	21.0	7.42	2.9	252.03834292163955
5734	1166949	252.99	255.75	2024-11-08	21.0	7.42	2.9	252.86146289393162
5735	183937	255.75	255.98	2024-11-08	21.0	7.42	2.9	255.84581131368793
5736	1856786	257.99	257.91	2024-11-11	21.0	7.42	2.9	259.39177400273746
5737	2663714	257.91	258.29	2024-11-11	21.0	7.42	2.9	256.8714354293697
5738	1745619	258.29	260.5	2024-11-11	21.0	7.42	2.9	259.39177400273746
5739	435185	260.6	260.34	2024-11-11	21.0	7.42	2.9	260.87598738933775
5740	83490	260.33	260.73	2024-11-11	21.0	7.42	2.9	259.5557236297063
5741	996447	259.99	258.51	2024-11-12	21.0	7.42	2.9	259.53888720733266
5742	1224756	258.52	257.7	2024-11-12	21.0	7.42	2.9	259.39177400273746
5743	1427158	257.7	256.27	2024-11-12	21.0	7.42	2.9	256.8456444232082
5744	374444	256.25	255.51	2024-11-12	21.0	7.42	2.9	255.82897489131432
5745	69880	255.51	255.77	2024-11-12	21.0	7.42	2.9	255.84581131368793
5746	650446	255.29	255.79	2024-11-13	21.0	7.42	2.9	255.82897489131432
5747	1510727	255.78	256.28	2024-11-13	21.0	7.42	2.9	255.82897489131432
5748	1079263	256.27	258.6	2024-11-13	21.0	7.42	2.9	256.53366920167025
5749	1044666	257.9	255.07	2024-11-13	21.0	7.42	2.9	256.8456444232082
5750	168900	255.07	254.7	2024-11-13	21.0	7.42	2.9	255.84581131368793
5751	614748	254.26	255.33	2024-11-14	21.0	7.42	2.9	252.86146289393162
5752	1379262	255.31	253.06	2024-11-14	21.0	7.42	2.9	255.82897489131432
5753	1913622	253.06	249.72	2024-11-14	21.0	7.42	2.9	252.86146289393162
5754	443797	249.68	249.43	2024-11-14	21.0	7.42	2.9	249.53441117042755
5755	768076	249.53441117042755			21.0	7.42	2.9	266.7722062144909
5756	768076	249.53441117042755			21.0	7.42	2.9	265.79022617476227
5757	768076	249.53441117042755			21.0	7.42	2.9	265.77338975238865
5758	768076	249.53441117042755			21.0	7.42	2.9	266.7722062144909
5759	768076	249.53441117042755			21.0	7.42	2.9	265.24450592504365
5760	768076	249.53441117042755			21.0	7.42	2.9	259.39177400273746
5761	768076	249.53441117042755			21.0	7.42	2.9	259.4086104251111
5762	768076	249.53441117042755			21.0	7.42	2.9	259.39177400273746
5763	768076	249.53441117042755			21.0	7.42	2.9	259.53888720733266
5764	768076	249.53441117042755			21.0	7.42	2.9	259.4175650088989
5765	768076	249.53441117042755			21.0	7.42	2.9	262.9852407221356
5766	768076	249.53441117042755			21.0	7.42	2.9	265.26134234741727
5767	768076	249.53441117042755			21.0	7.42	2.9	265.24450592504365
5768	768076	249.53441117042755			21.0	7.42	2.9	265.24450592504365
5769	768076	249.53441117042755			21.0	7.42	2.9	265.24450592504365
5770	768076	249.53441117042755			21.0	7.42	2.9	263.0020771445092
5771	768076	249.53441117042755			21.0	7.42	2.9	263.0020771445092
5772	768076	249.53441117042755			21.0	7.42	2.9	265.24450592504365
5773	768076	249.53441117042755			21.0	7.42	2.9	262.9852407221356
5774	768076	249.53441117042755			21.0	7.42	2.9	262.07979440599047
5775	768076	249.53441117042755			21.0	7.42	2.9	263.0020771445092
5776	768076	249.53441117042755			21.0	7.42	2.9	263.0020771445092
5777	768076	249.53441117042755			21.0	7.42	2.9	263.0020771445092
5778	768076	249.53441117042755			21.0	7.42	2.9	262.07979440599047
5779	768076	249.53441117042755			21.0	7.42	2.9	262.9852407221356
5780	768076	249.53441117042755			21.0	7.42	2.9	263.0020771445092
5781	768076	249.53441117042755			21.0	7.42	2.9	262.0966308283641
5782	768076	249.53441117042755			21.0	7.42	2.9	262.4916015970293
5783	768076	249.53441117042755			21.0	7.42	2.9	261.1001794043713
5784	768076	249.53441117042755			21.0	7.42	2.9	260.87598738933775
5785	768076	249.53441117042755			21.0	7.42	2.9	259.4086104251111
5786	768076	249.53441117042755			21.0	7.42	2.9	260.89282381171137
5787	768076	249.53441117042755			21.0	7.42	2.9	260.89282381171137
5788	768076	249.53441117042755			21.0	7.42	2.9	260.87598738933775
5789	768076	249.53441117042755			21.0	7.42	2.9	259.39177400273746
5790	768076	249.53441117042755			21.0	7.42	2.9	259.5557236297063
5791	768076	249.53441117042755			21.0	7.42	2.9	259.5557236297063
5792	768076	249.53441117042755			21.0	7.42	2.9	259.4086104251111
5793	768076	249.53441117042755			21.0	7.42	2.9	259.39177400273746
5794	768076	249.53441117042755			21.0	7.42	2.9	256.8456444232082
5795	768076	249.53441117042755			21.0	7.42	2.9	259.4086104251111
5796	768076	249.53441117042755			21.0	7.42	2.9	256.86248084558184
5797	768076	249.53441117042755			21.0	7.42	2.9	255.82897489131432
5798	768076	249.53441117042755			21.0	7.42	2.9	255.82897489131432
5799	768076	249.53441117042755			21.0	7.42	2.9	260.87598738933775
5800	768076	249.53441117042755			21.0	7.42	2.9	259.53888720733266
5801	768076	249.53441117042755			21.0	7.42	2.9	260.89282381171137
5802	768076	249.53441117042755			21.0	7.42	2.9	260.87598738933775
5803	768076	249.53441117042755			21.0	7.42	2.9	261.1001794043713
5804	768076	249.53441117042755			21.0	7.42	2.9	262.9852407221356
5805	768076	249.53441117042755			21.0	7.42	2.9	262.0966308283641
5806	768076	249.53441117042755			21.0	7.42	2.9	262.0966308283641
5807	768076	249.53441117042755			21.0	7.42	2.9	262.07979440599047
5808	768076	249.53441117042755			21.0	7.42	2.9	265.24450592504365
5809	768076	249.53441117042755			21.0	7.42	2.9	259.39177400273746
5810	768076	249.53441117042755			21.0	7.42	2.9	259.4086104251111
5811	768076	249.53441117042755			21.0	7.42	2.9	259.4086104251111
5812	768076	249.53441117042755			21.0	7.42	2.9	259.39177400273746
5813	768076	249.53441117042755			21.0	7.42	2.9	259.39177400273746
5814	768076	249.53441117042755			21.0	7.42	2.9	256.8456444232082
5815	768076	249.53441117042755			21.0	7.42	2.9	256.86248084558184
5816	768076	249.53441117042755			21.0	7.42	2.9	256.86248084558184
5817	768076	249.53441117042755			21.0	7.42	2.9	255.82897489131432
5818	768076	249.53441117042755			21.0	7.42	2.9	256.8456444232082
5819	768076	249.53441117042755			21.0	7.42	2.9	255.82897489131432
5820	768076	249.53441117042755			21.0	7.42	2.9	256.86248084558184
5821	768076	249.53441117042755			21.0	7.42	2.9	256.86248084558184
5822	768076	249.53441117042755			21.0	7.42	2.9	256.8456444232082
5823	768076	249.53441117042755			21.0	7.42	2.9	259.39177400273746
5824	768076	249.53441117042755			21.0	7.42	2.9	256.8456444232082
5825	768076	249.53441117042755			21.0	7.42	2.9	259.4086104251111
5826	768076	249.53441117042755			21.0	7.42	2.9	256.86248084558184
5827	768076	249.53441117042755			21.0	7.42	2.9	259.39177400273746
5828	768076	249.53441117042755			21.0	7.42	2.9	256.8456444232082
5829	768076	249.53441117042755			21.0	7.42	2.9	256.8456444232082
5830	768076	249.53441117042755			21.0	7.42	2.9	255.84581131368793
5831	768076	249.53441117042755			21.0	7.42	2.9	255.84581131368793
5832	768076	249.53441117042755			21.0	7.42	2.9	255.82897489131432
5833	768076	249.53441117042755			21.0	7.42	2.9	252.86146289393162
5834	768076	249.53441117042755			21.0	7.42	2.9	252.86146289393162
5835	768076	249.53441117042755			21.0	7.42	2.9	252.86146289393162
5836	768076	249.53441117042755			21.0	7.42	2.9	252.05517934401317
5837	768076	249.53441117042755			21.0	7.42	2.9	252.03834292163955
5838	768076	249.53441117042755			21.0	7.42	2.9	252.03834292163955
5839	768076	249.53441117042755			21.0	7.42	2.9	252.03834292163955
5840	768076	249.53441117042755			21.0	7.42	2.9	252.05517934401317
5841	768076	249.53441117042755			21.0	7.42	2.9	252.05517934401317
5842	768076	249.53441117042755			21.0	7.42	2.9	252.59716242235285
5843	768076	249.53441117042755			21.0	7.42	2.9	252.55102153323384
5844	768076	249.53441117042755			21.0	7.42	2.9	251.8922736035128
5845	768076	249.53441117042755			21.0	7.42	2.9	247.5137588078194
5846	768076	249.53441117042755			21.0	7.42	2.9	245.51384527774542
5847	768076	249.53441117042755			21.0	7.42	2.9	244.79191949319906
5848	768076	249.53441117042755			21.0	7.42	2.9	245.30879932605313
5849	768076	249.53441117042755			21.0	7.42	2.9	244.79191949319906
5850	768076	249.53441117042755			21.0	7.42	2.9	242.88841488711643
5851	768076	249.53441117042755			21.0	7.42	2.9	242.90525130949004
5852	768076	249.53441117042755			21.0	7.42	2.9	242.88841488711643
5853	768076	249.53441117042755			21.0	7.42	2.9	242.88841488711643
5854	768076	249.53441117042755			21.0	7.42	2.9	242.88841488711643
5855	768076	249.53441117042755			21.0	7.42	2.9	242.90525130949004
5856	768076	249.53441117042755			21.0	7.42	2.9	242.90525130949004
5857	768076	249.53441117042755			21.0	7.42	2.9	242.88841488711643
5858	768076	249.53441117042755			21.0	7.42	2.9	245.33810379279853
5859	768076	249.53441117042755			21.0	7.42	2.9	244.0421839446131
5860	768076	249.53441117042755			21.0	7.42	2.9	244.05659246530098
5861	768076	249.53441117042755			21.0	7.42	2.9	241.74023663281574
5862	768076	249.53441117042755			21.0	7.42	2.9	241.72340021044212
5863	768076	249.53441117042755			21.0	7.42	2.9	241.72340021044212
5864	768076	249.53441117042755			21.0	7.42	2.9	241.72340021044212
5865	768076	249.53441117042755			21.0	7.42	2.9	239.06879734092138
5866	768076	249.53441117042755			21.0	7.42	2.9	237.617377412215
5867	768076	249.53441117042755			21.0	7.42	2.9	237.6005409898414
5868	768076	249.53441117042755			21.0	7.42	2.9	237.6005409898414
5869	768076	249.53441117042755			21.0	7.42	2.9	236.895716548712
5870	768076	249.53441117042755			21.0	7.42	2.9	237.6005409898414
5871	768076	249.53441117042755			21.0	7.42	2.9	237.617377412215
5872	768076	249.53441117042755			21.0	7.42	2.9	237.617377412215
5873	768076	249.53441117042755			21.0	7.42	2.9	237.6005409898414
5874	768076	249.53441117042755			21.0	7.42	2.9	239.06879734092138
5875	768076	249.53441117042755			21.0	7.42	2.9	239.085633763295
5876	768076	249.53441117042755			21.0	7.42	2.9	239.085633763295
5877	768076	249.53441117042755			21.0	7.42	2.9	239.06879734092138
5878	768076	249.53441117042755			21.0	7.42	2.9	239.11179835984927
5879	768076	249.53441117042755			21.0	7.42	2.9	239.11179835984927
5880	768076	249.53441117042755			21.0	7.42	2.9	239.06879734092138
5881	768076	249.53441117042755			21.0	7.42	2.9	239.085633763295
5882	768076	249.53441117042755			21.0	7.42	2.9	247.16007600980325
5883	768076	249.53441117042755			21.0	7.42	2.9	247.16007600980325
5884	768076	249.53441117042755			21.0	7.42	2.9	244.79191949319906
5885	768076	249.53441117042755			21.0	7.42	2.9	242.88841488711643
5886	768076	249.53441117042755			21.0	7.42	2.9	244.05902036698672
5887	768076	249.53441117042755			21.0	7.42	2.9	243.66380407018838
5888	768076	249.53441117042755			21.0	7.42	2.9	245.33810379279853
5889	768076	249.53441117042755			21.0	7.42	2.9	248.44520687953977
5890	768076	249.53441117042755			21.0	7.42	2.9	249.55124759280116
5891	768076	249.53441117042755			21.0	7.42	2.9	252.03834292163955
5892	768076	249.53441117042755			21.0	7.42	2.9	252.58032599997924
5893	768076	249.53441117042755			21.0	7.42	2.9	252.03834292163955
5894	768076	249.53441117042755			21.0	7.42	2.9	252.86146289393162
5895	768076	249.53441117042755			21.0	7.42	2.9	255.84581131368793
5896	768076	249.53441117042755			21.0	7.42	2.9	259.39177400273746
5897	768076	249.53441117042755			21.0	7.42	2.9	256.8714354293697
5898	768076	249.53441117042755			21.0	7.42	2.9	259.39177400273746
5899	768076	249.53441117042755			21.0	7.42	2.9	260.87598738933775
5900	768076	249.53441117042755			21.0	7.42	2.9	259.5557236297063
5901	768076	249.53441117042755			21.0	7.42	2.9	259.53888720733266
5902	768076	249.53441117042755			21.0	7.42	2.9	259.39177400273746
5903	768076	249.53441117042755			21.0	7.42	2.9	256.8456444232082
5904	768076	249.53441117042755			21.0	7.42	2.9	255.82897489131432
5905	768076	249.53441117042755			21.0	7.42	2.9	255.84581131368793
5906	768076	249.53441117042755			21.0	7.42	2.9	255.82897489131432
5907	768076	249.53441117042755			21.0	7.42	2.9	255.82897489131432
5908	768076	249.53441117042755			21.0	7.42	2.9	256.53366920167025
5909	768076	249.53441117042755			21.0	7.42	2.9	256.8456444232082
5910	768076	249.53441117042755			21.0	7.42	2.9	255.84581131368793
5911	768076	249.53441117042755			21.0	7.42	2.9	252.86146289393162
5912	768076	249.53441117042755			21.0	7.42	2.9	255.82897489131432
5913	768076	249.53441117042755			21.0	7.42	2.9	252.86146289393162
5914	768076	249.53441117042755			21.0	7.42	2.9	249.53441117042755
