time,volume,open,close,date,rate,infl,vvp
12:00:00,47,60.0,60.0,2019-11-15,6.5,3.77,2.0
08:00:00,1,59.8,59.8,2019-11-18,6.5,3.77,2.0
12:00:00,8,59.2,59.2,2019-11-18,6.5,3.77,2.0
12:00:00,11,59.0,59.2,2019-11-19,6.5,3.77,2.0
12:00:00,12,59.4,59.4,2019-11-20,6.5,3.77,2.2
08:00:00,27,59.2,59.6,2019-11-21,6.5,3.77,2.2
12:00:00,11,59.6,59.8,2019-11-21,6.5,3.77,2.2
08:00:00,5,59.4,59.0,2019-11-22,6.5,3.77,2.2
12:00:00,15,59.4,59.8,2019-11-22,6.5,3.77,2.2
04:00:00,1,61.0,61.0,2019-11-25,6.5,3.77,2.2
08:00:00,36,59.8,59.8,2019-11-25,6.5,3.77,2.2
12:00:00,486,58.8,58.6,2019-11-25,6.5,3.77,2.2
04:00:00,13,58.2,57.6,2019-11-26,6.5,3.77,2.2
08:00:00,4,59.0,59.0,2019-11-26,6.5,3.77,2.2
12:00:00,1,59.0,59.0,2019-11-26,6.5,3.77,2.2
08:00:00,44,58.2,59.4,2019-11-27,6.5,3.77,2.2
12:00:00,4,59.2,59.6,2019-11-27,6.5,3.77,2.2
12:00:00,1,59.4,59.4,2019-11-28,6.5,3.77,2.2
08:00:00,1,58.6,58.6,2019-11-29,6.5,3.77,2.2
12:00:00,7,59.0,59.6,2019-11-29,6.5,3.77,2.2
08:00:00,86,59.6,59.0,2019-12-02,6.5,3.54,2.2
12:00:00,3,59.4,59.0,2019-12-02,6.5,3.54,2.2
04:00:00,20,59.6,60.0,2019-12-03,6.5,3.54,2.2
08:00:00,14,59.8,59.8,2019-12-03,6.5,3.54,2.2
12:00:00,123,60.0,60.6,2019-12-03,6.5,3.54,2.2
08:00:00,55,60.0,60.0,2019-12-04,6.5,3.54,2.2
12:00:00,26,59.2,60.0,2019-12-04,6.5,3.54,2.2
04:00:00,87,59.0,59.0,2019-12-05,6.5,3.54,2.2
08:00:00,3,59.2,59.2,2019-12-05,6.5,3.54,2.2
12:00:00,30,59.4,59.4,2019-12-05,6.5,3.54,2.2
08:00:00,9,58.4,59.0,2019-12-06,6.5,3.54,2.2
12:00:00,1,59.0,59.0,2019-12-06,6.5,3.54,2.2
08:00:00,230,59.2,60.8,2019-12-09,6.5,3.54,2.2
12:00:00,8,60.4,59.8,2019-12-09,6.5,3.54,2.2
04:00:00,1,59.2,59.2,2019-12-10,6.5,3.54,2.2
08:00:00,2,60.2,59.2,2019-12-10,6.5,3.54,2.2
12:00:00,2958,59.4,83.6,2019-12-10,6.5,3.54,2.2
04:00:00,1489,90.2,78.2,2019-12-11,6.5,3.54,2.2
08:00:00,1499,78.2,74.6,2019-12-11,6.5,3.54,2.2
12:00:00,759,74.6,78.0,2019-12-11,6.5,3.54,2.2
04:00:00,100,77.0,78.8,2019-12-12,6.5,3.54,2.2
08:00:00,136,80.0,75.6,2019-12-12,6.5,3.54,2.2
12:00:00,424,77.4,77.6,2019-12-12,6.5,3.54,2.2
04:00:00,108,77.8,79.8,2019-12-13,6.5,3.54,2.2
08:00:00,62,79.6,79.2,2019-12-13,6.5,3.54,2.2
12:00:00,521,79.2,78.6,2019-12-13,6.5,3.54,2.2
08:00:00,35,77.8,78.8,2019-12-16,6.25,3.54,2.2
12:00:00,19,77.2,77.4,2019-12-16,6.25,3.54,2.2
04:00:00,47,77.4,76.8,2019-12-17,6.25,3.54,2.2
08:00:00,55,75.8,75.4,2019-12-17,6.25,3.54,2.2
12:00:00,120,75.6,77.4,2019-12-17,6.25,3.54,2.2
08:00:00,961,77.2,81.0,2019-12-18,6.25,3.54,1.6
12:00:00,706,81.0,76.8,2019-12-18,6.25,3.54,1.6
04:00:00,347,76.0,75.2,2019-12-19,6.25,3.54,1.6
08:00:00,270,75.8,76.2,2019-12-19,6.25,3.54,1.6
12:00:00,55,76.2,78.0,2019-12-19,6.25,3.54,1.6
04:00:00,28,74.8,76.2,2019-12-20,6.25,3.54,1.6
08:00:00,30,75.8,76.6,2019-12-20,6.25,3.54,1.6
12:00:00,84,76.0,76.8,2019-12-20,6.25,3.54,1.6
04:00:00,9,77.0,77.8,2019-12-23,6.25,3.54,1.6
08:00:00,18,77.8,76.0,2019-12-23,6.25,3.54,1.6
12:00:00,53,76.0,76.6,2019-12-23,6.25,3.54,1.6
04:00:00,5,75.2,75.8,2019-12-24,6.25,3.54,1.6
08:00:00,125,76.0,76.2,2019-12-24,6.25,3.54,1.6
12:00:00,10,75.2,76.2,2019-12-24,6.25,3.54,1.6
04:00:00,10,75.4,75.2,2019-12-25,6.25,3.54,1.6
08:00:00,59,76.0,75.2,2019-12-25,6.25,3.54,1.6
12:00:00,676,75.8,78.8,2019-12-25,6.25,3.54,1.6
04:00:00,28,76.8,76.0,2019-12-26,6.25,3.54,1.6
08:00:00,99,76.0,77.2,2019-12-26,6.25,3.54,1.6
12:00:00,89,77.0,76.8,2019-12-26,6.25,3.54,1.6
04:00:00,402,77.0,80.6,2019-12-27,6.25,3.54,1.6
08:00:00,561,80.0,81.4,2019-12-27,6.25,3.54,1.6
12:00:00,256,81.4,79.0,2019-12-27,6.25,3.54,1.6
04:00:00,2,79.0,79.0,2019-12-30,6.25,3.54,1.6
08:00:00,65,78.0,76.8,2019-12-30,6.25,3.54,1.6
12:00:00,120,76.8,77.6,2019-12-30,6.25,3.54,1.6
04:00:00,35,76.2,77.8,2020-01-03,6.25,3.05,1.6
08:00:00,221,78.0,82.8,2020-01-03,6.25,3.05,1.6
12:00:00,1304,82.8,87.8,2020-01-03,6.25,3.05,1.6
04:00:00,330,89.0,88.2,2020-01-06,6.25,3.05,1.6
08:00:00,418,86.6,88.6,2020-01-06,6.25,3.05,1.6
12:00:00,1486,88.6,83.4,2020-01-06,6.25,3.05,1.6
04:00:00,24,83.2,83.0,2020-01-08,6.25,3.05,1.6
08:00:00,267,83.0,83.0,2020-01-08,6.25,3.05,1.6
12:00:00,274,82.2,82.4,2020-01-08,6.25,3.05,1.6
04:00:00,4,80.4,81.6,2020-01-09,6.25,3.05,1.6
08:00:00,81,81.6,80.2,2020-01-09,6.25,3.05,1.6
12:00:00,13,81.4,81.2,2020-01-09,6.25,3.05,1.6
04:00:00,37,81.0,79.2,2020-01-10,6.25,3.05,1.6
08:00:00,587,79.2,79.2,2020-01-10,6.25,3.05,1.6
12:00:00,319,79.2,78.8,2020-01-10,6.25,3.05,1.6
04:00:00,23,79.2,78.8,2020-01-13,6.25,3.05,1.6
08:00:00,44,78.8,80.0,2020-01-13,6.25,3.05,1.6
12:00:00,25,79.2,79.8,2020-01-13,6.25,3.05,1.6
04:00:00,122,79.6,79.6,2020-01-14,6.25,3.05,1.6
08:00:00,25,79.6,79.0,2020-01-14,6.25,3.05,1.6
12:00:00,6,79.0,79.0,2020-01-14,6.25,3.05,1.6
04:00:00,2,79.0,79.0,2020-01-15,6.25,3.05,1.6
08:00:00,67,79.0,79.8,2020-01-15,6.25,3.05,1.6
12:00:00,21,78.0,79.0,2020-01-15,6.25,3.05,1.6
08:00:00,105,78.8,78.0,2020-01-16,6.25,3.05,1.6
12:00:00,124,79.0,77.0,2020-01-16,6.25,3.05,1.6
04:00:00,40,77.6,77.0,2020-01-17,6.25,3.05,1.6
08:00:00,213,76.6,77.4,2020-01-17,6.25,3.05,1.6
12:00:00,28,78.0,77.4,2020-01-17,6.25,3.05,1.6
04:00:00,76,77.6,78.6,2020-01-20,6.25,3.05,1.6
08:00:00,92,78.6,78.6,2020-01-20,6.25,3.05,1.6
12:00:00,49,78.4,78.0,2020-01-20,6.25,3.05,1.6
04:00:00,36,78.2,77.4,2020-01-21,6.25,3.05,1.6
08:00:00,83,77.4,78.8,2020-01-21,6.25,3.05,1.6
12:00:00,55,77.4,78.0,2020-01-21,6.25,3.05,1.6
08:00:00,39,77.0,78.0,2020-01-22,6.25,3.05,1.6
12:00:00,17,77.2,78.0,2020-01-22,6.25,3.05,1.6
04:00:00,3,77.0,77.0,2020-01-23,6.25,3.05,1.6
08:00:00,23,78.0,77.4,2020-01-23,6.25,3.05,1.6
12:00:00,11,76.4,76.6,2020-01-23,6.25,3.05,1.6
04:00:00,2,75.4,76.0,2020-01-24,6.25,3.05,1.6
08:00:00,64,77.4,77.8,2020-01-24,6.25,3.05,1.6
12:00:00,391,77.0,75.6,2020-01-24,6.25,3.05,1.6
04:00:00,103,75.8,78.4,2020-01-27,6.25,3.05,1.6
08:00:00,269,78.4,74.8,2020-01-27,6.25,3.05,1.6
12:00:00,292,74.6,73.6,2020-01-27,6.25,3.05,1.6
04:00:00,15,74.2,75.0,2020-01-28,6.25,3.05,1.6
08:00:00,31,75.0,73.8,2020-01-28,6.25,3.05,1.6
12:00:00,31,73.8,74.0,2020-01-28,6.25,3.05,1.6
04:00:00,21,73.0,73.8,2020-01-29,6.25,3.05,1.6
08:00:00,81,73.8,73.0,2020-01-29,6.25,3.05,1.6
12:00:00,301,73.0,72.8,2020-01-29,6.25,3.05,1.6
04:00:00,7,72.8,73.0,2020-01-30,6.25,3.05,2.4
08:00:00,3916,73.0,77.8,2020-01-30,6.25,3.05,2.4
12:00:00,941,76.2,73.6,2020-01-30,6.25,3.05,2.4
04:00:00,444,73.8,72.2,2020-01-31,6.25,3.05,2.4
08:00:00,652,72.2,72.2,2020-01-31,6.25,3.05,2.4
12:00:00,110,72.4,71.8,2020-01-31,6.25,3.05,2.4
04:00:00,219,71.2,69.6,2020-02-03,6.25,3.05,2.4
08:00:00,581,70.0,71.4,2020-02-03,6.25,3.05,2.4
12:00:00,19,72.0,72.0,2020-02-03,6.25,3.05,2.4
08:00:00,28,70.2,71.8,2020-02-04,6.25,3.05,2.4
12:00:00,204,71.8,71.6,2020-02-04,6.25,3.05,2.4
04:00:00,55,72.0,71.0,2020-02-05,6.25,3.05,2.4
08:00:00,141,71.2,71.2,2020-02-05,6.25,3.05,2.4
12:00:00,113,71.2,71.0,2020-02-05,6.25,3.05,2.4
04:00:00,1,71.8,71.8,2020-02-06,6.25,3.05,2.4
08:00:00,96,71.2,71.2,2020-02-06,6.25,3.05,2.4
12:00:00,247,70.6,70.0,2020-02-06,6.25,3.05,2.4
04:00:00,24,70.8,72.6,2020-02-07,6.25,3.05,2.4
08:00:00,510,72.6,74.6,2020-02-07,6.25,3.05,2.4
12:00:00,117,74.0,72.2,2020-02-07,6.25,3.05,2.4
04:00:00,16,74.4,74.0,2020-02-10,6.0,3.05,2.4
08:00:00,46,74.0,72.0,2020-02-10,6.0,3.05,2.4
12:00:00,72,72.8,73.6,2020-02-10,6.0,3.05,2.4
04:00:00,21,74.0,72.0,2020-02-11,6.0,3.05,2.4
08:00:00,61,73.2,73.4,2020-02-11,6.0,3.05,2.4
12:00:00,129,73.2,74.2,2020-02-11,6.0,3.05,2.4
04:00:00,48,74.4,74.2,2020-02-12,6.0,3.05,2.4
08:00:00,144,72.8,75.0,2020-02-12,6.0,3.05,2.4
12:00:00,75,74.0,75.0,2020-02-12,6.0,3.05,2.4
08:00:00,36,74.8,73.2,2020-02-13,6.0,3.05,2.4
12:00:00,14,73.8,73.8,2020-02-13,6.0,3.05,2.4
04:00:00,178,74.8,76.2,2020-02-14,6.0,3.05,2.4
08:00:00,166,75.8,75.0,2020-02-14,6.0,3.05,2.4
12:00:00,93,75.0,74.8,2020-02-14,6.0,3.05,2.4
04:00:00,35,73.6,73.0,2020-02-17,6.0,3.05,2.4
08:00:00,66,74.8,75.6,2020-02-17,6.0,3.05,2.4
12:00:00,21,75.4,75.0,2020-02-17,6.0,3.05,2.4
04:00:00,46,75.4,73.6,2020-02-18,6.0,3.05,2.4
08:00:00,44,73.6,75.0,2020-02-18,6.0,3.05,2.4
12:00:00,87,75.0,75.4,2020-02-18,6.0,3.05,2.4
04:00:00,5,75.8,75.0,2020-02-19,6.0,3.05,2.4
08:00:00,347,75.6,78.8,2020-02-19,6.0,3.05,2.4
12:00:00,91,77.4,75.2,2020-02-19,6.0,3.05,2.4
04:00:00,9,77.2,75.6,2020-02-20,6.0,3.05,1.6
08:00:00,8,76.0,75.4,2020-02-20,6.0,3.05,1.6
12:00:00,68,75.6,75.4,2020-02-20,6.0,3.05,1.6
04:00:00,50,76.0,76.0,2020-02-21,6.0,3.05,1.6
08:00:00,136,76.2,76.0,2020-02-21,6.0,3.05,1.6
12:00:00,61,76.2,76.2,2020-02-21,6.0,3.05,1.6
04:00:00,28,76.4,75.0,2020-02-25,6.0,3.05,1.6
08:00:00,43,74.8,74.0,2020-02-25,6.0,3.05,1.6
12:00:00,29,74.2,75.4,2020-02-25,6.0,3.05,1.6
04:00:00,6,74.2,74.2,2020-02-26,6.0,3.05,1.6
08:00:00,22,74.0,73.4,2020-02-26,6.0,3.05,1.6
12:00:00,34,73.2,73.0,2020-02-26,6.0,3.05,1.6
04:00:00,39,72.0,72.0,2020-02-27,6.0,3.05,1.6
08:00:00,95,72.0,75.0,2020-02-27,6.0,3.05,1.6
12:00:00,69,75.4,71.8,2020-02-27,6.0,3.05,1.6
04:00:00,9,70.0,70.0,2020-02-28,6.0,3.05,1.6
08:00:00,50,69.8,68.0,2020-02-28,6.0,3.05,1.6
12:00:00,79,68.6,68.4,2020-02-28,6.0,3.05,1.6
04:00:00,16,72.6,72.6,2020-03-02,6.0,2.42,1.6
08:00:00,194,72.4,72.4,2020-03-02,6.0,2.42,1.6
12:00:00,54,72.4,70.8,2020-03-02,6.0,2.42,1.6
04:00:00,3,72.2,72.6,2020-03-03,6.0,2.42,1.6
08:00:00,16,72.4,72.2,2020-03-03,6.0,2.42,1.6
12:00:00,2,72.2,72.2,2020-03-03,6.0,2.42,1.6
04:00:00,33,70.8,70.2,2020-03-04,6.0,2.42,1.6
08:00:00,7,71.8,71.2,2020-03-04,6.0,2.42,1.6
12:00:00,437,70.8,70.6,2020-03-04,6.0,2.42,1.6
04:00:00,1,70.0,70.0,2020-03-05,6.0,2.42,1.6
08:00:00,74,70.0,70.0,2020-03-05,6.0,2.42,1.6
12:00:00,74,69.8,69.8,2020-03-05,6.0,2.42,1.6
04:00:00,11,69.0,69.0,2020-03-06,6.0,2.42,1.6
08:00:00,96,68.2,70.0,2020-03-06,6.0,2.42,1.6
12:00:00,171,68.0,68.8,2020-03-06,6.0,2.42,1.6
04:00:00,307,65.2,64.2,2020-03-10,6.0,2.42,1.6
08:00:00,31,63.2,65.0,2020-03-10,6.0,2.42,1.6
12:00:00,110,66.0,62.8,2020-03-10,6.0,2.42,1.6
04:00:00,36,63.0,67.0,2020-03-11,6.0,2.42,1.6
08:00:00,59,67.2,63.8,2020-03-11,6.0,2.42,1.6
12:00:00,56,63.6,63.0,2020-03-11,6.0,2.42,1.6
04:00:00,10,62.2,63.0,2020-03-12,6.0,2.42,1.6
08:00:00,264,62.0,56.2,2020-03-12,6.0,2.42,1.6
12:00:00,56,58.8,55.6,2020-03-12,6.0,2.42,1.6
04:00:00,54,55.8,56.0,2020-03-13,6.0,2.42,1.6
08:00:00,75,61.4,59.4,2020-03-13,6.0,2.42,1.6
12:00:00,24,59.0,58.6,2020-03-13,6.0,2.42,1.6
04:00:00,15,58.4,55.6,2020-03-16,6.0,2.42,1.6
08:00:00,84,58.2,56.0,2020-03-16,6.0,2.42,1.6
12:00:00,237,55.6,55.4,2020-03-16,6.0,2.42,1.6
04:00:00,4,58.0,58.6,2020-03-17,6.0,2.42,1.6
08:00:00,75,58.4,59.0,2020-03-17,6.0,2.42,1.6
12:00:00,13,59.2,58.0,2020-03-17,6.0,2.42,1.6
04:00:00,6,58.2,58.0,2020-03-18,6.0,2.42,1.6
08:00:00,28,55.2,55.2,2020-03-18,6.0,2.42,1.6
12:00:00,108,55.2,55.2,2020-03-18,6.0,2.42,1.6
04:00:00,15,57.2,54.0,2020-03-19,6.0,2.42,1.6
08:00:00,49,53.2,55.8,2020-03-19,6.0,2.42,1.6
12:00:00,131,54.8,57.0,2020-03-19,6.0,2.42,1.6
04:00:00,7,59.2,58.8,2020-03-20,6.0,2.42,1.6
08:00:00,101,59.0,59.0,2020-03-20,6.0,2.42,1.6
12:00:00,23,59.2,58.0,2020-03-20,6.0,2.42,1.6
04:00:00,43,53.6,58.2,2020-03-23,6.0,2.42,2.9
08:00:00,181,58.2,58.0,2020-03-23,6.0,2.42,2.9
12:00:00,78,57.8,58.0,2020-03-23,6.0,2.42,2.9
04:00:00,1,59.0,59.0,2020-03-24,6.0,2.42,2.9
08:00:00,25,59.0,60.0,2020-03-24,6.0,2.42,2.9
12:00:00,122,59.0,62.0,2020-03-24,6.0,2.42,2.9
04:00:00,6,62.0,64.8,2020-03-25,6.0,2.42,2.9
08:00:00,71,64.8,63.2,2020-03-25,6.0,2.42,2.9
12:00:00,160,65.0,63.0,2020-03-25,6.0,2.42,2.9
04:00:00,7,63.0,64.6,2020-03-26,6.0,2.42,2.9
08:00:00,120,63.2,68.0,2020-03-26,6.0,2.42,2.9
12:00:00,49,66.8,64.4,2020-03-26,6.0,2.42,2.9
04:00:00,7,63.0,63.0,2020-03-27,6.0,2.42,2.9
08:00:00,80,62.4,62.8,2020-03-27,6.0,2.42,2.9
12:00:00,36,61.0,62.0,2020-03-27,6.0,2.42,2.9
04:00:00,126,62.0,61.2,2020-03-30,6.0,2.42,2.9
08:00:00,88,61.2,63.0,2020-03-30,6.0,2.42,2.9
12:00:00,18,62.2,61.4,2020-03-30,6.0,2.42,2.9
04:00:00,12,63.4,64.2,2020-03-31,6.0,2.31,2.9
08:00:00,134,63.0,62.0,2020-03-31,6.0,2.31,2.9
12:00:00,134,61.8,62.6,2020-03-31,6.0,2.31,2.9
04:00:00,24,62.8,63.0,2020-04-01,6.0,2.31,2.9
08:00:00,321,62.2,66.0,2020-04-01,6.0,2.31,2.9
12:00:00,427,65.0,64.0,2020-04-01,6.0,2.31,2.9
04:00:00,16,64.0,63.6,2020-04-02,6.0,2.31,2.9
08:00:00,294,63.8,65.0,2020-04-02,6.0,2.31,2.9
12:00:00,249,64.2,62.8,2020-04-02,6.0,2.31,2.9
04:00:00,44,63.2,64.2,2020-04-03,6.0,2.31,2.9
08:00:00,12,64.0,62.8,2020-04-03,6.0,2.31,2.9
12:00:00,48,62.8,61.8,2020-04-03,6.0,2.31,2.9
04:00:00,42,61.2,62.8,2020-04-06,6.0,2.31,2.9
08:00:00,79,62.8,63.0,2020-04-06,6.0,2.31,2.9
12:00:00,56,63.0,63.6,2020-04-06,6.0,2.31,2.9
04:00:00,31,64.4,63.0,2020-04-07,6.0,2.31,2.9
08:00:00,224,64.0,64.2,2020-04-07,6.0,2.31,2.9
12:00:00,109,64.0,64.6,2020-04-07,6.0,2.31,2.9
04:00:00,56,63.2,64.8,2020-04-08,6.0,2.31,2.9
08:00:00,10,63.2,63.6,2020-04-08,6.0,2.31,2.9
12:00:00,33,63.6,64.6,2020-04-08,6.0,2.31,2.9
04:00:00,16,64.6,65.0,2020-04-09,6.0,2.31,2.9
08:00:00,25,65.4,65.0,2020-04-09,6.0,2.31,2.9
12:00:00,43,65.0,65.0,2020-04-09,6.0,2.31,2.9
04:00:00,2,65.0,65.0,2020-04-10,6.0,2.31,2.9
08:00:00,4,65.0,65.8,2020-04-10,6.0,2.31,2.9
12:00:00,44,64.4,64.6,2020-04-10,6.0,2.31,2.9
04:00:00,2,64.2,64.0,2020-04-13,6.0,2.31,2.9
08:00:00,29,63.6,63.6,2020-04-13,6.0,2.31,2.9
12:00:00,2499,63.8,73.8,2020-04-13,6.0,2.31,2.9
04:00:00,287,74.2,73.0,2020-04-14,6.0,2.31,2.9
08:00:00,78,73.0,71.2,2020-04-14,6.0,2.31,2.9
12:00:00,112,71.4,74.4,2020-04-14,6.0,2.31,2.9
04:00:00,86,74.0,71.0,2020-04-15,6.0,2.31,2.9
08:00:00,39,72.0,70.0,2020-04-15,6.0,2.31,2.9
12:00:00,98,69.2,69.8,2020-04-15,6.0,2.31,2.9
04:00:00,15,69.6,70.0,2020-04-16,6.0,2.31,2.9
08:00:00,26,70.2,71.0,2020-04-16,6.0,2.31,2.9
12:00:00,31,71.0,71.0,2020-04-16,6.0,2.31,2.9
04:00:00,31,71.0,69.8,2020-04-17,6.0,2.31,2.9
08:00:00,88,70.0,70.8,2020-04-17,6.0,2.31,2.9
12:00:00,8,70.8,71.0,2020-04-17,6.0,2.31,2.9
04:00:00,5,70.0,70.0,2020-04-20,6.0,2.31,2.9
08:00:00,23,70.8,71.0,2020-04-20,6.0,2.31,2.9
12:00:00,4,71.8,70.2,2020-04-20,6.0,2.31,2.9
04:00:00,10,70.8,70.8,2020-04-21,6.0,2.31,2.9
08:00:00,35,70.0,69.8,2020-04-21,6.0,2.31,2.9
12:00:00,26,69.6,70.2,2020-04-21,6.0,2.31,2.9
04:00:00,7,70.0,69.8,2020-04-22,6.0,2.31,2.9
08:00:00,31,69.2,70.8,2020-04-22,6.0,2.31,2.9
12:00:00,19,70.6,71.4,2020-04-22,6.0,2.31,2.9
04:00:00,2,71.0,70.4,2020-04-23,6.0,2.31,2.9
08:00:00,36,70.8,70.8,2020-04-23,6.0,2.31,2.9
12:00:00,13,69.8,70.8,2020-04-23,6.0,2.31,2.9
04:00:00,9,71.0,71.8,2020-04-24,6.0,2.31,2.9
08:00:00,243,72.0,73.8,2020-04-24,6.0,2.31,2.9
12:00:00,4,73.8,73.0,2020-04-24,6.0,2.31,2.9
04:00:00,202,72.0,75.8,2020-04-27,5.5,2.31,2.9
08:00:00,252,75.8,73.2,2020-04-27,5.5,2.31,2.9
12:00:00,8,73.0,73.8,2020-04-27,5.5,2.31,2.9
04:00:00,3,72.8,72.8,2020-04-28,5.5,2.31,2.9
08:00:00,42,72.6,72.4,2020-04-28,5.5,2.31,2.9
12:00:00,92,73.8,72.2,2020-04-28,5.5,2.31,2.9
04:00:00,17,72.2,72.2,2020-04-29,5.5,2.31,2.9
08:00:00,2,72.2,72.6,2020-04-29,5.5,2.31,2.9
12:00:00,9,72.4,72.0,2020-04-29,5.5,2.31,2.9
04:00:00,4,73.0,72.2,2020-04-30,5.5,2.55,0.9
08:00:00,107,72.2,72.0,2020-04-30,5.5,2.55,0.9
12:00:00,14,72.6,70.2,2020-04-30,5.5,2.55,0.9
04:00:00,2,71.0,71.0,2020-05-04,5.5,2.55,0.9
08:00:00,13,71.0,71.0,2020-05-04,5.5,2.55,0.9
12:00:00,43,70.8,71.0,2020-05-04,5.5,2.55,0.9
04:00:00,6,72.0,72.4,2020-05-05,5.5,2.55,0.9
08:00:00,6,72.0,72.4,2020-05-05,5.5,2.55,0.9
12:00:00,2,71.8,71.8,2020-05-05,5.5,2.55,0.9
04:00:00,1,71.2,71.2,2020-05-06,5.5,2.55,0.9
08:00:00,19,71.8,71.4,2020-05-06,5.5,2.55,0.9
12:00:00,19,71.2,71.4,2020-05-06,5.5,2.55,0.9
04:00:00,4,71.6,71.6,2020-05-07,5.5,2.55,0.9
08:00:00,4,71.4,71.6,2020-05-07,5.5,2.55,0.9
04:00:00,18,72.6,72.6,2020-05-08,5.5,2.55,0.9
08:00:00,12,71.8,72.0,2020-05-08,5.5,2.55,0.9
12:00:00,3,71.8,72.0,2020-05-08,5.5,2.55,0.9
08:00:00,12,71.4,71.8,2020-05-12,5.5,2.55,0.9
12:00:00,3,71.2,71.4,2020-05-12,5.5,2.55,0.9
12:00:00,24,72.0,70.8,2020-05-13,5.5,2.55,0.9
08:00:00,28,71.8,70.6,2020-05-14,5.5,2.55,0.9
12:00:00,9,70.2,70.6,2020-05-14,5.5,2.55,0.9
04:00:00,3,70.2,70.2,2020-05-15,5.5,2.55,0.9
08:00:00,4,70.8,70.6,2020-05-15,5.5,2.55,0.9
04:00:00,10,70.0,70.0,2020-05-18,5.5,2.55,0.9
08:00:00,22,70.0,69.4,2020-05-18,5.5,2.55,0.9
12:00:00,43,69.4,71.0,2020-05-18,5.5,2.55,0.9
08:00:00,200,70.2,69.6,2020-05-19,5.5,2.55,0.9
12:00:00,18,69.8,70.6,2020-05-19,5.5,2.55,0.9
04:00:00,3,71.0,70.8,2020-05-20,5.5,2.55,0.9
08:00:00,73,70.8,71.8,2020-05-20,5.5,2.55,0.9
12:00:00,5,71.6,71.4,2020-05-20,5.5,2.55,0.9
04:00:00,50,70.2,70.8,2020-05-21,5.5,2.55,0.9
08:00:00,14,70.6,70.6,2020-05-21,5.5,2.55,0.9
12:00:00,7,70.2,70.2,2020-05-21,5.5,2.55,0.9
04:00:00,20,70.4,70.4,2020-05-22,5.5,2.55,0.9
08:00:00,21,70.4,70.6,2020-05-22,5.5,2.55,0.9
12:00:00,18,69.6,70.2,2020-05-22,5.5,2.55,0.9
04:00:00,3,71.0,71.0,2020-05-25,5.5,2.55,0.9
08:00:00,38,70.8,70.2,2020-05-25,5.5,2.55,0.9
12:00:00,25,70.8,71.0,2020-05-25,5.5,2.55,0.9
04:00:00,133,72.0,70.8,2020-05-26,5.5,2.55,0.9
08:00:00,97,71.0,71.0,2020-05-26,5.5,2.55,0.9
12:00:00,53,71.0,70.2,2020-05-26,5.5,2.55,0.9
04:00:00,63,71.8,71.0,2020-05-27,5.5,2.55,0.9
08:00:00,11,71.0,70.8,2020-05-27,5.5,2.55,0.9
12:00:00,31,70.8,71.0,2020-05-27,5.5,2.55,0.9
04:00:00,2,70.6,70.6,2020-05-28,5.5,2.55,-12.0
08:00:00,12,71.0,71.8,2020-05-28,5.5,2.55,-12.0
12:00:00,10,71.4,70.6,2020-05-28,5.5,2.55,-12.0
08:00:00,8,70.8,71.0,2020-05-29,5.5,2.55,-12.0
12:00:00,38,71.0,70.6,2020-05-29,5.5,2.55,-12.0
04:00:00,3,71.6,70.0,2020-06-01,5.5,3.1,-12.0
08:00:00,15,70.8,71.0,2020-06-01,5.5,3.1,-12.0
12:00:00,4,71.4,71.4,2020-06-01,5.5,3.1,-12.0
04:00:00,2,70.0,70.0,2020-06-02,5.5,3.1,-12.0
08:00:00,17,70.8,70.8,2020-06-02,5.5,3.1,-12.0
12:00:00,1,70.8,70.8,2020-06-02,5.5,3.1,-12.0
04:00:00,10,70.8,70.4,2020-06-03,5.5,3.1,-12.0
08:00:00,14,70.0,71.0,2020-06-03,5.5,3.1,-12.0
12:00:00,11,71.0,70.0,2020-06-03,5.5,3.1,-12.0
04:00:00,1167,71.6,76.2,2020-06-04,5.5,3.1,-12.0
08:00:00,1131,76.2,77.4,2020-06-04,5.5,3.1,-12.0
12:00:00,429,77.6,75.0,2020-06-04,5.5,3.1,-12.0
04:00:00,26,76.0,74.2,2020-06-05,5.5,3.1,-12.0
08:00:00,27,74.2,74.2,2020-06-05,5.5,3.1,-12.0
12:00:00,117,74.0,74.0,2020-06-05,5.5,3.1,-12.0
04:00:00,141,75.0,73.0,2020-06-08,5.5,3.1,-12.0
08:00:00,301,72.2,71.6,2020-06-08,5.5,3.1,-12.0
12:00:00,225,71.6,71.2,2020-06-08,5.5,3.1,-12.0
04:00:00,324,72.8,74.4,2020-06-09,5.5,3.1,-12.0
08:00:00,191,75.2,73.0,2020-06-09,5.5,3.1,-12.0
12:00:00,145,73.2,71.8,2020-06-09,5.5,3.1,-12.0
04:00:00,13,72.6,71.6,2020-06-10,5.5,3.1,-12.0
08:00:00,16,72.6,72.0,2020-06-10,5.5,3.1,-12.0
12:00:00,30,72.0,71.4,2020-06-10,5.5,3.1,-12.0
04:00:00,4,71.4,71.2,2020-06-11,5.5,3.1,-12.0
08:00:00,30,71.4,70.6,2020-06-11,5.5,3.1,-12.0
12:00:00,25,70.6,71.0,2020-06-11,5.5,3.1,-12.0
04:00:00,3,71.0,70.4,2020-06-15,5.5,3.1,-12.0
08:00:00,7,70.2,71.0,2020-06-15,5.5,3.1,-12.0
12:00:00,54,71.0,71.8,2020-06-15,5.5,3.1,-12.0
04:00:00,40,71.2,71.8,2020-06-16,5.5,3.1,-12.0
08:00:00,27,71.8,72.0,2020-06-16,5.5,3.1,-12.0
12:00:00,17,72.0,72.8,2020-06-16,5.5,3.1,-12.0
04:00:00,5,71.2,73.0,2020-06-17,5.5,3.1,-12.0
08:00:00,5,71.8,72.4,2020-06-17,5.5,3.1,-12.0
12:00:00,20,72.4,72.4,2020-06-17,5.5,3.1,-12.0
04:00:00,4,73.0,71.2,2020-06-18,5.5,3.1,-12.0
08:00:00,6,71.4,71.2,2020-06-18,5.5,3.1,-12.0
12:00:00,334,71.8,70.8,2020-06-18,5.5,3.1,-12.0
04:00:00,4,70.0,70.6,2020-06-19,5.5,3.1,-10.9
08:00:00,31,70.4,70.6,2020-06-19,5.5,3.1,-10.9
12:00:00,17,70.6,70.2,2020-06-19,5.5,3.1,-10.9
04:00:00,15,70.0,70.8,2020-06-22,4.5,3.1,-10.9
08:00:00,80,70.8,69.8,2020-06-22,4.5,3.1,-10.9
12:00:00,214,70.0,71.8,2020-06-22,4.5,3.1,-10.9
04:00:00,5,72.0,71.0,2020-06-23,4.5,3.1,-10.9
08:00:00,2,71.6,72.0,2020-06-23,4.5,3.1,-10.9
04:00:00,11,71.0,72.0,2020-06-25,4.5,3.1,-10.9
08:00:00,127,72.2,70.4,2020-06-25,4.5,3.1,-10.9
12:00:00,9,70.0,70.6,2020-06-25,4.5,3.1,-10.9
04:00:00,1,71.0,71.0,2020-06-26,4.5,3.1,-10.9
08:00:00,18,70.2,71.4,2020-06-26,4.5,3.1,-10.9
12:00:00,10,71.2,70.0,2020-06-26,4.5,3.1,-10.9
04:00:00,6,70.0,70.0,2020-06-29,4.5,3.1,-10.9
08:00:00,18,69.8,70.6,2020-06-29,4.5,3.1,-10.9
12:00:00,5,70.2,70.0,2020-06-29,4.5,3.1,-10.9
08:00:00,10,70.0,71.0,2020-06-30,4.5,3.03,-10.9
12:00:00,4,71.0,70.4,2020-06-30,4.5,3.03,-10.9
04:00:00,14,70.0,70.8,2020-07-02,4.5,3.03,-10.9
08:00:00,15,71.0,70.8,2020-07-02,4.5,3.03,-10.9
12:00:00,185,70.8,70.0,2020-07-02,4.5,3.03,-10.9
04:00:00,101,70.4,71.0,2020-07-03,4.5,3.03,-10.9
08:00:00,4,70.2,70.0,2020-07-03,4.5,3.03,-10.9
12:00:00,15,70.0,70.2,2020-07-03,4.5,3.03,-10.9
04:00:00,3,71.2,71.0,2020-07-06,4.5,3.03,-10.9
08:00:00,17,70.2,70.4,2020-07-06,4.5,3.03,-10.9
12:00:00,38,70.8,71.0,2020-07-06,4.5,3.03,-10.9
08:00:00,4,70.4,70.4,2020-07-07,4.5,3.03,-10.9
12:00:00,15,70.2,71.0,2020-07-07,4.5,3.03,-10.9
08:00:00,6,71.0,70.2,2020-07-08,4.5,3.03,-10.9
12:00:00,29,70.2,70.0,2020-07-08,4.5,3.03,-10.9
04:00:00,30,70.0,71.0,2020-07-09,4.5,3.03,-10.9
08:00:00,17,70.2,71.4,2020-07-09,4.5,3.03,-10.9
12:00:00,161,70.4,71.0,2020-07-09,4.5,3.03,-10.9
04:00:00,20,71.6,73.0,2020-07-10,4.5,3.03,-10.9
08:00:00,17,73.0,72.0,2020-07-10,4.5,3.03,-10.9
12:00:00,2,72.0,71.4,2020-07-10,4.5,3.03,-10.9
04:00:00,23,73.2,71.0,2020-07-13,4.5,3.03,-10.9
08:00:00,33,71.8,70.4,2020-07-13,4.5,3.03,-10.9
12:00:00,42,71.8,72.0,2020-07-13,4.5,3.03,-10.9
04:00:00,12,71.8,71.8,2020-07-14,4.5,3.03,-10.9
08:00:00,7,72.0,71.0,2020-07-14,4.5,3.03,-10.9
12:00:00,1,71.0,71.0,2020-07-14,4.5,3.03,-10.9
08:00:00,4,71.2,71.0,2020-07-15,4.5,3.03,-10.9
12:00:00,30,71.6,70.6,2020-07-15,4.5,3.03,-10.9
08:00:00,13,71.0,71.0,2020-07-16,4.5,3.03,-10.9
12:00:00,1,71.6,71.6,2020-07-16,4.5,3.03,-10.9
04:00:00,4,70.8,70.8,2020-07-17,4.5,3.03,-6.4
08:00:00,11,70.8,70.8,2020-07-17,4.5,3.03,-6.4
12:00:00,28,70.8,70.8,2020-07-17,4.5,3.03,-6.4
04:00:00,5,70.6,71.4,2020-07-20,4.5,3.03,-6.4
08:00:00,62,71.4,70.8,2020-07-20,4.5,3.03,-6.4
12:00:00,2,70.6,70.6,2020-07-20,4.5,3.03,-6.4
04:00:00,8,71.8,70.6,2020-07-21,4.5,3.03,-6.4
08:00:00,8,70.6,71.2,2020-07-21,4.5,3.03,-6.4
12:00:00,7,71.2,71.4,2020-07-21,4.5,3.03,-6.4
04:00:00,9,70.6,70.6,2020-07-22,4.5,3.03,-6.4
08:00:00,8,70.6,70.8,2020-07-22,4.5,3.03,-6.4
12:00:00,10,70.8,70.8,2020-07-22,4.5,3.03,-6.4
04:00:00,51,71.0,71.6,2020-07-23,4.5,3.03,-6.4
08:00:00,29,71.6,71.0,2020-07-23,4.5,3.03,-6.4
12:00:00,27,71.0,70.4,2020-07-23,4.5,3.03,-6.4
04:00:00,117,69.8,72.0,2020-07-24,4.5,3.03,-6.4
08:00:00,13,71.2,70.8,2020-07-24,4.5,3.03,-6.4
12:00:00,7,70.8,71.2,2020-07-24,4.5,3.03,-6.4
04:00:00,235,70.2,70.6,2020-07-27,4.25,3.03,-6.4
08:00:00,141,70.2,70.8,2020-07-27,4.25,3.03,-6.4
12:00:00,79,70.4,71.0,2020-07-27,4.25,3.03,-6.4
04:00:00,25,69.2,70.4,2020-07-28,4.25,3.03,-6.4
08:00:00,32,70.4,70.6,2020-07-28,4.25,3.03,-6.4
12:00:00,52,70.2,70.2,2020-07-28,4.25,3.03,-6.4
04:00:00,1,70.0,70.0,2020-07-29,4.25,3.03,-6.4
08:00:00,11,70.2,70.6,2020-07-29,4.25,3.03,-6.4
12:00:00,15,70.4,70.2,2020-07-29,4.25,3.03,-6.4
08:00:00,32,70.2,69.8,2020-07-30,4.25,3.03,-6.4
12:00:00,4,69.8,70.0,2020-07-30,4.25,3.03,-6.4
04:00:00,10,70.4,70.8,2020-07-31,4.25,3.21,-6.4
08:00:00,9,69.6,69.8,2020-07-31,4.25,3.21,-6.4
12:00:00,33,69.8,69.2,2020-07-31,4.25,3.21,-6.4
04:00:00,7,70.8,70.2,2020-08-03,4.25,3.21,-6.4
08:00:00,25,70.2,70.2,2020-08-03,4.25,3.21,-6.4
12:00:00,44,70.2,69.8,2020-08-03,4.25,3.21,-6.4
04:00:00,37,70.4,70.6,2020-08-04,4.25,3.21,-6.4
08:00:00,95,70.6,71.6,2020-08-04,4.25,3.21,-6.4
12:00:00,20,71.6,71.4,2020-08-04,4.25,3.21,-6.4
04:00:00,2,71.2,71.2,2020-08-05,4.25,3.21,-6.4
08:00:00,18,71.2,71.0,2020-08-05,4.25,3.21,-6.4
12:00:00,5,71.2,71.0,2020-08-05,4.25,3.21,-6.4
04:00:00,8,72.0,71.2,2020-08-06,4.25,3.21,-6.4
08:00:00,14,71.8,71.4,2020-08-06,4.25,3.21,-6.4
12:00:00,156,71.4,71.4,2020-08-06,4.25,3.21,-6.4
08:00:00,15,71.8,71.0,2020-08-07,4.25,3.21,-6.4
12:00:00,2,71.2,71.2,2020-08-07,4.25,3.21,-6.4
04:00:00,5,70.4,70.8,2020-08-10,4.25,3.21,-6.4
08:00:00,77,71.4,71.4,2020-08-10,4.25,3.21,-6.4
12:00:00,157,71.6,71.2,2020-08-10,4.25,3.21,-6.4
08:00:00,43,70.6,71.6,2020-08-11,4.25,3.21,-6.4
12:00:00,13,70.8,71.8,2020-08-11,4.25,3.21,-6.4
04:00:00,26,70.6,70.6,2020-08-12,4.25,3.21,-6.4
08:00:00,33,71.2,71.6,2020-08-12,4.25,3.21,-6.4
12:00:00,39,71.6,71.8,2020-08-12,4.25,3.21,-6.4
04:00:00,5360,71.8,80.2,2020-08-13,4.25,3.21,-6.4
08:00:00,4366,80.6,81.8,2020-08-13,4.25,3.21,-6.4
12:00:00,1641,81.2,76.8,2020-08-13,4.25,3.21,-6.4
04:00:00,1800,80.0,81.0,2020-08-14,4.25,3.21,-6.4
08:00:00,1115,80.4,81.2,2020-08-14,4.25,3.21,-6.4
12:00:00,374,80.4,80.0,2020-08-14,4.25,3.21,-6.4
04:00:00,71,80.0,79.0,2020-08-17,4.25,3.21,-6.4
08:00:00,279,79.0,80.0,2020-08-17,4.25,3.21,-6.4
12:00:00,225,79.6,77.8,2020-08-17,4.25,3.21,-6.4
04:00:00,75,77.4,78.4,2020-08-18,4.25,3.21,-6.4
08:00:00,450,77.4,80.0,2020-08-18,4.25,3.21,-6.4
12:00:00,78,79.2,78.4,2020-08-18,4.25,3.21,-6.4
04:00:00,703,79.0,82.0,2020-08-19,4.25,3.21,-6.4
08:00:00,87,82.0,80.2,2020-08-19,4.25,3.21,-6.4
12:00:00,958,80.0,78.8,2020-08-19,4.25,3.21,-6.4
04:00:00,20,78.0,78.6,2020-08-20,4.25,3.21,-4.7
08:00:00,132,77.6,77.6,2020-08-20,4.25,3.21,-4.7
12:00:00,91,77.6,78.2,2020-08-20,4.25,3.21,-4.7
04:00:00,4,79.0,78.6,2020-08-21,4.25,3.21,-4.7
08:00:00,49,78.0,78.6,2020-08-21,4.25,3.21,-4.7
12:00:00,77,77.4,76.4,2020-08-21,4.25,3.21,-4.7
04:00:00,6,76.8,76.0,2020-08-24,4.25,3.21,-4.7
08:00:00,117,76.0,76.4,2020-08-24,4.25,3.21,-4.7
12:00:00,45,76.4,76.6,2020-08-24,4.25,3.21,-4.7
04:00:00,3,75.8,75.8,2020-08-25,4.25,3.21,-4.7
08:00:00,8,75.8,75.8,2020-08-25,4.25,3.21,-4.7
12:00:00,37,76.4,77.8,2020-08-25,4.25,3.21,-4.7
04:00:00,4,77.8,77.6,2020-08-26,4.25,3.21,-4.7
08:00:00,22,76.2,77.2,2020-08-26,4.25,3.21,-4.7
12:00:00,2187,76.4,77.8,2020-08-26,4.25,3.21,-4.7
04:00:00,2136,78.0,84.0,2020-08-27,4.25,3.21,-4.7
08:00:00,714,83.8,80.8,2020-08-27,4.25,3.21,-4.7
12:00:00,273,80.0,81.8,2020-08-27,4.25,3.21,-4.7
04:00:00,213,82.0,82.0,2020-08-28,4.25,3.21,-4.7
08:00:00,69,81.0,81.2,2020-08-28,4.25,3.21,-4.7
12:00:00,13,81.2,81.2,2020-08-28,4.25,3.21,-4.7
04:00:00,5,82.0,80.2,2020-08-31,4.25,3.37,-4.7
08:00:00,203,80.2,81.0,2020-08-31,4.25,3.37,-4.7
12:00:00,8,81.0,81.0,2020-08-31,4.25,3.37,-4.7
04:00:00,29,81.8,79.0,2020-09-01,4.25,3.37,-4.7
08:00:00,118,80.0,80.4,2020-09-01,4.25,3.37,-4.7
12:00:00,16,80.0,79.6,2020-09-01,4.25,3.37,-4.7
04:00:00,18,79.2,78.8,2020-09-02,4.25,3.37,-4.7
08:00:00,19,78.8,79.0,2020-09-02,4.25,3.37,-4.7
12:00:00,30,79.0,78.8,2020-09-02,4.25,3.37,-4.7
08:00:00,61,81.4,78.8,2020-09-03,4.25,3.37,-4.7
12:00:00,74,78.8,79.6,2020-09-03,4.25,3.37,-4.7
04:00:00,442,80.4,80.6,2020-09-04,4.25,3.37,-4.7
08:00:00,47,80.6,80.4,2020-09-04,4.25,3.37,-4.7
12:00:00,12,80.6,80.4,2020-09-04,4.25,3.37,-4.7
04:00:00,8,77.6,80.0,2020-09-07,4.25,3.37,-4.7
08:00:00,9,80.8,80.0,2020-09-07,4.25,3.37,-4.7
12:00:00,4,80.0,79.8,2020-09-07,4.25,3.37,-4.7
08:00:00,6,79.2,79.8,2020-09-08,4.25,3.37,-4.7
12:00:00,105,79.4,78.2,2020-09-08,4.25,3.37,-4.7
04:00:00,2,79.0,78.2,2020-09-09,4.25,3.37,-4.7
08:00:00,30,78.2,78.4,2020-09-09,4.25,3.37,-4.7
12:00:00,114,78.2,78.0,2020-09-09,4.25,3.37,-4.7
04:00:00,1,77.2,77.2,2020-09-10,4.25,3.37,-4.7
08:00:00,22,77.2,77.0,2020-09-10,4.25,3.37,-4.7
12:00:00,50,77.8,78.4,2020-09-10,4.25,3.37,-4.7
04:00:00,4,77.2,78.6,2020-09-11,4.25,3.37,-4.7
08:00:00,32,77.2,78.4,2020-09-11,4.25,3.37,-4.7
12:00:00,320,78.6,82.0,2020-09-11,4.25,3.37,-4.7
04:00:00,1369,82.6,80.2,2020-09-14,4.25,3.37,-4.7
08:00:00,148,80.2,81.0,2020-09-14,4.25,3.37,-4.7
12:00:00,119,81.0,81.0,2020-09-14,4.25,3.37,-4.7
04:00:00,8,81.0,80.8,2020-09-15,4.25,3.37,-4.7
08:00:00,112,81.0,80.2,2020-09-15,4.25,3.37,-4.7
12:00:00,11,81.0,80.8,2020-09-15,4.25,3.37,-4.7
04:00:00,1,80.0,80.0,2020-09-16,4.25,3.37,-4.7
08:00:00,152,80.0,80.4,2020-09-16,4.25,3.37,-4.7
12:00:00,10,80.8,79.2,2020-09-16,4.25,3.37,-4.7
04:00:00,1,80.0,80.0,2020-09-17,4.25,3.37,-4.7
08:00:00,14,80.0,79.0,2020-09-17,4.25,3.37,-4.7
12:00:00,24,79.6,79.0,2020-09-17,4.25,3.37,-4.7
04:00:00,39,79.8,79.0,2020-09-18,4.25,3.37,-4.7
08:00:00,74,79.0,80.0,2020-09-18,4.25,3.37,-4.7
12:00:00,40,80.0,79.0,2020-09-18,4.25,3.37,-4.7
04:00:00,7,78.2,79.8,2020-09-21,4.25,3.37,-4.3
08:00:00,45,79.6,79.0,2020-09-21,4.25,3.37,-4.3
12:00:00,60,79.0,78.0,2020-09-21,4.25,3.37,-4.3
04:00:00,2,78.0,78.0,2020-09-22,4.25,3.37,-4.3
08:00:00,12,78.0,78.6,2020-09-22,4.25,3.37,-4.3
12:00:00,39,79.0,79.0,2020-09-22,4.25,3.37,-4.3
04:00:00,6,79.2,79.0,2020-09-23,4.25,3.37,-4.3
08:00:00,31,79.0,79.0,2020-09-23,4.25,3.37,-4.3
12:00:00,15,79.0,79.0,2020-09-23,4.25,3.37,-4.3
04:00:00,8,77.2,78.2,2020-09-24,4.25,3.37,-4.3
08:00:00,22,78.2,78.0,2020-09-24,4.25,3.37,-4.3
12:00:00,30,78.0,78.4,2020-09-24,4.25,3.37,-4.3
04:00:00,26,76.0,78.4,2020-09-25,4.25,3.37,-4.3
08:00:00,4,77.6,78.0,2020-09-25,4.25,3.37,-4.3
12:00:00,27,77.2,78.6,2020-09-25,4.25,3.37,-4.3
04:00:00,11,77.4,78.0,2020-09-28,4.25,3.37,-4.3
08:00:00,23,77.4,78.0,2020-09-28,4.25,3.37,-4.3
12:00:00,24,78.0,78.8,2020-09-28,4.25,3.37,-4.3
04:00:00,2,78.0,78.0,2020-09-29,4.25,3.37,-4.3
08:00:00,6,78.4,78.4,2020-09-29,4.25,3.37,-4.3
12:00:00,16,78.4,78.0,2020-09-29,4.25,3.37,-4.3
04:00:00,8,78.6,79.0,2020-09-30,4.25,3.57,-4.3
08:00:00,51,78.2,77.2,2020-09-30,4.25,3.57,-4.3
12:00:00,22,78.2,77.6,2020-09-30,4.25,3.57,-4.3
04:00:00,10,78.0,77.8,2020-10-01,4.25,3.57,-4.3
08:00:00,40,77.8,78.6,2020-10-01,4.25,3.57,-4.3
12:00:00,3,78.0,78.0,2020-10-01,4.25,3.57,-4.3
04:00:00,73,77.4,77.0,2020-10-02,4.25,3.57,-4.3
08:00:00,42,77.8,77.2,2020-10-02,4.25,3.57,-4.3
12:00:00,290,77.2,77.2,2020-10-02,4.25,3.57,-4.3
04:00:00,2,78.0,78.0,2020-10-05,4.25,3.57,-4.3
08:00:00,3,78.0,77.2,2020-10-05,4.25,3.57,-4.3
12:00:00,12,77.2,78.0,2020-10-05,4.25,3.57,-4.3
04:00:00,5,77.2,77.2,2020-10-06,4.25,3.57,-4.3
08:00:00,106,77.2,77.4,2020-10-06,4.25,3.57,-4.3
12:00:00,14,77.6,77.8,2020-10-06,4.25,3.57,-4.3
04:00:00,2,76.4,77.8,2020-10-07,4.25,3.57,-4.3
08:00:00,46,77.0,77.4,2020-10-07,4.25,3.57,-4.3
12:00:00,10,76.6,76.6,2020-10-07,4.25,3.57,-4.3
08:00:00,18,77.0,77.2,2020-10-08,4.25,3.57,-4.3
12:00:00,1,77.4,77.4,2020-10-08,4.25,3.57,-4.3
08:00:00,56,76.8,76.8,2020-10-09,4.25,3.57,-4.3
12:00:00,38,76.6,76.0,2020-10-09,4.25,3.57,-4.3
04:00:00,72,75.2,75.4,2020-10-12,4.25,3.57,-4.3
08:00:00,12,75.6,77.0,2020-10-12,4.25,3.57,-4.3
12:00:00,21,77.0,76.2,2020-10-12,4.25,3.57,-4.3
08:00:00,10,76.4,76.2,2020-10-13,4.25,3.57,-4.3
12:00:00,10,76.0,76.6,2020-10-13,4.25,3.57,-4.3
04:00:00,1,76.4,76.4,2020-10-14,4.25,3.57,-4.3
08:00:00,9,75.8,75.8,2020-10-14,4.25,3.57,-4.3
12:00:00,46,76.6,75.8,2020-10-14,4.25,3.57,-4.3
04:00:00,6,75.8,75.2,2020-10-15,4.25,3.57,-4.3
08:00:00,6,75.2,75.0,2020-10-15,4.25,3.57,-4.3
12:00:00,27,75.4,75.4,2020-10-15,4.25,3.57,-4.3
04:00:00,2,75.0,75.0,2020-10-16,4.25,3.57,-4.3
08:00:00,35,75.6,75.4,2020-10-16,4.25,3.57,-4.3
12:00:00,11,75.2,75.2,2020-10-16,4.25,3.57,-4.3
04:00:00,5,75.0,75.0,2020-10-19,4.25,3.57,-4.3
08:00:00,4,75.6,74.8,2020-10-19,4.25,3.57,-4.3
04:00:00,1,74.2,74.2,2020-10-20,4.25,3.57,-3.3
08:00:00,30,74.4,74.4,2020-10-20,4.25,3.57,-3.3
12:00:00,46,74.4,75.2,2020-10-20,4.25,3.57,-3.3
04:00:00,1,74.8,74.8,2020-10-21,4.25,3.57,-3.3
08:00:00,6,75.0,74.8,2020-10-21,4.25,3.57,-3.3
12:00:00,3,74.6,74.6,2020-10-21,4.25,3.57,-3.3
08:00:00,1,74.2,74.2,2020-10-22,4.25,3.57,-3.3
12:00:00,6,74.8,74.8,2020-10-22,4.25,3.57,-3.3
04:00:00,1,74.2,74.2,2020-10-23,4.25,3.57,-3.3
08:00:00,1683,75.4,78.2,2020-10-23,4.25,3.57,-3.3
12:00:00,70,77.6,78.8,2020-10-23,4.25,3.57,-3.3
04:00:00,39,78.2,77.0,2020-10-26,4.25,3.57,-3.3
08:00:00,126,77.8,77.4,2020-10-26,4.25,3.57,-3.3
12:00:00,70,77.4,77.2,2020-10-26,4.25,3.57,-3.3
04:00:00,131,77.8,78.8,2020-10-27,4.25,3.57,-3.3
08:00:00,229,78.0,78.4,2020-10-27,4.25,3.57,-3.3
12:00:00,27,77.8,77.2,2020-10-27,4.25,3.57,-3.3
04:00:00,14,77.2,77.0,2020-10-28,4.25,3.57,-3.3
08:00:00,35,76.6,76.4,2020-10-28,4.25,3.57,-3.3
12:00:00,307,76.4,73.8,2020-10-28,4.25,3.57,-3.3
04:00:00,17,73.8,74.2,2020-10-29,4.25,3.57,-3.3
08:00:00,585,74.8,75.8,2020-10-29,4.25,3.57,-3.3
12:00:00,138,75.2,77.4,2020-10-29,4.25,3.57,-3.3
04:00:00,20,77.8,77.0,2020-10-30,4.25,3.57,-3.3
08:00:00,16,76.8,77.0,2020-10-30,4.25,3.57,-3.3
12:00:00,7,77.0,77.4,2020-10-30,4.25,3.57,-3.3
04:00:00,5,78.0,78.0,2020-11-02,4.25,3.67,-3.3
08:00:00,42,77.0,77.2,2020-11-02,4.25,3.67,-3.3
12:00:00,23,77.8,77.2,2020-11-02,4.25,3.67,-3.3
04:00:00,74,74.2,76.0,2020-11-03,4.25,3.67,-3.3
08:00:00,39,76.2,76.8,2020-11-03,4.25,3.67,-3.3
12:00:00,49,77.0,78.0,2020-11-03,4.25,3.67,-3.3
04:00:00,4,77.0,77.8,2020-11-05,4.25,3.67,-3.3
08:00:00,289,77.8,78.0,2020-11-05,4.25,3.67,-3.3
12:00:00,256,78.0,78.4,2020-11-05,4.25,3.67,-3.3
04:00:00,6,78.4,77.6,2020-11-06,4.25,3.67,-3.3
08:00:00,27,77.6,77.6,2020-11-06,4.25,3.67,-3.3
12:00:00,8,77.2,77.8,2020-11-06,4.25,3.67,-3.3
04:00:00,96,78.0,79.4,2020-11-09,4.25,3.67,-3.3
08:00:00,23,79.2,78.4,2020-11-09,4.25,3.67,-3.3
12:00:00,44,78.4,78.0,2020-11-09,4.25,3.67,-3.3
04:00:00,9,78.0,78.4,2020-11-10,4.25,3.67,-3.3
08:00:00,34,77.4,78.2,2020-11-10,4.25,3.67,-3.3
12:00:00,14,78.2,78.2,2020-11-10,4.25,3.67,-3.3
04:00:00,67,77.6,77.0,2020-11-11,4.25,3.67,-3.3
08:00:00,29,77.6,78.0,2020-11-11,4.25,3.67,-3.3
12:00:00,4,78.0,78.0,2020-11-11,4.25,3.67,-3.3
08:00:00,23,78.0,78.0,2020-11-12,4.25,3.67,-3.3
12:00:00,1,77.4,77.4,2020-11-12,4.25,3.67,-3.3
04:00:00,22,79.0,79.0,2020-11-13,4.25,3.67,-3.3
08:00:00,30,79.0,78.0,2020-11-13,4.25,3.67,-3.3
12:00:00,34,77.4,78.4,2020-11-13,4.25,3.67,-3.3
04:00:00,4,78.0,78.8,2020-11-16,4.25,3.67,-3.3
08:00:00,207,78.0,78.6,2020-11-16,4.25,3.67,-3.3
12:00:00,60,78.6,78.4,2020-11-16,4.25,3.67,-3.3
04:00:00,33,78.2,77.4,2020-11-17,4.25,3.67,-3.3
08:00:00,42,78.0,78.4,2020-11-17,4.25,3.67,-3.3
12:00:00,4,78.4,78.4,2020-11-17,4.25,3.67,-3.3
04:00:00,16,77.6,78.6,2020-11-18,4.25,3.67,-3.3
08:00:00,2,77.6,78.2,2020-11-18,4.25,3.67,-3.3
12:00:00,41,78.2,78.0,2020-11-18,4.25,3.67,-3.3
04:00:00,4,77.4,77.4,2020-11-19,4.25,3.67,-3.3
08:00:00,6,77.8,77.8,2020-11-19,4.25,3.67,-3.3
12:00:00,1,78.0,78.0,2020-11-19,4.25,3.67,-3.3
08:00:00,33,78.2,77.8,2020-11-20,4.25,3.67,-4.7
12:00:00,87,77.6,77.0,2020-11-20,4.25,3.67,-4.7
04:00:00,49,77.6,77.2,2020-11-23,4.25,3.67,-4.7
08:00:00,341,77.2,76.0,2020-11-23,4.25,3.67,-4.7
12:00:00,42,76.4,76.4,2020-11-23,4.25,3.67,-4.7
04:00:00,11,76.8,76.8,2020-11-24,4.25,3.67,-4.7
08:00:00,9,77.0,77.0,2020-11-24,4.25,3.67,-4.7
12:00:00,211,76.8,77.2,2020-11-24,4.25,3.67,-4.7
04:00:00,5,77.8,77.0,2020-11-25,4.25,3.67,-4.7
08:00:00,44,77.0,76.8,2020-11-25,4.25,3.67,-4.7
12:00:00,89,76.4,76.6,2020-11-25,4.25,3.67,-4.7
04:00:00,9,76.0,77.0,2020-11-26,4.25,3.67,-4.7
08:00:00,109,77.0,77.0,2020-11-26,4.25,3.67,-4.7
12:00:00,5,76.4,77.0,2020-11-26,4.25,3.67,-4.7
04:00:00,11,76.8,76.8,2020-11-27,4.25,3.67,-4.7
08:00:00,7,76.8,76.4,2020-11-27,4.25,3.67,-4.7
12:00:00,16,76.8,76.8,2020-11-27,4.25,3.67,-4.7
04:00:00,12,76.0,76.6,2020-11-30,4.25,3.98,-4.7
08:00:00,11,76.2,77.0,2020-11-30,4.25,3.98,-4.7
12:00:00,1,76.6,76.6,2020-11-30,4.25,3.98,-4.7
04:00:00,1,77.0,77.0,2020-12-01,4.25,3.98,-4.7
08:00:00,124,76.8,76.8,2020-12-01,4.25,3.98,-4.7
12:00:00,38,76.8,76.6,2020-12-01,4.25,3.98,-4.7
04:00:00,39,78.0,76.0,2020-12-02,4.25,3.98,-4.7
08:00:00,23,76.8,76.8,2020-12-02,4.25,3.98,-4.7
12:00:00,5,76.6,76.6,2020-12-02,4.25,3.98,-4.7
04:00:00,132,76.0,77.4,2020-12-03,4.25,3.98,-4.7
08:00:00,37,77.4,77.6,2020-12-03,4.25,3.98,-4.7
12:00:00,25,77.6,77.0,2020-12-03,4.25,3.98,-4.7
04:00:00,66,76.0,76.8,2020-12-04,4.25,3.98,-4.7
08:00:00,15,76.4,78.0,2020-12-04,4.25,3.98,-4.7
12:00:00,29,77.0,77.6,2020-12-04,4.25,3.98,-4.7
04:00:00,9,76.4,77.8,2020-12-07,4.25,3.98,-4.7
08:00:00,32,77.8,77.6,2020-12-07,4.25,3.98,-4.7
12:00:00,21,77.6,76.8,2020-12-07,4.25,3.98,-4.7
08:00:00,21,76.6,77.0,2020-12-08,4.25,3.98,-4.7
12:00:00,58,76.4,77.6,2020-12-08,4.25,3.98,-4.7
04:00:00,2,78.0,77.0,2020-12-09,4.25,3.98,-4.7
08:00:00,18,77.2,77.0,2020-12-09,4.25,3.98,-4.7
12:00:00,30,76.6,76.4,2020-12-09,4.25,3.98,-4.7
04:00:00,6,78.0,77.6,2020-12-10,4.25,3.98,-4.7
08:00:00,37,77.6,76.6,2020-12-10,4.25,3.98,-4.7
12:00:00,4,77.0,77.4,2020-12-10,4.25,3.98,-4.7
04:00:00,23,77.8,76.6,2020-12-11,4.25,3.98,-4.7
08:00:00,37,76.8,77.6,2020-12-11,4.25,3.98,-4.7
12:00:00,29,76.8,77.2,2020-12-11,4.25,3.98,-4.7
04:00:00,6,77.0,77.4,2020-12-14,4.25,3.98,-4.7
08:00:00,51,77.0,77.0,2020-12-14,4.25,3.98,-4.7
12:00:00,8,76.8,76.8,2020-12-14,4.25,3.98,-4.7
04:00:00,2,76.8,76.8,2020-12-15,4.25,3.98,-4.7
08:00:00,4,76.8,76.8,2020-12-15,4.25,3.98,-4.7
12:00:00,213,76.8,78.2,2020-12-15,4.25,3.98,-4.7
04:00:00,1533,78.2,79.6,2020-12-16,4.25,3.98,-4.7
08:00:00,743,79.6,79.0,2020-12-16,4.25,3.98,-4.7
12:00:00,280,79.0,77.8,2020-12-16,4.25,3.98,-4.7
04:00:00,57,78.8,78.6,2020-12-17,4.25,3.98,-4.7
08:00:00,750,78.6,80.0,2020-12-17,4.25,3.98,-4.7
12:00:00,90,80.0,78.0,2020-12-17,4.25,3.98,-4.7
04:00:00,64,79.0,78.2,2020-12-18,4.25,3.98,-3.7
08:00:00,55,78.0,78.4,2020-12-18,4.25,3.98,-3.7
12:00:00,24,78.4,78.0,2020-12-18,4.25,3.98,-3.7
04:00:00,53,78.0,77.0,2020-12-21,4.25,3.98,-3.7
08:00:00,61,76.8,76.4,2020-12-21,4.25,3.98,-3.7
12:00:00,18,77.0,77.4,2020-12-21,4.25,3.98,-3.7
04:00:00,7,76.2,77.8,2020-12-22,4.25,3.98,-3.7
08:00:00,9,78.0,78.0,2020-12-22,4.25,3.98,-3.7
12:00:00,10,78.0,77.6,2020-12-22,4.25,3.98,-3.7
04:00:00,1,77.8,77.8,2020-12-23,4.25,3.98,-3.7
08:00:00,1,77.8,77.8,2020-12-23,4.25,3.98,-3.7
12:00:00,32,77.8,77.0,2020-12-23,4.25,3.98,-3.7
04:00:00,2,77.6,77.8,2020-12-24,4.25,3.98,-3.7
08:00:00,13,78.0,78.0,2020-12-24,4.25,3.98,-3.7
12:00:00,35,77.4,77.0,2020-12-24,4.25,3.98,-3.7
04:00:00,71,76.6,77.8,2020-12-25,4.25,3.98,-3.7
08:00:00,7,77.0,77.6,2020-12-25,4.25,3.98,-3.7
12:00:00,19,77.6,77.6,2020-12-25,4.25,3.98,-3.7
04:00:00,12,78.0,77.0,2020-12-28,4.25,3.98,-3.7
08:00:00,592,78.0,77.2,2020-12-28,4.25,3.98,-3.7
12:00:00,36,76.4,77.2,2020-12-28,4.25,3.98,-3.7
04:00:00,84,77.8,77.8,2020-12-29,4.25,3.98,-3.7
08:00:00,11,78.0,78.0,2020-12-29,4.25,3.98,-3.7
12:00:00,254,77.8,76.2,2020-12-29,4.25,3.98,-3.7
04:00:00,6,78.0,77.8,2020-12-30,4.25,3.98,-3.7
08:00:00,45,77.8,77.8,2020-12-30,4.25,3.98,-3.7
12:00:00,53,77.8,77.8,2020-12-30,4.25,3.98,-3.7
04:00:00,4,78.2,78.2,2021-01-04,4.25,4.42,-3.7
08:00:00,27,78.0,78.4,2021-01-04,4.25,4.42,-3.7
12:00:00,32,78.4,78.8,2021-01-04,4.25,4.42,-3.7
08:00:00,5,79.0,78.0,2021-01-05,4.25,4.42,-3.7
12:00:00,158,78.6,79.8,2021-01-05,4.25,4.42,-3.7
04:00:00,5,80.0,79.8,2021-01-06,4.25,4.42,-3.7
08:00:00,128,79.2,79.4,2021-01-06,4.25,4.42,-3.7
12:00:00,7,79.6,79.2,2021-01-06,4.25,4.42,-3.7
08:00:00,484,79.2,78.8,2021-01-08,4.25,4.42,-3.7
12:00:00,75,78.8,78.8,2021-01-08,4.25,4.42,-3.7
04:00:00,14,78.0,78.4,2021-01-11,4.25,4.42,-3.7
08:00:00,111,78.6,78.0,2021-01-11,4.25,4.42,-3.7
12:00:00,44,78.0,78.2,2021-01-11,4.25,4.42,-3.7
04:00:00,15,78.8,78.8,2021-01-12,4.25,4.42,-3.7
08:00:00,220,79.0,79.0,2021-01-12,4.25,4.42,-3.7
12:00:00,33,79.0,78.8,2021-01-12,4.25,4.42,-3.7
04:00:00,27,79.0,79.2,2021-01-13,4.25,4.42,-3.7
08:00:00,92,80.2,78.4,2021-01-13,4.25,4.42,-3.7
12:00:00,6,78.4,79.0,2021-01-13,4.25,4.42,-3.7
04:00:00,3,78.2,78.2,2021-01-14,4.25,4.42,-3.7
08:00:00,10,78.2,79.2,2021-01-14,4.25,4.42,-3.7
12:00:00,29,79.0,78.0,2021-01-14,4.25,4.42,-3.7
04:00:00,313,79.2,79.6,2021-01-15,4.25,4.42,-3.7
08:00:00,234,79.6,79.4,2021-01-15,4.25,4.42,-3.7
12:00:00,65,79.0,78.8,2021-01-15,4.25,4.42,-3.7
04:00:00,80,79.6,79.0,2021-01-18,4.25,4.42,-3.7
08:00:00,105,79.4,78.2,2021-01-18,4.25,4.42,-3.7
12:00:00,7,78.2,78.4,2021-01-18,4.25,4.42,-3.7
04:00:00,8,79.2,78.4,2021-01-19,4.25,4.42,-3.7
08:00:00,5,79.0,78.8,2021-01-19,4.25,4.42,-3.7
12:00:00,1,78.8,78.8,2021-01-19,4.25,4.42,-3.7
04:00:00,75,79.0,81.0,2021-01-20,4.25,4.42,-3.7
08:00:00,50,80.0,78.8,2021-01-20,4.25,4.42,-3.7
12:00:00,9,78.8,79.0,2021-01-20,4.25,4.42,-3.7
04:00:00,5,78.4,79.8,2021-01-21,4.25,4.42,-3.7
08:00:00,53,78.4,78.8,2021-01-21,4.25,4.42,-3.7
12:00:00,91,79.0,77.2,2021-01-21,4.25,4.42,-3.7
04:00:00,105,77.2,78.0,2021-01-22,4.25,4.42,-3.7
08:00:00,43,78.0,77.8,2021-01-22,4.25,4.42,-3.7
12:00:00,37,77.8,77.8,2021-01-22,4.25,4.42,-3.7
04:00:00,23,78.6,77.0,2021-01-25,4.25,4.42,-3.7
08:00:00,779,77.0,81.0,2021-01-25,4.25,4.42,-3.7
12:00:00,50,80.8,80.2,2021-01-25,4.25,4.42,-3.7
04:00:00,210,82.0,85.0,2021-01-26,4.25,4.42,-3.7
08:00:00,641,84.6,81.4,2021-01-26,4.25,4.42,-3.7
12:00:00,70,80.4,80.0,2021-01-26,4.25,4.42,-3.7
04:00:00,550,79.2,83.2,2021-01-27,4.25,4.42,-3.7
08:00:00,292,82.2,80.2,2021-01-27,4.25,4.42,-3.7
12:00:00,160,80.2,79.4,2021-01-27,4.25,4.42,-3.7
04:00:00,92,78.2,80.0,2021-01-28,4.25,4.42,-3.7
08:00:00,24,80.4,79.6,2021-01-28,4.25,4.42,-3.7
12:00:00,112,79.6,80.8,2021-01-28,4.25,4.42,-3.7
04:00:00,32,80.8,80.8,2021-01-29,4.25,4.42,-3.7
08:00:00,296,80.8,80.6,2021-01-29,4.25,4.42,-3.7
12:00:00,115,80.0,78.8,2021-01-29,4.25,4.42,-3.7
08:00:00,15,78.4,78.2,2021-02-01,4.25,4.91,-3.7
12:00:00,1187,78.6,79.0,2021-02-01,4.25,4.91,-3.7
04:00:00,50,79.8,79.0,2021-02-02,4.25,4.91,-3.7
08:00:00,338,79.0,79.2,2021-02-02,4.25,4.91,-3.7
12:00:00,31,79.2,79.2,2021-02-02,4.25,4.91,-3.7
04:00:00,9,81.6,79.8,2021-02-03,4.25,4.91,-3.7
08:00:00,9,79.0,79.4,2021-02-03,4.25,4.91,-3.7
12:00:00,56,79.4,78.6,2021-02-03,4.25,4.91,-3.7
04:00:00,6,78.2,78.6,2021-02-04,4.25,4.91,-3.7
08:00:00,98,79.4,80.4,2021-02-04,4.25,4.91,-3.7
12:00:00,6,79.4,79.6,2021-02-04,4.25,4.91,-3.7
04:00:00,8,79.0,79.0,2021-02-05,4.25,4.91,-3.7
08:00:00,156,80.0,80.0,2021-02-05,4.25,4.91,-3.7
12:00:00,29,80.4,80.0,2021-02-05,4.25,4.91,-3.7
04:00:00,4,79.2,79.6,2021-02-08,4.25,4.91,-3.7
08:00:00,7,79.8,79.6,2021-02-08,4.25,4.91,-3.7
12:00:00,708,79.8,80.0,2021-02-08,4.25,4.91,-3.7
04:00:00,102,79.6,79.4,2021-02-09,4.25,4.91,-3.7
08:00:00,121,79.4,79.0,2021-02-09,4.25,4.91,-3.7
12:00:00,6,79.4,79.4,2021-02-09,4.25,4.91,-3.7
04:00:00,28,78.4,79.6,2021-02-10,4.25,4.91,-3.7
08:00:00,2,79.0,79.0,2021-02-10,4.25,4.91,-3.7
12:00:00,69,79.6,79.4,2021-02-10,4.25,4.91,-3.7
04:00:00,10,79.0,79.4,2021-02-11,4.25,4.91,-3.7
08:00:00,16,79.6,79.6,2021-02-11,4.25,4.91,-3.7
12:00:00,13,79.6,79.4,2021-02-11,4.25,4.91,-3.7
04:00:00,62,78.4,79.6,2021-02-12,4.25,4.91,-3.7
08:00:00,50,79.6,78.4,2021-02-12,4.25,4.91,-3.7
12:00:00,35,79.0,78.4,2021-02-12,4.25,4.91,-3.7
04:00:00,50,78.4,78.2,2021-02-15,4.25,4.91,-3.7
08:00:00,24,78.6,79.8,2021-02-15,4.25,4.91,-3.7
12:00:00,21,79.0,79.2,2021-02-15,4.25,4.91,-3.7
04:00:00,8,79.6,79.2,2021-02-16,4.25,4.91,-3.7
08:00:00,1,78.6,78.6,2021-02-16,4.25,4.91,-3.7
12:00:00,16,78.6,79.2,2021-02-16,4.25,4.91,-3.7
04:00:00,2,79.4,79.6,2021-02-17,4.25,4.91,-3.7
08:00:00,8,79.6,79.6,2021-02-17,4.25,4.91,-3.7
12:00:00,17,79.0,78.8,2021-02-17,4.25,4.91,-3.7
08:00:00,73,78.6,78.4,2021-02-18,4.25,4.91,-2.4
12:00:00,53,78.4,78.4,2021-02-18,4.25,4.91,-2.4
04:00:00,80,78.8,78.2,2021-02-19,4.25,4.91,-2.4
08:00:00,55,78.2,78.2,2021-02-19,4.25,4.91,-2.4
12:00:00,30,78.8,78.6,2021-02-19,4.25,4.91,-2.4
04:00:00,252,78.8,79.6,2021-02-20,4.25,4.91,-2.4
08:00:00,27,79.0,78.8,2021-02-20,4.25,4.91,-2.4
12:00:00,256,79.0,78.0,2021-02-20,4.25,4.91,-2.4
04:00:00,55,78.2,78.2,2021-02-22,4.25,4.91,-2.4
08:00:00,456,78.8,78.4,2021-02-22,4.25,4.91,-2.4
12:00:00,16,78.4,78.6,2021-02-22,4.25,4.91,-2.4
04:00:00,4,78.0,78.8,2021-02-24,4.25,4.91,-2.4
08:00:00,23,79.2,78.8,2021-02-24,4.25,4.91,-2.4
12:00:00,9,79.2,78.8,2021-02-24,4.25,4.91,-2.4
04:00:00,41,79.0,79.0,2021-02-25,4.25,4.91,-2.4
08:00:00,8,79.0,79.0,2021-02-25,4.25,4.91,-2.4
12:00:00,92,78.6,79.4,2021-02-25,4.25,4.91,-2.4
04:00:00,105,79.2,79.0,2021-02-26,4.25,4.91,-2.4
08:00:00,5,78.2,78.6,2021-02-26,4.25,4.91,-2.4
12:00:00,36,78.6,78.4,2021-02-26,4.25,4.91,-2.4
04:00:00,10,80.0,78.2,2021-03-01,4.25,4.91,-2.4
08:00:00,55,78.2,78.4,2021-03-01,4.25,4.91,-2.4
12:00:00,5,78.8,78.6,2021-03-01,4.25,4.91,-2.4
04:00:00,6,79.0,78.8,2021-03-02,4.25,4.91,-2.4
08:00:00,25,78.8,78.8,2021-03-02,4.25,4.91,-2.4
12:00:00,33,79.0,78.4,2021-03-02,4.25,4.91,-2.4
04:00:00,5,78.4,78.6,2021-03-03,4.25,4.91,-2.4
08:00:00,201,79.0,79.0,2021-03-03,4.25,4.91,-2.4
12:00:00,22,79.0,79.2,2021-03-03,4.25,4.91,-2.4
04:00:00,205,79.6,79.0,2021-03-04,4.25,4.91,-2.4
08:00:00,7,79.0,78.6,2021-03-04,4.25,4.91,-2.4
12:00:00,6,79.0,79.2,2021-03-04,4.25,4.91,-2.4
04:00:00,9,78.8,78.6,2021-03-05,4.25,4.91,-2.4
08:00:00,3,78.6,78.6,2021-03-05,4.25,4.91,-2.4
12:00:00,231,78.6,78.8,2021-03-05,4.25,4.91,-2.4
04:00:00,135,80.0,79.4,2021-03-09,4.25,4.91,-2.4
08:00:00,27,79.6,79.0,2021-03-09,4.25,4.91,-2.4
12:00:00,13,79.6,79.0,2021-03-09,4.25,4.91,-2.4
08:00:00,3,80.0,78.8,2021-03-10,4.25,4.91,-2.4
12:00:00,164,81.0,79.2,2021-03-10,4.25,4.91,-2.4
04:00:00,82,79.2,79.2,2021-03-11,4.25,4.91,-2.4
08:00:00,47,79.4,78.8,2021-03-11,4.25,4.91,-2.4
12:00:00,27,79.0,79.4,2021-03-11,4.25,4.91,-2.4
04:00:00,141,79.0,78.6,2021-03-12,4.25,4.91,-2.4
08:00:00,587,78.6,78.6,2021-03-12,4.25,4.91,-2.4
12:00:00,20,78.4,78.4,2021-03-12,4.25,4.91,-2.4
04:00:00,7,78.8,78.8,2021-03-15,4.25,4.91,-2.4
08:00:00,76,79.0,78.6,2021-03-15,4.25,4.91,-2.4
12:00:00,43,78.6,78.4,2021-03-15,4.25,4.91,-2.4
04:00:00,1,78.4,78.4,2021-03-16,4.25,4.91,-2.4
08:00:00,30,78.6,78.6,2021-03-16,4.25,4.91,-2.4
12:00:00,52,78.6,78.4,2021-03-16,4.25,4.91,-2.4
04:00:00,8,79.0,78.4,2021-03-17,4.25,4.91,-2.4
08:00:00,5,78.4,78.8,2021-03-17,4.25,4.91,-2.4
12:00:00,44,78.4,78.6,2021-03-17,4.25,4.91,-2.4
04:00:00,2,78.8,78.8,2021-03-18,4.25,4.91,-2.4
08:00:00,20,78.6,78.8,2021-03-18,4.25,4.91,-2.4
12:00:00,3,78.8,78.8,2021-03-18,4.25,4.91,-2.4
04:00:00,2,79.0,79.0,2021-03-19,4.25,4.91,-2.8
08:00:00,31,78.4,78.6,2021-03-19,4.25,4.91,-2.8
12:00:00,1,78.8,78.8,2021-03-19,4.25,4.91,-2.8
04:00:00,6,78.8,78.8,2021-03-22,4.5,4.91,-2.8
08:00:00,12,78.8,78.4,2021-03-22,4.5,4.91,-2.8
12:00:00,4,78.4,78.4,2021-03-22,4.5,4.91,-2.8
04:00:00,32,78.8,78.0,2021-03-23,4.5,4.91,-2.8
08:00:00,6,78.6,78.6,2021-03-23,4.5,4.91,-2.8
12:00:00,7,78.2,78.4,2021-03-23,4.5,4.91,-2.8
04:00:00,14,78.2,78.0,2021-03-24,4.5,4.91,-2.8
08:00:00,23,78.6,78.2,2021-03-24,4.5,4.91,-2.8
12:00:00,47,77.8,77.4,2021-03-24,4.5,4.91,-2.8
04:00:00,1146,77.6,80.4,2021-03-25,4.5,4.91,-2.8
08:00:00,608,80.6,79.4,2021-03-25,4.5,4.91,-2.8
12:00:00,165,79.4,79.2,2021-03-25,4.5,4.91,-2.8
04:00:00,67,79.0,80.0,2021-03-26,4.5,4.91,-2.8
08:00:00,193,78.6,78.8,2021-03-26,4.5,4.91,-2.8
12:00:00,118,78.4,78.4,2021-03-26,4.5,4.91,-2.8
04:00:00,173,78.4,79.6,2021-03-29,4.5,4.91,-2.8
08:00:00,17,79.6,79.8,2021-03-29,4.5,4.91,-2.8
12:00:00,3,79.6,79.4,2021-03-29,4.5,4.91,-2.8
04:00:00,113,78.8,80.8,2021-03-30,4.5,4.91,-2.8
08:00:00,439,77.6,78.4,2021-03-30,4.5,4.91,-2.8
12:00:00,9,78.6,78.4,2021-03-30,4.5,4.91,-2.8
04:00:00,1,79.0,79.0,2021-03-31,4.5,5.19,-2.8
08:00:00,100,78.4,79.4,2021-03-31,4.5,5.19,-2.8
12:00:00,10,79.6,79.8,2021-03-31,4.5,5.19,-2.8
04:00:00,74,78.6,79.2,2021-04-01,4.5,5.19,-2.8
08:00:00,239,79.2,79.0,2021-04-01,4.5,5.19,-2.8
12:00:00,70,79.0,79.0,2021-04-01,4.5,5.19,-2.8
04:00:00,16,79.6,79.8,2021-04-02,4.5,5.19,-2.8
08:00:00,86,79.8,79.2,2021-04-02,4.5,5.19,-2.8
12:00:00,13,79.4,78.8,2021-04-02,4.5,5.19,-2.8
04:00:00,1070,79.8,80.6,2021-04-05,4.5,5.19,-2.8
08:00:00,361,80.6,80.6,2021-04-05,4.5,5.19,-2.8
12:00:00,122,80.4,80.8,2021-04-05,4.5,5.19,-2.8
04:00:00,555,81.0,80.8,2021-04-06,4.5,5.19,-2.8
08:00:00,222,81.0,79.6,2021-04-06,4.5,5.19,-2.8
12:00:00,338,79.6,78.8,2021-04-06,4.5,5.19,-2.8
04:00:00,155,78.2,78.4,2021-04-07,4.5,5.19,-2.8
08:00:00,56,78.6,78.6,2021-04-07,4.5,5.19,-2.8
12:00:00,6,78.6,79.0,2021-04-07,4.5,5.19,-2.8
04:00:00,11,78.6,78.2,2021-04-08,4.5,5.19,-2.8
08:00:00,102,78.8,79.0,2021-04-08,4.5,5.19,-2.8
12:00:00,4,79.0,79.0,2021-04-08,4.5,5.19,-2.8
04:00:00,15,78.8,79.0,2021-04-09,4.5,5.19,-2.8
08:00:00,51,79.0,79.2,2021-04-09,4.5,5.19,-2.8
12:00:00,54,79.4,79.6,2021-04-09,4.5,5.19,-2.8
04:00:00,17,79.4,79.2,2021-04-12,4.5,5.19,-2.8
08:00:00,75,79.0,79.0,2021-04-12,4.5,5.19,-2.8
12:00:00,53,79.0,79.8,2021-04-12,4.5,5.19,-2.8
04:00:00,11,79.6,79.8,2021-04-13,4.5,5.19,-2.8
08:00:00,18,79.2,79.0,2021-04-13,4.5,5.19,-2.8
12:00:00,10,79.0,79.6,2021-04-13,4.5,5.19,-2.8
04:00:00,1,79.2,79.2,2021-04-14,4.5,5.19,-2.8
08:00:00,293,79.8,79.6,2021-04-14,4.5,5.19,-2.8
12:00:00,23,79.8,79.8,2021-04-14,4.5,5.19,-2.8
04:00:00,6,79.8,79.8,2021-04-15,4.5,5.19,-2.8
08:00:00,2,79.2,79.2,2021-04-15,4.5,5.19,-2.8
12:00:00,2,79.8,79.8,2021-04-15,4.5,5.19,-2.8
04:00:00,2,79.4,79.4,2021-04-16,4.5,5.19,-2.8
08:00:00,16,79.2,79.2,2021-04-16,4.5,5.19,-2.8
12:00:00,21,79.2,79.0,2021-04-16,4.5,5.19,-2.8
04:00:00,1,79.2,79.2,2021-04-19,4.5,5.19,-2.8
08:00:00,37,79.4,79.6,2021-04-19,4.5,5.19,-2.8
12:00:00,30,79.8,79.8,2021-04-19,4.5,5.19,-2.8
08:00:00,9,80.0,79.4,2021-04-20,4.5,5.19,0.5
12:00:00,80,79.2,78.4,2021-04-20,4.5,5.19,0.5
04:00:00,18,78.2,78.8,2021-04-21,4.5,5.19,0.5
08:00:00,11,79.2,79.0,2021-04-21,4.5,5.19,0.5
12:00:00,3,79.0,79.0,2021-04-21,4.5,5.19,0.5
04:00:00,5,79.4,79.4,2021-04-22,4.5,5.19,0.5
08:00:00,20,79.4,79.0,2021-04-22,4.5,5.19,0.5
04:00:00,2,78.8,78.8,2021-04-23,4.5,5.19,0.5
08:00:00,5,79.4,78.8,2021-04-23,4.5,5.19,0.5
12:00:00,166,78.8,79.2,2021-04-23,4.5,5.19,0.5
04:00:00,68,79.6,78.6,2021-04-26,5.0,5.19,0.5
08:00:00,117,78.8,79.2,2021-04-26,5.0,5.19,0.5
12:00:00,1,79.4,79.4,2021-04-26,5.0,5.19,0.5
08:00:00,35,79.4,79.2,2021-04-27,5.0,5.19,0.5
12:00:00,1,79.2,79.2,2021-04-27,5.0,5.19,0.5
04:00:00,2,79.0,80.2,2021-04-28,5.0,5.19,0.5
08:00:00,2,79.6,79.0,2021-04-28,5.0,5.19,0.5
12:00:00,9,79.4,78.8,2021-04-28,5.0,5.19,0.5
08:00:00,5,79.0,79.2,2021-04-29,5.0,5.19,0.5
12:00:00,1,78.8,78.8,2021-04-29,5.0,5.19,0.5
08:00:00,1,79.0,79.0,2021-04-30,5.0,5.67,0.5
12:00:00,12,79.0,78.8,2021-04-30,5.0,5.67,0.5
04:00:00,4,79.4,79.4,2021-05-04,5.0,5.67,0.5
08:00:00,46,79.0,79.4,2021-05-04,5.0,5.67,0.5
12:00:00,32,79.6,79.0,2021-05-04,5.0,5.67,0.5
04:00:00,4,78.4,78.4,2021-05-05,5.0,5.67,0.5
08:00:00,95,78.6,79.0,2021-05-05,5.0,5.67,0.5
12:00:00,6,78.8,78.8,2021-05-05,5.0,5.67,0.5
04:00:00,3,80.0,79.2,2021-05-06,5.0,5.67,0.5
08:00:00,20,79.2,79.2,2021-05-06,5.0,5.67,0.5
12:00:00,30,79.2,79.2,2021-05-06,5.0,5.67,0.5
08:00:00,35,79.2,78.8,2021-05-07,5.0,5.67,0.5
12:00:00,9,79.2,78.8,2021-05-07,5.0,5.67,0.5
04:00:00,6,80.2,79.4,2021-05-10,5.0,5.67,0.5
08:00:00,207,79.0,79.0,2021-05-10,5.0,5.67,0.5
12:00:00,11,79.2,79.4,2021-05-10,5.0,5.67,0.5
04:00:00,1,78.4,78.4,2021-05-11,5.0,5.67,0.5
12:00:00,24,78.6,79.4,2021-05-11,5.0,5.67,0.5
04:00:00,13,78.6,78.6,2021-05-12,5.0,5.67,0.5
08:00:00,7,78.6,78.6,2021-05-12,5.0,5.67,0.5
12:00:00,19,78.6,79.4,2021-05-12,5.0,5.67,0.5
04:00:00,2,79.4,79.4,2021-05-13,5.0,5.67,0.5
08:00:00,4350,79.4,84.6,2021-05-13,5.0,5.67,0.5
12:00:00,298,84.4,84.2,2021-05-13,5.0,5.67,0.5
04:00:00,835,85.0,83.0,2021-05-14,5.0,5.67,0.5
08:00:00,476,83.0,81.6,2021-05-14,5.0,5.67,0.5
12:00:00,170,81.6,81.6,2021-05-14,5.0,5.67,0.5
04:00:00,342,82.0,81.0,2021-05-17,5.0,5.67,0.5
08:00:00,381,81.8,80.6,2021-05-17,5.0,5.67,0.5
12:00:00,38,80.6,81.2,2021-05-17,5.0,5.67,0.5
04:00:00,661,81.6,82.0,2021-05-18,5.0,5.67,0.5
08:00:00,69,82.0,80.2,2021-05-18,5.0,5.67,0.5
12:00:00,5,81.2,81.2,2021-05-18,5.0,5.67,0.5
04:00:00,57,82.0,81.0,2021-05-19,5.0,5.67,0.5
08:00:00,167,80.4,79.4,2021-05-19,5.0,5.67,0.5
12:00:00,68,79.6,79.2,2021-05-19,5.0,5.67,0.5
08:00:00,442,79.8,79.0,2021-05-20,5.0,5.67,0.5
12:00:00,22,79.4,79.6,2021-05-20,5.0,5.67,0.5
04:00:00,8,78.8,79.6,2021-05-21,5.0,5.67,0.5
08:00:00,19,79.6,79.0,2021-05-21,5.0,5.67,0.5
12:00:00,198,79.0,79.8,2021-05-21,5.0,5.67,0.5
04:00:00,66,79.8,79.8,2021-05-24,5.0,5.67,0.5
08:00:00,17,79.8,80.0,2021-05-24,5.0,5.67,0.5
12:00:00,101,80.0,79.2,2021-05-24,5.0,5.67,0.5
04:00:00,24,79.2,79.0,2021-05-25,5.0,5.67,0.5
08:00:00,41,79.6,79.0,2021-05-25,5.0,5.67,0.5
12:00:00,44,79.0,79.0,2021-05-25,5.0,5.67,0.5
04:00:00,17,79.0,79.6,2021-05-26,5.0,5.67,0.5
08:00:00,4,79.6,79.0,2021-05-26,5.0,5.67,0.5
12:00:00,2,79.6,79.6,2021-05-26,5.0,5.67,0.5
04:00:00,11,79.0,79.8,2021-05-27,5.0,5.67,0.5
08:00:00,14,79.8,79.0,2021-05-27,5.0,5.67,0.5
12:00:00,8,79.6,79.4,2021-05-27,5.0,5.67,0.5
04:00:00,45,79.8,80.2,2021-05-28,5.0,5.67,0.5
08:00:00,72,79.6,79.4,2021-05-28,5.0,5.67,0.5
12:00:00,1203,79.4,78.2,2021-05-28,5.0,5.67,0.5
04:00:00,6,79.0,79.2,2021-05-31,5.0,5.78,0.5
08:00:00,160,79.2,78.2,2021-05-31,5.0,5.78,0.5
12:00:00,19,78.6,79.0,2021-05-31,5.0,5.78,0.5
08:00:00,6,79.0,78.4,2021-06-01,5.0,5.78,0.5
12:00:00,1,79.0,79.0,2021-06-01,5.0,5.78,0.5
04:00:00,2,79.0,79.0,2021-06-02,5.0,5.78,0.5
08:00:00,15,78.6,79.2,2021-06-02,5.0,5.78,0.5
12:00:00,8,78.6,79.0,2021-06-02,5.0,5.78,0.5
04:00:00,519,78.4,79.6,2021-06-03,5.0,5.78,0.5
08:00:00,22,79.6,79.4,2021-06-03,5.0,5.78,0.5
12:00:00,80,79.4,79.6,2021-06-03,5.0,5.78,0.5
04:00:00,2,79.6,79.6,2021-06-04,5.0,5.78,0.5
08:00:00,36,79.4,78.8,2021-06-04,5.0,5.78,0.5
12:00:00,37,78.6,79.4,2021-06-04,5.0,5.78,0.5
04:00:00,12,78.6,79.4,2021-06-07,5.0,5.78,10.7
08:00:00,34,78.8,78.4,2021-06-07,5.0,5.78,10.7
12:00:00,39,79.0,78.8,2021-06-07,5.0,5.78,10.7
04:00:00,5,78.6,79.2,2021-06-08,5.0,5.78,10.7
08:00:00,89,79.0,78.6,2021-06-08,5.0,5.78,10.7
12:00:00,10,79.0,78.6,2021-06-08,5.0,5.78,10.7
08:00:00,24,79.2,78.6,2021-06-09,5.0,5.78,10.7
12:00:00,31,78.6,78.4,2021-06-09,5.0,5.78,10.7
08:00:00,19,79.2,79.0,2021-06-10,5.0,5.78,10.7
12:00:00,34,78.6,78.4,2021-06-10,5.0,5.78,10.7
04:00:00,2,79.0,78.6,2021-06-11,5.0,5.78,10.7
08:00:00,20,78.6,79.2,2021-06-11,5.0,5.78,10.7
12:00:00,16,79.0,78.8,2021-06-11,5.0,5.78,10.7
04:00:00,4,79.4,78.8,2021-06-14,5.0,5.78,10.7
08:00:00,4,78.6,78.6,2021-06-14,5.0,5.78,10.7
12:00:00,1,79.0,79.0,2021-06-14,5.0,5.78,10.7
04:00:00,2,79.0,79.0,2021-06-15,5.5,5.78,10.7
08:00:00,212,78.8,78.6,2021-06-15,5.5,5.78,10.7
12:00:00,22,79.0,78.6,2021-06-15,5.5,5.78,10.7
08:00:00,7,78.6,78.4,2021-06-16,5.5,5.78,10.7
12:00:00,516,78.8,78.4,2021-06-16,5.5,5.78,10.7
08:00:00,204,78.6,78.2,2021-06-17,5.5,5.78,10.7
12:00:00,28,78.2,78.4,2021-06-17,5.5,5.78,10.7
08:00:00,4,78.8,78.8,2021-06-18,5.5,5.78,10.7
12:00:00,67,79.0,78.8,2021-06-18,5.5,5.78,10.7
04:00:00,1,78.8,78.8,2021-06-21,5.5,5.78,10.7
08:00:00,21,78.8,78.8,2021-06-21,5.5,5.78,10.7
12:00:00,5,78.8,78.8,2021-06-21,5.5,5.78,10.7
04:00:00,1,78.8,78.8,2021-06-22,5.5,5.78,10.7
08:00:00,15,78.8,78.2,2021-06-22,5.5,5.78,10.7
04:00:00,1,79.0,79.0,2021-06-23,5.5,5.78,10.7
08:00:00,3,79.0,78.8,2021-06-23,5.5,5.78,10.7
12:00:00,15,78.8,78.8,2021-06-23,5.5,5.78,10.7
08:00:00,21,78.4,78.0,2021-06-24,5.5,5.78,10.7
12:00:00,5,78.0,78.0,2021-06-24,5.5,5.78,10.7
04:00:00,39,78.4,78.0,2021-06-25,5.5,5.78,10.7
08:00:00,29,78.0,78.2,2021-06-25,5.5,5.78,10.7
12:00:00,15,78.2,78.8,2021-06-25,5.5,5.78,10.7
04:00:00,2,78.4,78.4,2021-06-28,5.5,5.78,10.7
08:00:00,88,78.2,77.6,2021-06-28,5.5,5.78,10.7
12:00:00,14,78.2,78.0,2021-06-28,5.5,5.78,10.7
04:00:00,7,78.2,78.2,2021-06-29,5.5,5.78,10.7
08:00:00,3,78.2,78.4,2021-06-29,5.5,5.78,10.7
12:00:00,7,78.2,78.4,2021-06-29,5.5,5.78,10.7
04:00:00,3,78.0,78.4,2021-06-30,5.5,5.52,10.7
08:00:00,5,78.6,78.2,2021-06-30,5.5,5.52,10.7
12:00:00,4,78.6,78.6,2021-06-30,5.5,5.52,10.7
04:00:00,10,78.8,78.8,2021-07-01,5.5,5.52,10.9
08:00:00,32,78.4,77.8,2021-07-01,5.5,5.52,10.9
12:00:00,6,78.4,78.0,2021-07-01,5.5,5.52,10.9
08:00:00,2,78.4,78.4,2021-07-02,5.5,5.52,10.9
12:00:00,7,78.2,78.0,2021-07-02,5.5,5.52,10.9
04:00:00,9,78.2,78.2,2021-07-05,5.5,5.52,10.9
08:00:00,19,78.4,78.2,2021-07-05,5.5,5.52,10.9
12:00:00,8,78.2,78.0,2021-07-05,5.5,5.52,10.9
04:00:00,4,78.4,78.4,2021-07-06,5.5,5.52,10.9
08:00:00,4,78.0,77.8,2021-07-06,5.5,5.52,10.9
12:00:00,2,78.0,78.0,2021-07-06,5.5,5.52,10.9
04:00:00,1,78.2,78.2,2021-07-07,5.5,5.52,10.9
08:00:00,8,78.2,78.2,2021-07-07,5.5,5.52,10.9
12:00:00,34,78.2,78.2,2021-07-07,5.5,5.52,10.9
04:00:00,97,78.6,78.2,2021-07-08,5.5,5.52,10.9
08:00:00,15,78.2,77.4,2021-07-08,5.5,5.52,10.9
12:00:00,5,77.8,78.2,2021-07-08,5.5,5.52,10.9
04:00:00,20,77.6,77.6,2021-07-09,5.5,5.52,10.9
08:00:00,121,78.2,78.2,2021-07-09,5.5,5.52,10.9
12:00:00,4,78.0,78.0,2021-07-09,5.5,5.52,10.9
08:00:00,4,78.0,78.6,2021-07-12,5.5,5.52,10.9
12:00:00,26,78.6,78.0,2021-07-12,5.5,5.52,10.9
04:00:00,1,78.8,78.8,2021-07-13,5.5,5.52,10.9
08:00:00,22,77.6,78.4,2021-07-13,5.5,5.52,10.9
12:00:00,4,78.4,77.6,2021-07-13,5.5,5.52,10.9
04:00:00,2,78.6,78.4,2021-07-14,5.5,5.52,10.9
08:00:00,5,78.6,78.2,2021-07-14,5.5,5.52,10.9
12:00:00,25,78.2,77.6,2021-07-14,5.5,5.52,10.9
08:00:00,3,77.6,77.6,2021-07-15,5.5,5.52,10.9
12:00:00,2,78.2,77.6,2021-07-15,5.5,5.52,10.9
08:00:00,74,78.2,77.6,2021-07-16,5.5,5.52,10.9
12:00:00,11,77.2,78.2,2021-07-16,5.5,5.52,10.9
08:00:00,31,78.2,77.2,2021-07-19,5.5,5.52,10.9
12:00:00,216,77.2,77.2,2021-07-19,5.5,5.52,10.9
08:00:00,17,77.4,77.6,2021-07-20,5.5,5.52,10.9
12:00:00,5,77.0,77.0,2021-07-20,5.5,5.52,10.9
04:00:00,2,77.6,77.4,2021-07-21,5.5,5.52,10.9
08:00:00,2,77.4,77.6,2021-07-21,5.5,5.52,10.9
12:00:00,10,77.6,77.6,2021-07-21,5.5,5.52,10.9
04:00:00,9,77.0,77.6,2021-07-22,5.5,5.52,10.9
08:00:00,98,77.6,77.4,2021-07-22,5.5,5.52,10.9
12:00:00,4,78.0,78.2,2021-07-22,5.5,5.52,10.9
04:00:00,102,78.4,78.8,2021-07-23,5.5,5.52,10.9
08:00:00,145,78.0,78.6,2021-07-23,5.5,5.52,10.9
12:00:00,8,78.0,78.8,2021-07-23,5.5,5.52,10.9
04:00:00,1,78.0,78.0,2021-07-26,6.5,5.52,10.9
08:00:00,705,78.8,78.2,2021-07-26,6.5,5.52,10.9
12:00:00,32,78.0,78.8,2021-07-26,6.5,5.52,10.9
08:00:00,66,78.4,78.4,2021-07-27,6.5,5.52,10.9
12:00:00,67,78.4,79.2,2021-07-27,6.5,5.52,10.9
08:00:00,10,79.2,79.2,2021-07-28,6.5,5.52,10.9
12:00:00,5,78.4,79.2,2021-07-28,6.5,5.52,10.9
08:00:00,3,78.8,78.6,2021-07-29,6.5,5.52,8.5
12:00:00,2,78.6,78.8,2021-07-29,6.5,5.52,8.5
08:00:00,8,79.0,78.4,2021-07-30,6.5,5.52,8.5
12:00:00,92,79.0,78.4,2021-07-30,6.5,5.52,8.5
04:00:00,1,79.0,79.0,2021-08-02,6.5,6.01,8.5
08:00:00,12,78.4,78.2,2021-08-02,6.5,6.01,8.5
12:00:00,2,78.0,78.8,2021-08-02,6.5,6.01,8.5
04:00:00,35,79.0,79.4,2021-08-03,6.5,6.01,8.5
08:00:00,29,79.4,79.0,2021-08-03,6.5,6.01,8.5
12:00:00,27,79.0,78.8,2021-08-03,6.5,6.01,8.5
04:00:00,30,79.6,79.2,2021-08-04,6.5,6.01,8.5
08:00:00,8,78.8,78.8,2021-08-04,6.5,6.01,8.5
12:00:00,44,79.2,79.4,2021-08-04,6.5,6.01,8.5
04:00:00,10,78.6,79.4,2021-08-05,6.5,6.01,8.5
12:00:00,22,79.4,79.4,2021-08-05,6.5,6.01,8.5
04:00:00,1,79.4,79.4,2021-08-06,6.5,6.01,8.5
08:00:00,9,78.8,79.4,2021-08-06,6.5,6.01,8.5
12:00:00,6,79.2,79.2,2021-08-06,6.5,6.01,8.5
04:00:00,186,78.8,80.2,2021-08-09,6.5,6.01,8.5
08:00:00,19,79.4,79.4,2021-08-09,6.5,6.01,8.5
12:00:00,19,79.4,79.4,2021-08-09,6.5,6.01,8.5
04:00:00,80,79.2,79.2,2021-08-10,6.5,6.01,8.5
08:00:00,8,79.0,79.0,2021-08-10,6.5,6.01,8.5
12:00:00,7,78.8,79.0,2021-08-10,6.5,6.01,8.5
04:00:00,2,78.6,78.6,2021-08-11,6.5,6.01,8.5
08:00:00,28,79.0,79.0,2021-08-11,6.5,6.01,8.5
12:00:00,33,79.2,78.6,2021-08-11,6.5,6.01,8.5
04:00:00,6,78.6,79.2,2021-08-12,6.5,6.01,8.5
08:00:00,44,79.2,78.8,2021-08-12,6.5,6.01,8.5
12:00:00,33,78.6,79.4,2021-08-12,6.5,6.01,8.5
04:00:00,134,79.0,78.6,2021-08-13,6.5,6.01,8.5
08:00:00,3,78.8,78.8,2021-08-13,6.5,6.01,8.5
12:00:00,7,78.8,78.8,2021-08-13,6.5,6.01,8.5
04:00:00,1,78.6,78.6,2021-08-16,6.5,6.01,8.5
08:00:00,9,78.6,78.8,2021-08-16,6.5,6.01,8.5
12:00:00,3,79.0,79.0,2021-08-16,6.5,6.01,8.5
04:00:00,2,78.4,79.0,2021-08-17,6.5,6.01,8.5
08:00:00,20,79.0,79.0,2021-08-17,6.5,6.01,8.5
12:00:00,1,79.0,79.0,2021-08-17,6.5,6.01,8.5
04:00:00,114,78.4,79.0,2021-08-18,6.5,6.01,8.5
08:00:00,58,78.2,77.6,2021-08-18,6.5,6.01,8.5
12:00:00,5,78.4,78.4,2021-08-18,6.5,6.01,8.5
04:00:00,1,78.2,78.2,2021-08-19,6.5,6.01,8.5
08:00:00,44,78.0,78.0,2021-08-19,6.5,6.01,8.5
12:00:00,17,78.0,78.0,2021-08-19,6.5,6.01,8.5
04:00:00,12,78.0,78.6,2021-08-20,6.5,6.01,8.5
08:00:00,26,78.2,78.2,2021-08-20,6.5,6.01,8.5
12:00:00,11,78.2,78.0,2021-08-20,6.5,6.01,8.5
04:00:00,8,78.4,77.8,2021-08-23,6.5,6.01,8.5
08:00:00,17,78.6,78.0,2021-08-23,6.5,6.01,8.5
12:00:00,33,77.8,78.6,2021-08-23,6.5,6.01,8.5
04:00:00,143,78.6,79.8,2021-08-24,6.5,6.01,8.5
08:00:00,45,79.6,79.6,2021-08-24,6.5,6.01,8.5
12:00:00,5,79.6,79.4,2021-08-24,6.5,6.01,8.5
04:00:00,5,79.6,79.6,2021-08-25,6.5,6.01,8.5
08:00:00,519,79.2,82.0,2021-08-25,6.5,6.01,8.5
12:00:00,456,80.2,80.8,2021-08-25,6.5,6.01,8.5
04:00:00,1460,81.0,80.0,2021-08-26,6.5,6.01,8.5
08:00:00,378,79.2,80.2,2021-08-26,6.5,6.01,8.5
12:00:00,71,79.4,80.0,2021-08-26,6.5,6.01,8.5
04:00:00,74,79.2,79.8,2021-08-27,6.5,6.01,8.5
08:00:00,37,79.8,79.4,2021-08-27,6.5,6.01,8.5
12:00:00,7,79.6,79.6,2021-08-27,6.5,6.01,8.5
04:00:00,22,79.6,78.6,2021-08-30,6.5,6.01,8.5
08:00:00,82,78.8,79.0,2021-08-30,6.5,6.01,8.5
12:00:00,18,79.0,79.2,2021-08-30,6.5,6.01,8.5
04:00:00,2,79.2,79.2,2021-08-31,6.5,6.51,8.5
08:00:00,8,78.4,79.0,2021-08-31,6.5,6.51,8.5
12:00:00,22,79.0,79.2,2021-08-31,6.5,6.51,8.5
04:00:00,76,79.2,79.0,2021-09-01,6.5,6.51,4.7
08:00:00,30,79.0,78.6,2021-09-01,6.5,6.51,4.7
12:00:00,4,79.0,79.0,2021-09-01,6.5,6.51,4.7
04:00:00,6,78.6,78.6,2021-09-02,6.5,6.51,4.7
08:00:00,16,78.6,79.0,2021-09-02,6.5,6.51,4.7
12:00:00,366,78.6,79.0,2021-09-02,6.5,6.51,4.7
04:00:00,24,79.0,78.8,2021-09-03,6.5,6.51,4.7
08:00:00,1,78.8,78.8,2021-09-03,6.5,6.51,4.7
12:00:00,16,78.8,79.0,2021-09-03,6.5,6.51,4.7
04:00:00,32,78.8,78.4,2021-09-06,6.5,6.51,4.7
08:00:00,103,78.4,78.2,2021-09-06,6.5,6.51,4.7
12:00:00,14,78.8,78.6,2021-09-06,6.5,6.51,4.7
04:00:00,20,78.6,78.6,2021-09-07,6.5,6.51,4.7
08:00:00,59,78.6,78.2,2021-09-07,6.5,6.51,4.7
12:00:00,6,78.4,78.6,2021-09-07,6.5,6.51,4.7
08:00:00,27,78.0,78.2,2021-09-08,6.5,6.51,4.7
12:00:00,61,78.2,78.4,2021-09-08,6.5,6.51,4.7
04:00:00,2,78.4,78.0,2021-09-09,6.5,6.51,4.7
08:00:00,11,78.0,78.0,2021-09-09,6.5,6.51,4.7
12:00:00,5,78.0,78.4,2021-09-09,6.5,6.51,4.7
04:00:00,3,78.4,78.4,2021-09-10,6.5,6.51,4.7
08:00:00,133,78.2,79.2,2021-09-10,6.5,6.51,4.7
12:00:00,26,78.4,79.0,2021-09-10,6.5,6.51,4.7
04:00:00,6,78.4,78.4,2021-09-13,6.75,6.51,4.7
08:00:00,12,78.6,78.0,2021-09-13,6.75,6.51,4.7
12:00:00,25,78.0,78.4,2021-09-13,6.75,6.51,4.7
08:00:00,13,77.8,78.2,2021-09-14,6.75,6.51,4.7
12:00:00,110,78.0,77.8,2021-09-14,6.75,6.51,4.7
04:00:00,4,78.4,78.6,2021-09-15,6.75,6.51,4.7
08:00:00,26,78.0,78.2,2021-09-15,6.75,6.51,4.7
12:00:00,30,78.2,77.8,2021-09-15,6.75,6.51,4.7
04:00:00,1,77.8,77.8,2021-09-16,6.75,6.51,4.7
08:00:00,6,78.2,77.6,2021-09-16,6.75,6.51,4.7
12:00:00,8,77.6,78.4,2021-09-16,6.75,6.51,4.7
04:00:00,6,77.8,78.2,2021-09-17,6.75,6.51,4.7
08:00:00,68,77.6,77.8,2021-09-17,6.75,6.51,4.7
12:00:00,46,77.8,78.0,2021-09-17,6.75,6.51,4.7
04:00:00,4,78.2,77.8,2021-09-20,6.75,6.51,4.7
08:00:00,11,77.8,78.4,2021-09-20,6.75,6.51,4.7
12:00:00,8,78.4,78.4,2021-09-20,6.75,6.51,4.7
04:00:00,25,78.4,78.8,2021-09-21,6.75,6.51,4.7
08:00:00,5,78.2,78.4,2021-09-21,6.75,6.51,4.7
12:00:00,15,78.2,78.0,2021-09-21,6.75,6.51,4.7
04:00:00,6,78.0,77.8,2021-09-22,6.75,6.51,4.7
08:00:00,10,78.2,78.0,2021-09-22,6.75,6.51,4.7
12:00:00,2,77.8,78.0,2021-09-22,6.75,6.51,4.7
04:00:00,32,78.0,78.0,2021-09-23,6.75,6.51,4.7
08:00:00,13,78.0,78.0,2021-09-23,6.75,6.51,4.7
08:00:00,71,77.8,77.8,2021-09-24,6.75,6.51,4.7
12:00:00,6,77.8,77.8,2021-09-24,6.75,6.51,4.7
04:00:00,390,78.6,79.2,2021-09-27,6.75,6.51,4.7
08:00:00,184,79.6,79.2,2021-09-27,6.75,6.51,4.7
12:00:00,166,78.8,78.2,2021-09-27,6.75,6.51,4.7
04:00:00,31,78.4,78.2,2021-09-28,6.75,6.51,4.7
08:00:00,3521,78.4,83.8,2021-09-28,6.75,6.51,4.7
12:00:00,1575,83.6,79.6,2021-09-28,6.75,6.51,4.7
04:00:00,181,79.2,79.4,2021-09-29,6.75,6.51,4.7
08:00:00,173,79.2,78.6,2021-09-29,6.75,6.51,4.7
12:00:00,964,79.0,78.4,2021-09-29,6.75,6.51,4.7
04:00:00,118,78.0,78.4,2021-09-30,6.75,6.47,4.7
08:00:00,269,78.2,80.0,2021-09-30,6.75,6.47,4.7
12:00:00,37,80.0,79.2,2021-09-30,6.75,6.47,4.7
04:00:00,22,79.4,80.0,2021-10-01,6.75,6.47,3.7
08:00:00,333,79.0,78.4,2021-10-01,6.75,6.47,3.7
12:00:00,12,78.2,78.0,2021-10-01,6.75,6.47,3.7
04:00:00,52,78.0,78.6,2021-10-04,6.75,6.47,3.7
08:00:00,546,78.8,79.4,2021-10-04,6.75,6.47,3.7
12:00:00,734,81.6,80.0,2021-10-04,6.75,6.47,3.7
04:00:00,300,80.0,82.8,2021-10-05,6.75,6.47,3.7
08:00:00,671,82.8,83.4,2021-10-05,6.75,6.47,3.7
12:00:00,177,83.6,82.6,2021-10-05,6.75,6.47,3.7
04:00:00,45,79.8,82.8,2021-10-06,6.75,6.47,3.7
08:00:00,104,83.0,82.2,2021-10-06,6.75,6.47,3.7
12:00:00,28,81.0,82.0,2021-10-06,6.75,6.47,3.7
04:00:00,1,81.2,81.2,2021-10-07,6.75,6.47,3.7
08:00:00,36,82.4,81.4,2021-10-07,6.75,6.47,3.7
12:00:00,157,81.4,82.0,2021-10-07,6.75,6.47,3.7
04:00:00,3,81.2,81.6,2021-10-08,6.75,6.47,3.7
08:00:00,46,81.6,82.8,2021-10-08,6.75,6.47,3.7
12:00:00,42,82.6,82.8,2021-10-08,6.75,6.47,3.7
04:00:00,5,83.6,82.0,2021-10-11,6.75,6.47,3.7
08:00:00,83,81.6,82.0,2021-10-11,6.75,6.47,3.7
12:00:00,6,82.4,82.0,2021-10-11,6.75,6.47,3.7
04:00:00,45,79.8,81.8,2021-10-12,6.75,6.47,3.7
08:00:00,13,81.6,81.6,2021-10-12,6.75,6.47,3.7
12:00:00,8,81.4,81.4,2021-10-12,6.75,6.47,3.7
04:00:00,50,80.0,80.8,2021-10-13,6.75,6.47,3.7
08:00:00,80,81.0,80.8,2021-10-13,6.75,6.47,3.7
12:00:00,127,80.2,79.6,2021-10-13,6.75,6.47,3.7
04:00:00,6,81.2,80.4,2021-10-14,6.75,6.47,3.7
08:00:00,904,80.4,79.6,2021-10-14,6.75,6.47,3.7
12:00:00,698,80.0,81.6,2021-10-14,6.75,6.47,3.7
04:00:00,446,80.0,82.0,2021-10-15,6.75,6.47,3.7
08:00:00,521,81.6,80.6,2021-10-15,6.75,6.47,3.7
12:00:00,21,80.6,80.6,2021-10-15,6.75,6.47,3.7
04:00:00,6,81.4,81.0,2021-10-18,6.75,6.47,3.7
08:00:00,94,81.2,80.0,2021-10-18,6.75,6.47,3.7
12:00:00,28,80.0,80.2,2021-10-18,6.75,6.47,3.7
04:00:00,14,80.2,80.6,2021-10-19,6.75,6.47,3.7
08:00:00,5,80.8,80.6,2021-10-19,6.75,6.47,3.7
12:00:00,232,80.8,79.8,2021-10-19,6.75,6.47,3.7
04:00:00,30,79.8,80.0,2021-10-20,6.75,6.47,3.7
08:00:00,99,80.2,81.0,2021-10-20,6.75,6.47,3.7
12:00:00,301,81.0,80.4,2021-10-20,6.75,6.47,3.7
04:00:00,11,80.4,80.6,2021-10-21,6.75,6.47,3.7
08:00:00,53,80.6,79.4,2021-10-21,6.75,6.47,3.7
12:00:00,107,79.2,80.2,2021-10-21,6.75,6.47,3.7
04:00:00,18,80.0,79.6,2021-10-22,6.75,6.47,3.7
08:00:00,110,79.8,80.6,2021-10-22,6.75,6.47,3.7
12:00:00,17,80.2,80.4,2021-10-22,6.75,6.47,3.7
04:00:00,8,79.2,80.2,2021-10-25,7.5,6.47,3.7
08:00:00,13,80.2,80.4,2021-10-25,7.5,6.47,3.7
12:00:00,47,80.6,79.6,2021-10-25,7.5,6.47,3.7
04:00:00,1,80.2,80.2,2021-10-26,7.5,6.47,3.7
08:00:00,16,80.4,80.0,2021-10-26,7.5,6.47,3.7
12:00:00,2,80.2,80.2,2021-10-26,7.5,6.47,3.7
04:00:00,2,80.2,79.8,2021-10-27,7.5,6.47,3.7
08:00:00,22,79.8,79.8,2021-10-27,7.5,6.47,3.7
12:00:00,1,79.8,79.8,2021-10-27,7.5,6.47,3.7
04:00:00,5,79.2,80.0,2021-10-28,7.5,6.47,3.7
08:00:00,16,79.2,79.8,2021-10-28,7.5,6.47,3.7
12:00:00,2,79.2,79.2,2021-10-28,7.5,6.47,3.7
04:00:00,2,80.2,79.4,2021-10-29,7.5,6.47,3.7
08:00:00,7,79.6,79.8,2021-10-29,7.5,6.47,3.7
12:00:00,24,79.2,79.0,2021-10-29,7.5,6.47,3.7
04:00:00,5,78.8,79.4,2021-11-01,7.5,6.69,3.7
08:00:00,11,79.8,79.8,2021-11-01,7.5,6.69,3.7
12:00:00,10,79.8,79.2,2021-11-01,7.5,6.69,3.7
04:00:00,9,79.4,79.6,2021-11-02,7.5,6.69,3.7
08:00:00,26,79.8,79.6,2021-11-02,7.5,6.69,3.7
12:00:00,23,79.6,80.2,2021-11-02,7.5,6.69,3.7
04:00:00,9,80.2,79.4,2021-11-03,7.5,6.69,3.7
08:00:00,44,79.4,79.0,2021-11-03,7.5,6.69,3.7
12:00:00,6,79.6,79.8,2021-11-03,7.5,6.69,3.7
04:00:00,18,79.8,80.0,2021-11-05,7.5,6.69,3.7
08:00:00,2,79.4,79.8,2021-11-05,7.5,6.69,3.7
12:00:00,27,79.4,79.2,2021-11-05,7.5,6.69,3.7
04:00:00,3,79.0,79.0,2021-11-08,7.5,6.69,3.7
08:00:00,83,79.6,80.0,2021-11-08,7.5,6.69,3.7
12:00:00,1,79.8,79.8,2021-11-08,7.5,6.69,3.7
04:00:00,2,79.6,79.6,2021-11-09,7.5,6.69,3.7
08:00:00,104,79.6,79.2,2021-11-09,7.5,6.69,3.7
12:00:00,143,79.0,79.6,2021-11-09,7.5,6.69,3.7
04:00:00,2,79.0,79.0,2021-11-10,7.5,6.69,3.7
08:00:00,12,79.0,79.2,2021-11-10,7.5,6.69,3.7
12:00:00,4,79.0,79.2,2021-11-10,7.5,6.69,3.7
04:00:00,42,79.2,79.4,2021-11-11,7.5,6.69,3.7
08:00:00,4,79.2,79.0,2021-11-11,7.5,6.69,3.7
12:00:00,14,79.0,78.8,2021-11-11,7.5,6.69,3.7
04:00:00,4,79.6,79.0,2021-11-12,7.5,6.69,3.7
08:00:00,141,79.0,80.0,2021-11-12,7.5,6.69,3.7
12:00:00,11,79.8,79.4,2021-11-12,7.5,6.69,3.7
04:00:00,1,79.2,79.2,2021-11-15,7.5,6.69,3.7
08:00:00,41,80.0,79.6,2021-11-15,7.5,6.69,3.7
12:00:00,70,79.8,79.6,2021-11-15,7.5,6.69,3.7
04:00:00,14,80.0,79.4,2021-11-16,7.5,6.69,3.7
08:00:00,6,80.0,79.8,2021-11-16,7.5,6.69,3.7
12:00:00,3,79.6,79.4,2021-11-16,7.5,6.69,3.7
04:00:00,65,79.4,78.8,2021-11-17,7.5,6.69,3.7
08:00:00,209,78.8,79.4,2021-11-17,7.5,6.69,3.7
12:00:00,220,79.0,78.8,2021-11-17,7.5,6.69,3.7
04:00:00,2,78.8,78.8,2021-11-18,7.5,6.69,3.7
08:00:00,1,78.8,78.8,2021-11-18,7.5,6.69,3.7
12:00:00,2537,78.6,78.4,2021-11-18,7.5,6.69,3.7
04:00:00,14,78.8,78.6,2021-11-19,7.5,6.69,3.7
08:00:00,35,78.8,79.2,2021-11-19,7.5,6.69,3.7
12:00:00,123,79.0,79.0,2021-11-19,7.5,6.69,3.7
04:00:00,25,78.2,78.4,2021-11-22,7.5,6.69,3.7
08:00:00,63,78.4,78.0,2021-11-22,7.5,6.69,3.7
12:00:00,24,78.0,78.0,2021-11-22,7.5,6.69,3.7
04:00:00,7,78.0,78.0,2021-11-23,7.5,6.69,3.7
08:00:00,118,77.8,77.8,2021-11-23,7.5,6.69,3.7
12:00:00,52,77.8,78.0,2021-11-23,7.5,6.69,3.7
04:00:00,13,77.8,77.6,2021-11-24,7.5,6.69,3.7
08:00:00,61,77.8,78.0,2021-11-24,7.5,6.69,3.7
12:00:00,3,77.8,78.0,2021-11-24,7.5,6.69,3.7
04:00:00,6,78.2,78.2,2021-11-25,7.5,6.69,3.7
08:00:00,1,78.2,78.2,2021-11-25,7.5,6.69,3.7
12:00:00,7,78.0,78.2,2021-11-25,7.5,6.69,3.7
04:00:00,2,77.8,77.8,2021-11-26,7.5,6.69,3.7
08:00:00,13,78.0,78.2,2021-11-26,7.5,6.69,3.7
12:00:00,84,77.8,77.2,2021-11-26,7.5,6.69,3.7
04:00:00,160,76.8,76.0,2021-11-29,7.5,6.69,3.7
08:00:00,50,75.8,77.0,2021-11-29,7.5,6.69,3.7
12:00:00,11,77.0,77.2,2021-11-29,7.5,6.69,3.7
08:00:00,12,77.4,77.4,2021-11-30,7.5,7.41,3.7
12:00:00,1,77.4,77.4,2021-11-30,7.5,7.41,3.7
08:00:00,5,77.2,77.6,2021-12-01,7.5,7.41,4.9
12:00:00,10,77.8,77.8,2021-12-01,7.5,7.41,4.9
04:00:00,1,77.4,77.4,2021-12-02,7.5,7.41,4.9
08:00:00,7,77.4,77.6,2021-12-02,7.5,7.41,4.9
12:00:00,4,77.8,77.8,2021-12-02,7.5,7.41,4.9
04:00:00,1,78.0,78.0,2021-12-03,7.5,7.41,4.9
08:00:00,15,78.0,77.0,2021-12-03,7.5,7.41,4.9
04:00:00,4,77.0,77.0,2021-12-06,7.5,7.41,4.9
08:00:00,4,77.4,77.2,2021-12-06,7.5,7.41,4.9
12:00:00,7,77.0,77.2,2021-12-06,7.5,7.41,4.9
04:00:00,1,76.8,76.8,2021-12-07,7.5,7.41,4.9
08:00:00,11,77.2,77.0,2021-12-07,7.5,7.41,4.9
12:00:00,6,76.8,77.4,2021-12-07,7.5,7.41,4.9
08:00:00,13,77.2,77.2,2021-12-08,7.5,7.41,4.9
12:00:00,25,77.2,76.8,2021-12-08,7.5,7.41,4.9
04:00:00,8,77.0,77.0,2021-12-09,7.5,7.41,4.9
08:00:00,28,76.8,77.4,2021-12-09,7.5,7.41,4.9
12:00:00,31,77.4,76.6,2021-12-09,7.5,7.41,4.9
04:00:00,2,76.2,76.2,2021-12-10,7.5,7.41,4.9
08:00:00,8,76.0,76.2,2021-12-10,7.5,7.41,4.9
12:00:00,10,76.2,76.0,2021-12-10,7.5,7.41,4.9
08:00:00,101,76.2,75.0,2021-12-13,7.5,7.41,4.9
12:00:00,39,75.0,75.2,2021-12-13,7.5,7.41,4.9
04:00:00,2,75.6,75.6,2021-12-14,7.5,7.41,4.9
08:00:00,12,75.8,75.6,2021-12-14,7.5,7.41,4.9
12:00:00,4,75.0,75.0,2021-12-14,7.5,7.41,4.9
04:00:00,2,75.0,75.6,2021-12-15,7.5,7.41,4.9
08:00:00,12,75.8,76.4,2021-12-15,7.5,7.41,4.9
12:00:00,5,75.6,75.6,2021-12-15,7.5,7.41,4.9
04:00:00,10,76.4,77.0,2021-12-16,7.5,7.41,4.9
08:00:00,2,77.0,77.0,2021-12-16,7.5,7.41,4.9
12:00:00,14,77.0,77.6,2021-12-16,7.5,7.41,4.9
04:00:00,3,76.6,76.6,2021-12-17,7.5,7.41,4.9
08:00:00,6,76.4,76.2,2021-12-17,7.5,7.41,4.9
12:00:00,1,76.0,76.0,2021-12-17,7.5,7.41,4.9
04:00:00,10,76.0,75.2,2021-12-20,8.5,7.41,4.9
08:00:00,24,75.4,75.8,2021-12-20,8.5,7.41,4.9
12:00:00,3,77.0,75.8,2021-12-20,8.5,7.41,4.9
08:00:00,2,75.6,75.6,2021-12-21,8.5,7.41,4.9
12:00:00,6,75.4,75.6,2021-12-21,8.5,7.41,4.9
04:00:00,1,76.0,76.0,2021-12-22,8.5,7.41,4.9
08:00:00,51,75.6,74.4,2021-12-22,8.5,7.41,4.9
12:00:00,18,75.0,75.2,2021-12-22,8.5,7.41,4.9
04:00:00,1,74.6,74.6,2021-12-23,8.5,7.41,4.9
08:00:00,14,74.6,74.0,2021-12-23,8.5,7.41,4.9
12:00:00,6,74.8,75.0,2021-12-23,8.5,7.41,4.9
04:00:00,10,74.2,74.0,2021-12-24,8.5,7.41,4.9
08:00:00,8,74.8,74.0,2021-12-24,8.5,7.41,4.9
12:00:00,39,75.0,74.0,2021-12-24,8.5,7.41,4.9
04:00:00,49,75.2,76.2,2021-12-27,8.5,7.41,4.9
08:00:00,11,76.0,75.6,2021-12-27,8.5,7.41,4.9
12:00:00,98,75.4,76.8,2021-12-27,8.5,7.41,4.9
04:00:00,41,76.8,79.0,2021-12-28,8.5,7.41,4.9
08:00:00,246,78.0,76.4,2021-12-28,8.5,7.41,4.9
12:00:00,128,77.4,74.4,2021-12-28,8.5,7.41,4.9
08:00:00,6,76.0,76.0,2021-12-29,8.5,7.41,5.2
12:00:00,11,75.4,74.8,2021-12-29,8.5,7.41,5.2
04:00:00,8,75.0,75.0,2021-12-30,8.5,7.41,5.2
08:00:00,9,75.8,75.4,2021-12-30,8.5,7.41,5.2
12:00:00,2,75.8,76.0,2021-12-30,8.5,7.41,5.2
04:00:00,1,76.2,76.2,2022-01-03,8.5,8.14,5.2
08:00:00,12,76.0,75.6,2022-01-03,8.5,8.14,5.2
12:00:00,2,76.0,75.6,2022-01-03,8.5,8.14,5.2
04:00:00,136,76.4,76.0,2022-01-04,8.5,8.14,5.2
08:00:00,14,76.0,76.2,2022-01-04,8.5,8.14,5.2
12:00:00,29,76.0,76.0,2022-01-04,8.5,8.14,5.2
04:00:00,5,77.0,76.2,2022-01-05,8.5,8.14,5.2
08:00:00,14,76.2,76.2,2022-01-05,8.5,8.14,5.2
12:00:00,58,77.8,76.0,2022-01-05,8.5,8.14,5.2
04:00:00,5,76.6,76.6,2022-01-06,8.5,8.14,5.2
08:00:00,9,76.0,75.8,2022-01-06,8.5,8.14,5.2
12:00:00,1,75.8,75.8,2022-01-06,8.5,8.14,5.2
04:00:00,25,75.6,75.4,2022-01-10,8.5,8.14,5.2
08:00:00,8,75.6,75.6,2022-01-10,8.5,8.14,5.2
12:00:00,19,75.6,76.6,2022-01-10,8.5,8.14,5.2
08:00:00,42,76.4,75.2,2022-01-11,8.5,8.14,5.2
12:00:00,12,76.0,75.0,2022-01-11,8.5,8.14,5.2
04:00:00,10,75.8,76.2,2022-01-12,8.5,8.14,5.2
08:00:00,7,75.6,76.0,2022-01-12,8.5,8.14,5.2
04:00:00,1,75.6,75.6,2022-01-13,8.5,8.14,5.2
08:00:00,10,75.4,75.4,2022-01-13,8.5,8.14,5.2
12:00:00,2,75.2,75.4,2022-01-13,8.5,8.14,5.2
04:00:00,1,75.6,75.6,2022-01-14,8.5,8.14,5.2
08:00:00,12,75.2,75.8,2022-01-14,8.5,8.14,5.2
12:00:00,71,75.8,75.8,2022-01-14,8.5,8.14,5.2
08:00:00,14,75.6,75.2,2022-01-17,8.5,8.14,5.2
12:00:00,58,75.6,74.4,2022-01-17,8.5,8.14,5.2
04:00:00,7,74.2,74.0,2022-01-18,8.5,8.14,5.2
08:00:00,257,74.6,73.6,2022-01-18,8.5,8.14,5.2
12:00:00,84,73.4,72.6,2022-01-18,8.5,8.14,5.2
04:00:00,55,72.4,74.0,2022-01-19,8.5,8.14,5.2
08:00:00,157,73.8,75.0,2022-01-19,8.5,8.14,5.2
12:00:00,33,75.2,74.8,2022-01-19,8.5,8.14,5.2
04:00:00,6,75.6,75.8,2022-01-20,8.5,8.14,5.2
08:00:00,54,75.6,72.6,2022-01-20,8.5,8.14,5.2
12:00:00,9,73.6,73.6,2022-01-20,8.5,8.14,5.2
04:00:00,1,74.0,74.0,2022-01-21,8.5,8.14,5.2
08:00:00,56,73.0,73.6,2022-01-21,8.5,8.14,5.2
12:00:00,10,74.2,74.2,2022-01-21,8.5,8.14,5.2
08:00:00,68,74.0,74.2,2022-01-24,8.5,8.14,5.2
12:00:00,81,72.8,71.6,2022-01-24,8.5,8.14,5.2
04:00:00,8,70.2,72.2,2022-01-25,8.5,8.14,5.2
08:00:00,32,72.0,71.6,2022-01-25,8.5,8.14,5.2
12:00:00,25,72.0,71.8,2022-01-25,8.5,8.14,5.2
08:00:00,31,71.4,71.6,2022-01-26,8.5,8.14,5.2
12:00:00,114,71.8,72.2,2022-01-26,8.5,8.14,5.2
08:00:00,98,72.4,75.4,2022-01-27,8.5,8.14,5.2
12:00:00,3,74.2,74.4,2022-01-27,8.5,8.14,5.2
08:00:00,5,76.2,74.2,2022-01-28,8.5,8.14,5.2
12:00:00,5,74.8,74.0,2022-01-28,8.5,8.14,5.2
04:00:00,1,74.0,74.0,2022-01-31,8.5,8.4,5.2
08:00:00,4,75.4,75.4,2022-01-31,8.5,8.4,5.2
12:00:00,3,75.0,74.8,2022-01-31,8.5,8.4,5.2
08:00:00,3,75.0,74.4,2022-02-01,8.5,8.4,5.2
12:00:00,2,74.6,75.0,2022-02-01,8.5,8.4,5.2
04:00:00,8,74.2,73.4,2022-02-02,8.5,8.4,5.2
08:00:00,61,74.0,73.0,2022-02-02,8.5,8.4,5.2
12:00:00,6,73.4,73.6,2022-02-02,8.5,8.4,5.2
04:00:00,1,73.6,73.6,2022-02-03,8.5,8.4,5.2
08:00:00,7,73.0,72.6,2022-02-03,8.5,8.4,5.2
12:00:00,13,72.8,73.2,2022-02-03,8.5,8.4,5.2
04:00:00,1,72.6,72.6,2022-02-04,8.5,8.4,5.2
08:00:00,26,73.4,73.4,2022-02-04,8.5,8.4,5.2
12:00:00,20,73.4,73.4,2022-02-04,8.5,8.4,5.2
04:00:00,1,73.4,73.4,2022-02-07,8.5,8.4,5.2
08:00:00,17,73.4,73.4,2022-02-07,8.5,8.4,5.2
12:00:00,21,73.2,73.2,2022-02-07,8.5,8.4,5.2
04:00:00,23,73.0,72.4,2022-02-08,8.5,8.4,5.2
08:00:00,11,73.4,73.2,2022-02-08,8.5,8.4,5.2
12:00:00,6,73.2,73.4,2022-02-08,8.5,8.4,5.2
04:00:00,4,72.8,73.4,2022-02-09,8.5,8.4,4.3
08:00:00,13,73.6,73.2,2022-02-09,8.5,8.4,4.3
12:00:00,9,73.8,74.0,2022-02-09,8.5,8.4,4.3
04:00:00,10,74.2,74.2,2022-02-10,8.5,8.4,4.3
08:00:00,33,74.2,74.6,2022-02-10,8.5,8.4,4.3
12:00:00,3,74.2,74.0,2022-02-10,8.5,8.4,4.3
04:00:00,1,73.8,73.8,2022-02-11,8.5,8.4,4.3
08:00:00,9,73.4,73.0,2022-02-11,8.5,8.4,4.3
12:00:00,12,73.0,73.2,2022-02-11,8.5,8.4,4.3
04:00:00,3,72.4,74.4,2022-02-14,9.5,8.4,4.3
08:00:00,29,74.4,72.4,2022-02-14,9.5,8.4,4.3
12:00:00,6,73.4,73.4,2022-02-14,9.5,8.4,4.3
04:00:00,3,73.4,73.6,2022-02-15,9.5,8.4,4.3
08:00:00,3,73.6,73.0,2022-02-15,9.5,8.4,4.3
12:00:00,1,73.2,73.2,2022-02-15,9.5,8.4,4.3
04:00:00,10,73.0,73.0,2022-02-16,9.5,8.4,4.3
08:00:00,39,73.6,74.8,2022-02-16,9.5,8.4,4.3
12:00:00,5,74.4,74.6,2022-02-16,9.5,8.4,4.3
04:00:00,30,75.0,73.4,2022-02-17,9.5,8.4,4.3
08:00:00,9,74.2,75.0,2022-02-17,9.5,8.4,4.3
12:00:00,4,74.8,74.0,2022-02-17,9.5,8.4,4.3
08:00:00,13,73.8,73.8,2022-02-18,9.5,8.4,4.3
12:00:00,4,74.0,73.6,2022-02-18,9.5,8.4,4.3
04:00:00,43,74.4,74.4,2022-02-21,9.5,8.4,4.3
08:00:00,19,75.2,73.6,2022-02-21,9.5,8.4,4.3
12:00:00,112,73.6,69.8,2022-02-21,9.5,8.4,4.3
04:00:00,184,69.8,66.0,2022-02-22,9.5,8.4,4.3
08:00:00,79,71.8,69.2,2022-02-22,9.5,8.4,4.3
12:00:00,64,68.0,67.6,2022-02-22,9.5,8.4,4.3
04:00:00,78,50.0,62.8,2022-02-24,9.5,8.4,4.3
08:00:00,273,63.4,59.8,2022-02-24,9.5,8.4,4.3
12:00:00,36,60.0,57.8,2022-02-24,9.5,8.4,4.3
04:00:00,469,65.0,79.0,2022-02-25,9.5,8.4,4.3
08:00:00,106,78.8,67.2,2022-02-25,9.5,8.4,4.3
12:00:00,266,67.8,68.6,2022-02-25,9.5,8.4,4.3
04:00:00,136,68.6,56.2,2022-03-28,20.0,8.39,6.6
08:00:00,50,67.6,67.0,2022-03-28,20.0,8.39,6.6
04:00:00,129,67.8,58.2,2022-03-29,20.0,8.39,6.6
08:00:00,67,67.0,66.6,2022-03-29,20.0,8.39,6.6
04:00:00,142,58.0,76.8,2022-03-30,20.0,8.39,6.6
08:00:00,78,76.8,73.2,2022-03-30,20.0,8.39,6.6
04:00:00,313,77.0,76.8,2022-03-31,20.0,8.39,6.6
08:00:00,230,75.8,74.8,2022-03-31,20.0,8.39,6.6
12:00:00,29,73.2,75.0,2022-03-31,20.0,8.39,6.6
04:00:00,51,75.0,75.0,2022-04-01,20.0,8.39,6.6
08:00:00,213,74.8,74.2,2022-04-01,20.0,8.39,6.6
12:00:00,95,75.8,75.4,2022-04-01,20.0,8.39,6.6
04:00:00,19,74.6,74.2,2022-04-04,20.0,8.39,6.6
08:00:00,28,74.8,75.0,2022-04-04,20.0,8.39,6.6
12:00:00,97,74.4,74.2,2022-04-04,20.0,8.39,6.6
04:00:00,48,73.4,73.0,2022-04-05,20.0,8.39,6.6
08:00:00,18,72.4,72.2,2022-04-05,20.0,8.39,6.6
12:00:00,3,72.4,72.0,2022-04-05,20.0,8.39,6.6
04:00:00,2,71.4,71.2,2022-04-06,20.0,8.39,6.6
08:00:00,110,71.2,70.0,2022-04-06,20.0,8.39,6.6
12:00:00,531,70.0,69.0,2022-04-06,20.0,8.39,6.6
04:00:00,39,67.0,68.8,2022-04-07,20.0,8.39,6.6
08:00:00,36,68.8,68.4,2022-04-07,20.0,8.39,6.6
12:00:00,4,68.6,68.6,2022-04-07,20.0,8.39,6.6
04:00:00,1,68.4,68.4,2022-04-08,20.0,8.39,6.6
08:00:00,172,69.0,68.4,2022-04-08,20.0,8.39,6.6
12:00:00,10,68.4,68.4,2022-04-08,20.0,8.39,6.6
04:00:00,3132,75.2,95.4,2022-04-11,17.0,8.39,6.6
08:00:00,2095,95.4,95.4,2022-04-11,17.0,8.39,6.6
12:00:00,268,95.4,95.4,2022-04-11,17.0,8.39,6.6
04:00:00,7522,104.8,133.4,2022-04-12,17.0,8.39,6.6
08:00:00,325,133.4,133.4,2022-04-12,17.0,8.39,6.6
12:00:00,124,133.4,133.4,2022-04-12,17.0,8.39,6.6
04:00:00,3649,146.6,146.6,2022-04-13,17.0,8.39,6.6
08:00:00,2974,146.6,146.6,2022-04-13,17.0,8.39,6.6
12:00:00,100,146.6,146.6,2022-04-13,17.0,8.39,6.6
04:00:00,1738,161.0,161.0,2022-04-14,17.0,8.39,6.6
08:00:00,187,161.0,161.0,2022-04-14,17.0,8.39,6.6
12:00:00,155,161.0,161.0,2022-04-14,17.0,8.39,6.6
04:00:00,566,176.6,176.6,2022-04-15,17.0,8.39,6.6
08:00:00,132,176.6,176.6,2022-04-15,17.0,8.39,6.6
12:00:00,147,176.6,176.6,2022-04-15,17.0,8.39,6.6
04:00:00,4931,111.0,124.4,2022-05-24,14.0,8.74,1.6
08:00:00,3289,124.2,119.6,2022-05-24,14.0,8.74,1.6
12:00:00,3613,115.4,112.6,2022-05-24,14.0,8.74,1.6
04:00:00,4151,113.0,118.2,2022-05-25,14.0,8.74,1.6
08:00:00,1491,118.2,115.2,2022-05-25,14.0,8.74,1.6
12:00:00,957,116.0,112.0,2022-05-25,14.0,8.74,1.6
04:00:00,394,112.4,112.2,2022-05-26,14.0,8.74,1.6
08:00:00,663,113.4,109.0,2022-05-26,14.0,8.74,1.6
12:00:00,886,109.4,108.6,2022-05-26,14.0,8.74,1.6
04:00:00,322,108.0,105.2,2022-05-27,11.0,8.74,1.6
08:00:00,322,105.0,104.0,2022-05-27,11.0,8.74,1.6
12:00:00,107,103.2,103.0,2022-05-27,11.0,8.74,1.6
04:00:00,834,102.2,108.8,2022-05-30,11.0,8.74,1.6
08:00:00,1723,109.4,112.8,2022-05-30,11.0,8.74,1.6
12:00:00,719,112.8,112.8,2022-05-30,11.0,8.74,1.6
04:00:00,2423,113.2,105.8,2022-05-31,11.0,9.16,1.6
08:00:00,1296,105.6,107.6,2022-05-31,11.0,9.16,1.6
12:00:00,802,107.6,106.6,2022-05-31,11.0,9.16,1.6
04:00:00,246,104.2,104.8,2022-06-01,11.0,9.16,-3.0
08:00:00,599,104.8,105.6,2022-06-01,11.0,9.16,-3.0
12:00:00,412,105.2,105.2,2022-06-01,11.0,9.16,-3.0
04:00:00,22,106.0,104.8,2022-06-02,11.0,9.16,-3.0
08:00:00,1005,104.8,102.6,2022-06-02,11.0,9.16,-3.0
12:00:00,221,102.8,100.6,2022-06-02,11.0,9.16,-3.0
04:00:00,169,100.2,100.2,2022-06-03,11.0,9.16,-3.0
08:00:00,534,100.4,99.6,2022-06-03,11.0,9.16,-3.0
12:00:00,465,99.6,98.0,2022-06-03,11.0,9.16,-3.0
04:00:00,120,100.0,100.0,2022-06-06,11.0,9.16,-3.0
08:00:00,132,100.0,101.2,2022-06-06,11.0,9.16,-3.0
12:00:00,143,101.2,99.8,2022-06-06,11.0,9.16,-3.0
04:00:00,283,100.4,99.8,2022-06-07,11.0,9.16,-3.0
08:00:00,126,99.8,100.0,2022-06-07,11.0,9.16,-3.0
12:00:00,156,100.0,99.0,2022-06-07,11.0,9.16,-3.0
04:00:00,91,99.4,99.0,2022-06-08,11.0,9.16,-3.0
08:00:00,102,100.0,99.0,2022-06-08,11.0,9.16,-3.0
12:00:00,235,99.2,100.8,2022-06-08,11.0,9.16,-3.0
04:00:00,268,102.0,99.6,2022-06-09,11.0,9.16,-3.0
08:00:00,337,99.6,99.8,2022-06-09,11.0,9.16,-3.0
12:00:00,366,99.0,100.0,2022-06-09,11.0,9.16,-3.0
04:00:00,4,100.6,100.8,2022-06-10,11.0,9.16,-3.0
08:00:00,309,100.8,100.0,2022-06-10,11.0,9.16,-3.0
12:00:00,182,99.8,99.2,2022-06-10,11.0,9.16,-3.0
04:00:00,192,98.8,103.6,2022-06-14,9.5,9.16,-3.0
08:00:00,691,103.6,103.2,2022-06-14,9.5,9.16,-3.0
12:00:00,64,103.2,102.6,2022-06-14,9.5,9.16,-3.0
04:00:00,24,102.8,102.8,2022-06-15,9.5,9.16,-3.0
08:00:00,157,103.0,103.4,2022-06-15,9.5,9.16,-3.0
12:00:00,239,104.0,104.0,2022-06-15,9.5,9.16,-3.0
04:00:00,15,104.0,104.8,2022-06-16,9.5,9.16,-3.0
08:00:00,521,104.6,104.6,2022-06-16,9.5,9.16,-3.0
12:00:00,185,104.0,105.2,2022-06-16,9.5,9.16,-3.0
04:00:00,72,103.4,103.8,2022-06-17,9.5,9.16,-3.0
08:00:00,131,104.0,105.0,2022-06-17,9.5,9.16,-3.0
12:00:00,138,104.2,104.6,2022-06-17,9.5,9.16,-3.0
04:00:00,7484,106.4,116.6,2022-06-20,9.5,9.16,-3.0
08:00:00,5043,116.6,114.0,2022-06-20,9.5,9.16,-3.0
12:00:00,2715,113.6,114.0,2022-06-20,9.5,9.16,-3.0
04:00:00,1060,114.8,111.8,2022-06-21,9.5,9.16,-3.0
08:00:00,541,111.4,111.4,2022-06-21,9.5,9.16,-3.0
12:00:00,470,111.4,111.0,2022-06-21,9.5,9.16,-3.0
04:00:00,367,112.0,112.6,2022-06-22,9.5,9.16,-3.0
08:00:00,668,112.0,110.8,2022-06-22,9.5,9.16,-3.0
12:00:00,195,111.2,111.4,2022-06-22,9.5,9.16,-3.0
04:00:00,254,113.8,111.0,2022-06-23,9.5,9.16,-3.0
08:00:00,77,111.0,111.2,2022-06-23,9.5,9.16,-3.0
12:00:00,50,111.4,111.6,2022-06-23,9.5,9.16,-3.0
04:00:00,11,112.2,111.2,2022-06-24,9.5,9.16,-3.0
08:00:00,27,111.2,111.8,2022-06-24,9.5,9.16,-3.0
12:00:00,61,111.2,111.0,2022-06-24,9.5,9.16,-3.0
04:00:00,49,111.8,111.0,2022-06-27,9.5,9.16,-3.0
08:00:00,48,111.0,110.8,2022-06-27,9.5,9.16,-3.0
12:00:00,257,111.2,111.4,2022-06-27,9.5,9.16,-3.0
04:00:00,29,111.2,111.8,2022-06-28,9.5,9.16,-3.0
08:00:00,33,111.8,110.8,2022-06-28,9.5,9.16,-3.0
12:00:00,221,111.4,111.8,2022-06-28,9.5,9.16,-3.0
04:00:00,123,111.6,110.8,2022-06-29,9.5,9.16,-3.0
08:00:00,11,110.8,111.2,2022-06-29,9.5,9.16,-3.0
12:00:00,63,111.0,110.8,2022-06-29,9.5,9.16,-3.0
04:00:00,11,111.2,110.8,2022-06-30,9.5,16.7,-4.3
08:00:00,447,111.0,111.0,2022-06-30,9.5,16.7,-4.3
12:00:00,90,110.8,111.0,2022-06-30,9.5,16.7,-4.3
04:00:00,55,110.8,111.0,2022-07-01,9.5,16.7,-4.3
08:00:00,83,110.8,111.2,2022-07-01,9.5,16.7,-4.3
12:00:00,43,111.4,111.4,2022-07-01,9.5,16.7,-4.3
04:00:00,9,111.6,111.2,2022-07-04,9.5,16.7,-4.3
08:00:00,17,111.2,111.0,2022-07-04,9.5,16.7,-4.3
12:00:00,7,111.0,111.0,2022-07-04,9.5,16.7,-4.3
04:00:00,2,111.6,111.0,2022-07-05,9.5,16.7,-4.3
08:00:00,44,111.2,111.0,2022-07-05,9.5,16.7,-4.3
12:00:00,47,111.0,111.0,2022-07-05,9.5,16.7,-4.3
04:00:00,1,111.0,111.0,2022-07-06,9.5,16.7,-4.3
08:00:00,17,111.0,110.8,2022-07-06,9.5,16.7,-4.3
12:00:00,47,110.8,110.8,2022-07-06,9.5,16.7,-4.3
04:00:00,21,111.6,111.0,2022-07-07,9.5,16.7,-4.3
08:00:00,22,111.0,110.8,2022-07-07,9.5,16.7,-4.3
12:00:00,5,111.2,111.2,2022-07-07,9.5,16.7,-4.3
04:00:00,2,111.0,111.0,2022-07-08,9.5,16.7,-4.3
12:00:00,206,111.0,111.2,2022-07-08,9.5,16.7,-4.3
08:00:00,181,111.0,111.2,2022-07-11,9.5,16.7,-4.3
12:00:00,22,111.8,111.2,2022-07-11,9.5,16.7,-4.3
04:00:00,4,111.0,111.2,2022-07-12,9.5,16.7,-4.3
08:00:00,19,111.2,111.2,2022-07-12,9.5,16.7,-4.3
12:00:00,63,111.2,111.0,2022-07-12,9.5,16.7,-4.3
04:00:00,2,111.2,111.0,2022-07-13,9.5,16.7,-4.3
08:00:00,23,111.0,111.4,2022-07-13,9.5,16.7,-4.3
12:00:00,35,111.2,111.4,2022-07-13,9.5,16.7,-4.3
04:00:00,11,111.2,111.2,2022-07-14,9.5,16.7,-4.3
08:00:00,1366,111.2,110.4,2022-07-14,9.5,16.7,-4.3
12:00:00,32,111.2,111.2,2022-07-14,9.5,16.7,-4.3
04:00:00,23,111.0,111.0,2022-07-15,9.5,16.7,-4.3
08:00:00,17,111.0,110.8,2022-07-15,9.5,16.7,-4.3
12:00:00,32,111.0,111.0,2022-07-15,9.5,16.7,-4.3
04:00:00,1,111.2,111.2,2022-07-18,9.5,16.7,-4.3
08:00:00,19,111.2,110.8,2022-07-18,9.5,16.7,-4.3
12:00:00,25,111.2,111.0,2022-07-18,9.5,16.7,-4.3
04:00:00,20,111.2,111.4,2022-07-19,9.5,16.7,-4.3
08:00:00,9,111.4,111.6,2022-07-19,9.5,16.7,-4.3
12:00:00,10,111.4,111.4,2022-07-19,9.5,16.7,-4.3
04:00:00,1,111.2,111.2,2022-07-20,9.5,16.7,-4.3
08:00:00,4,111.2,111.6,2022-07-20,9.5,16.7,-4.3
12:00:00,12,111.2,111.2,2022-07-20,9.5,16.7,-4.3
04:00:00,21,111.2,111.2,2022-07-21,9.5,16.7,-4.3
08:00:00,3,111.2,111.2,2022-07-21,9.5,16.7,-4.3
12:00:00,45,111.6,111.6,2022-07-21,9.5,16.7,-4.3
04:00:00,17,111.8,111.8,2022-07-22,9.5,16.7,-4.3
08:00:00,143,111.8,111.2,2022-07-22,9.5,16.7,-4.3
12:00:00,22,111.8,111.6,2022-07-22,9.5,16.7,-4.3
08:00:00,109,111.4,111.0,2022-07-25,8.0,16.7,-4.3
12:00:00,2,111.0,111.2,2022-07-25,8.0,16.7,-4.3
04:00:00,2,111.2,111.6,2022-07-26,8.0,16.7,-4.3
08:00:00,14,111.2,111.2,2022-07-26,8.0,16.7,-4.3
12:00:00,21,111.4,111.4,2022-07-26,8.0,16.7,-4.3
04:00:00,22,111.2,111.2,2022-07-27,8.0,16.7,-4.9
08:00:00,50,111.0,111.6,2022-07-27,8.0,16.7,-4.9
12:00:00,4,111.2,111.2,2022-07-27,8.0,16.7,-4.9
04:00:00,11,111.0,111.2,2022-07-28,8.0,16.7,-4.9
08:00:00,42,111.2,111.2,2022-07-28,8.0,16.7,-4.9
12:00:00,4,111.2,111.2,2022-07-28,8.0,16.7,-4.9
04:00:00,1,111.8,111.8,2022-07-29,8.0,16.7,-4.9
08:00:00,39,111.6,111.2,2022-07-29,8.0,16.7,-4.9
12:00:00,5,111.2,111.2,2022-07-29,8.0,16.7,-4.9
04:00:00,10,111.4,111.2,2022-08-01,8.0,17.83,-4.9
08:00:00,13,111.4,111.6,2022-08-01,8.0,17.83,-4.9
12:00:00,82,111.6,111.6,2022-08-01,8.0,17.83,-4.9
04:00:00,196,112.0,112.2,2022-08-02,8.0,17.83,-4.9
08:00:00,125,112.6,112.0,2022-08-02,8.0,17.83,-4.9
12:00:00,126,112.0,111.0,2022-08-02,8.0,17.83,-4.9
04:00:00,1,111.2,111.2,2022-08-03,8.0,17.83,-4.9
08:00:00,5,111.2,111.4,2022-08-03,8.0,17.83,-4.9
12:00:00,11,111.4,111.2,2022-08-03,8.0,17.83,-4.9
04:00:00,16,111.2,111.2,2022-08-04,8.0,17.83,-4.9
08:00:00,7,111.4,111.4,2022-08-04,8.0,17.83,-4.9
12:00:00,10,111.4,111.2,2022-08-04,8.0,17.83,-4.9
08:00:00,24,112.0,112.0,2022-08-05,8.0,17.83,-4.9
12:00:00,6,112.0,112.0,2022-08-05,8.0,17.83,-4.9
04:00:00,5,111.4,111.4,2022-08-08,8.0,17.83,-4.9
08:00:00,25,111.4,111.4,2022-08-08,8.0,17.83,-4.9
12:00:00,2,112.0,111.4,2022-08-08,8.0,17.83,-4.9
04:00:00,3,111.6,111.6,2022-08-09,8.0,17.83,-4.9
08:00:00,6,111.8,112.0,2022-08-09,8.0,17.83,-4.9
12:00:00,3,111.8,111.8,2022-08-09,8.0,17.83,-4.9
08:00:00,5,112.0,112.0,2022-08-10,8.0,17.83,-4.9
04:00:00,15,111.6,112.0,2022-08-11,8.0,17.83,-4.9
08:00:00,15,111.4,112.2,2022-08-11,8.0,17.83,-4.9
12:00:00,18,112.2,111.2,2022-08-11,8.0,17.83,-4.9
08:00:00,16,111.6,112.0,2022-08-12,8.0,17.83,-4.9
12:00:00,2,112.0,112.2,2022-08-12,8.0,17.83,-4.9
04:00:00,2,112.6,112.6,2022-08-15,8.0,17.83,-4.9
08:00:00,546,112.6,113.0,2022-08-15,8.0,17.83,-4.9
12:00:00,6,112.4,112.2,2022-08-15,8.0,17.83,-4.9
04:00:00,1,112.2,112.2,2022-08-16,8.0,17.83,-4.9
08:00:00,103,112.4,112.6,2022-08-16,8.0,17.83,-4.9
12:00:00,35,112.8,112.6,2022-08-16,8.0,17.83,-4.9
04:00:00,7,112.4,112.4,2022-08-17,8.0,17.83,-4.9
08:00:00,5,113.0,112.4,2022-08-17,8.0,17.83,-4.9
12:00:00,18,112.6,112.4,2022-08-17,8.0,17.83,-4.9
04:00:00,663,112.6,111.2,2022-08-18,8.0,17.83,-4.9
08:00:00,82,111.6,112.6,2022-08-18,8.0,17.83,-4.9
12:00:00,9,112.6,112.2,2022-08-18,8.0,17.83,-4.9
04:00:00,9,112.0,112.6,2022-08-19,8.0,17.83,-4.9
08:00:00,160,112.0,113.2,2022-08-19,8.0,17.83,-4.9
12:00:00,2,112.6,112.6,2022-08-19,8.0,17.83,-4.9
04:00:00,7,112.4,112.4,2022-08-22,8.0,17.83,-4.9
08:00:00,25,112.8,112.4,2022-08-22,8.0,17.83,-4.9
12:00:00,6,113.0,112.4,2022-08-22,8.0,17.83,-4.9
04:00:00,1,113.0,113.0,2022-08-23,8.0,17.83,-4.9
08:00:00,41,112.6,113.0,2022-08-23,8.0,17.83,-4.9
12:00:00,7,113.0,112.2,2022-08-23,8.0,17.83,-4.9
04:00:00,2,112.4,112.6,2022-08-24,8.0,17.83,-4.9
08:00:00,19,112.8,112.4,2022-08-24,8.0,17.83,-4.9
12:00:00,33,112.8,113.0,2022-08-24,8.0,17.83,-4.9
08:00:00,34,113.0,112.2,2022-08-25,8.0,17.83,-4.9
12:00:00,1,112.8,112.8,2022-08-25,8.0,17.83,-4.9
04:00:00,7,112.6,112.8,2022-08-26,8.0,17.83,-4.9
08:00:00,10,112.8,112.6,2022-08-26,8.0,17.83,-4.9
12:00:00,6,112.8,112.8,2022-08-26,8.0,17.83,-4.9
08:00:00,65,113.0,113.0,2022-08-29,8.0,17.83,-4.9
12:00:00,3543,113.0,113.8,2022-08-29,8.0,17.83,-4.9
08:00:00,105,113.6,113.8,2022-08-30,8.0,17.83,-4.9
12:00:00,27,113.6,113.8,2022-08-30,8.0,17.83,-4.9
08:00:00,2,113.4,113.6,2022-08-31,8.0,17.11,-4.3
12:00:00,19,113.8,113.8,2022-08-31,8.0,17.11,-4.3
04:00:00,1,113.6,113.6,2022-09-01,8.0,17.11,-4.3
08:00:00,29,113.4,113.2,2022-09-01,8.0,17.11,-4.3
12:00:00,33,113.2,113.4,2022-09-01,8.0,17.11,-4.3
04:00:00,1,113.4,113.4,2022-09-02,8.0,17.11,-4.3
08:00:00,4,113.4,113.0,2022-09-02,8.0,17.11,-4.3
12:00:00,806,112.8,113.0,2022-09-02,8.0,17.11,-4.3
04:00:00,2,113.2,113.4,2022-09-05,8.0,17.11,-4.3
08:00:00,16,113.0,113.0,2022-09-05,8.0,17.11,-4.3
12:00:00,43,113.0,112.8,2022-09-05,8.0,17.11,-4.3
04:00:00,8,112.8,112.8,2022-09-06,8.0,17.11,-4.3
08:00:00,147,112.6,112.4,2022-09-06,8.0,17.11,-4.3
12:00:00,1156,112.2,112.0,2022-09-06,8.0,17.11,-4.3
04:00:00,2,113.6,113.0,2022-09-07,8.0,17.11,-4.3
08:00:00,9,112.4,112.0,2022-09-07,8.0,17.11,-4.3
12:00:00,4,112.0,112.2,2022-09-07,8.0,17.11,-4.3
04:00:00,17,111.4,111.6,2022-09-08,8.0,17.11,-4.3
08:00:00,6,112.4,112.2,2022-09-08,8.0,17.11,-4.3
12:00:00,237,112.0,114.0,2022-09-08,8.0,17.11,-4.3
04:00:00,46,114.0,114.8,2022-09-09,8.0,17.11,-4.3
08:00:00,46,114.6,114.6,2022-09-09,8.0,17.11,-4.3
12:00:00,103,113.4,114.0,2022-09-09,8.0,17.11,-4.3
04:00:00,8,112.8,112.8,2022-09-12,8.0,17.11,-4.3
08:00:00,23,112.0,112.8,2022-09-12,8.0,17.11,-4.3
12:00:00,45,112.6,112.4,2022-09-12,8.0,17.11,-4.3
04:00:00,20,113.0,112.0,2022-09-13,8.0,17.11,-4.3
08:00:00,159,112.6,112.8,2022-09-13,8.0,17.11,-4.3
12:00:00,17,112.6,112.8,2022-09-13,8.0,17.11,-4.3
04:00:00,856,112.6,107.4,2022-09-14,8.0,17.11,-4.3
08:00:00,8433,107.4,105.2,2022-09-14,8.0,17.11,-4.3
12:00:00,2730,105.4,105.0,2022-09-14,8.0,17.11,-4.3
04:00:00,722,106.0,105.6,2022-09-15,8.0,17.11,-4.3
08:00:00,657,105.4,105.0,2022-09-15,8.0,17.11,-4.3
12:00:00,1725,105.0,103.2,2022-09-15,8.0,17.11,-4.3
04:00:00,476,103.4,103.6,2022-09-16,8.0,17.11,-4.3
08:00:00,263,103.6,103.8,2022-09-16,8.0,17.11,-4.3
12:00:00,2133,104.6,100.2,2022-09-16,8.0,17.11,-4.3
04:00:00,256,102.2,104.4,2022-09-19,7.5,17.11,-4.3
08:00:00,1200,104.4,105.2,2022-09-19,7.5,17.11,-4.3
12:00:00,841,104.8,101.6,2022-09-19,7.5,17.11,-4.3
04:00:00,58,102.4,103.2,2022-09-20,7.5,17.11,-4.3
08:00:00,433,103.6,101.0,2022-09-20,7.5,17.11,-4.3
12:00:00,210,101.0,101.8,2022-09-20,7.5,17.11,-4.3
04:00:00,261,101.4,100.0,2022-09-21,7.5,17.11,-4.3
08:00:00,75,100.0,100.4,2022-09-21,7.5,17.11,-4.3
12:00:00,119,100.0,101.2,2022-09-21,7.5,17.11,-4.3
04:00:00,200,100.6,102.8,2022-09-22,7.5,17.11,-4.3
08:00:00,128,102.8,100.2,2022-09-22,7.5,17.11,-4.3
12:00:00,33,101.0,101.6,2022-09-22,7.5,17.11,-4.3
04:00:00,84,101.8,100.8,2022-09-23,7.5,17.11,-4.3
08:00:00,28,101.0,101.0,2022-09-23,7.5,17.11,-4.3
12:00:00,38,101.2,101.4,2022-09-23,7.5,17.11,-4.3
04:00:00,44,100.8,100.2,2022-09-26,7.5,17.11,-4.3
08:00:00,108,100.8,99.0,2022-09-26,7.5,17.11,-4.3
12:00:00,16,99.2,100.0,2022-09-26,7.5,17.11,-4.3
04:00:00,32,98.4,98.6,2022-09-27,7.5,17.11,-4.3
08:00:00,50,98.0,97.0,2022-09-27,7.5,17.11,-4.3
12:00:00,264,98.0,97.0,2022-09-27,7.5,17.11,-4.3
04:00:00,70,96.8,98.0,2022-09-28,7.5,17.11,-4.1
08:00:00,22,98.0,99.2,2022-09-28,7.5,17.11,-4.1
12:00:00,14,98.2,97.2,2022-09-28,7.5,17.11,-4.1
04:00:00,4,97.4,97.4,2022-09-29,7.5,17.11,-4.1
08:00:00,20,97.4,98.0,2022-09-29,7.5,17.11,-4.1
12:00:00,58,98.0,97.8,2022-09-29,7.5,17.11,-4.1
04:00:00,116,91.2,95.4,2022-09-30,7.5,15.9,-4.1
08:00:00,322,95.2,91.0,2022-09-30,7.5,15.9,-4.1
12:00:00,99,95.6,94.6,2022-09-30,7.5,15.9,-4.1
04:00:00,5,91.2,97.4,2022-10-03,7.5,15.9,-4.1
08:00:00,112,97.0,97.4,2022-10-03,7.5,15.9,-4.1
12:00:00,45,97.0,97.0,2022-10-03,7.5,15.9,-4.1
04:00:00,26,98.8,96.4,2022-10-04,7.5,15.9,-4.1
08:00:00,66,96.2,96.0,2022-10-04,7.5,15.9,-4.1
12:00:00,17,95.8,94.0,2022-10-04,7.5,15.9,-4.1
04:00:00,3,94.6,96.0,2022-10-05,7.5,15.9,-4.1
08:00:00,4,95.4,95.0,2022-10-05,7.5,15.9,-4.1
12:00:00,20,94.8,93.6,2022-10-05,7.5,15.9,-4.1
04:00:00,1,93.6,93.6,2022-10-06,7.5,15.9,-4.1
08:00:00,6,96.0,93.6,2022-10-06,7.5,15.9,-4.1
12:00:00,5,93.2,94.2,2022-10-06,7.5,15.9,-4.1
04:00:00,1,95.8,95.8,2022-10-07,7.5,15.9,-4.1
08:00:00,9,95.8,95.0,2022-10-07,7.5,15.9,-4.1
12:00:00,8,95.0,95.0,2022-10-07,7.5,15.9,-4.1
04:00:00,1,94.8,94.8,2022-10-10,7.5,15.9,-4.1
08:00:00,17,92.8,94.0,2022-10-10,7.5,15.9,-4.1
12:00:00,15,94.2,93.6,2022-10-10,7.5,15.9,-4.1
04:00:00,3,91.4,93.2,2022-10-11,7.5,15.9,-4.1
12:00:00,11,94.0,94.0,2022-10-11,7.5,15.9,-4.1
08:00:00,9,94.0,96.0,2022-10-12,7.5,15.9,-4.1
12:00:00,34,98.4,98.0,2022-10-12,7.5,15.9,-4.1
04:00:00,9,95.6,96.0,2022-10-13,7.5,15.9,-4.1
08:00:00,112,96.0,97.6,2022-10-13,7.5,15.9,-4.1
12:00:00,31,96.8,96.0,2022-10-13,7.5,15.9,-4.1
08:00:00,10,95.0,95.4,2022-10-14,7.5,15.9,-4.1
12:00:00,2,97.2,97.0,2022-10-14,7.5,15.9,-4.1
04:00:00,7,96.2,96.4,2022-10-17,7.5,15.9,-4.1
08:00:00,62,96.4,96.0,2022-10-17,7.5,15.9,-4.1
12:00:00,27,96.0,97.0,2022-10-17,7.5,15.9,-4.1
04:00:00,49,95.6,96.4,2022-10-18,7.5,15.9,-4.1
08:00:00,14,96.4,96.6,2022-10-18,7.5,15.9,-4.1
12:00:00,12,96.6,96.6,2022-10-18,7.5,15.9,-4.1
04:00:00,11,96.2,96.2,2022-10-19,7.5,15.9,-4.1
08:00:00,13,96.2,96.2,2022-10-19,7.5,15.9,-4.1
12:00:00,41,95.6,95.6,2022-10-19,7.5,15.9,-4.1
04:00:00,16,95.8,95.6,2022-10-20,7.5,15.9,-4.1
08:00:00,62,94.8,94.2,2022-10-20,7.5,15.9,-4.1
12:00:00,3,94.8,95.2,2022-10-20,7.5,15.9,-4.1
04:00:00,2,95.2,95.2,2022-10-21,7.5,15.9,-4.1
08:00:00,22,95.2,94.8,2022-10-21,7.5,15.9,-4.1
12:00:00,5,95.2,95.2,2022-10-21,7.5,15.9,-4.1
04:00:00,26,95.0,94.6,2022-10-24,7.5,15.9,-4.1
08:00:00,19,94.6,95.0,2022-10-24,7.5,15.9,-4.1
12:00:00,21,95.0,95.4,2022-10-24,7.5,15.9,-4.1
04:00:00,6,95.6,96.2,2022-10-25,7.5,15.9,-4.1
08:00:00,15,96.4,96.0,2022-10-25,7.5,15.9,-4.1
12:00:00,1,96.0,96.0,2022-10-25,7.5,15.9,-4.1
04:00:00,16,95.4,95.4,2022-10-26,7.5,15.9,-4.1
08:00:00,5,95.2,95.0,2022-10-26,7.5,15.9,-4.1
12:00:00,75,95.4,95.4,2022-10-26,7.5,15.9,-4.1
04:00:00,10,95.2,94.4,2022-10-27,7.5,15.9,-4.1
08:00:00,344,94.2,95.2,2022-10-27,7.5,15.9,-4.1
12:00:00,48,95.0,95.0,2022-10-27,7.5,15.9,-4.1
04:00:00,10,94.2,94.2,2022-10-28,7.5,15.9,-4.1
08:00:00,71,94.8,94.2,2022-10-28,7.5,15.9,-4.1
12:00:00,24,94.6,93.8,2022-10-28,7.5,15.9,-4.1
04:00:00,17,94.4,95.4,2022-10-31,7.5,15.09,-4.1
08:00:00,199,96.0,95.2,2022-10-31,7.5,15.09,-4.1
12:00:00,65,95.2,95.6,2022-10-31,7.5,15.09,-4.1
04:00:00,46,95.6,95.0,2022-11-01,7.5,15.09,-4.1
08:00:00,146,96.0,97.0,2022-11-01,7.5,15.09,-4.1
12:00:00,18,96.6,97.0,2022-11-01,7.5,15.09,-4.1
04:00:00,3,96.0,96.8,2022-11-02,7.5,15.09,-5.0
08:00:00,13,96.8,96.2,2022-11-02,7.5,15.09,-5.0
12:00:00,10,96.8,96.8,2022-11-02,7.5,15.09,-5.0
04:00:00,8,96.4,96.4,2022-11-03,7.5,15.09,-5.0
08:00:00,29,96.8,96.0,2022-11-03,7.5,15.09,-5.0
12:00:00,2743,96.0,100.8,2022-11-03,7.5,15.09,-5.0
04:00:00,130,101.0,100.2,2022-11-07,7.5,15.09,-5.0
08:00:00,555,100.0,99.6,2022-11-07,7.5,15.09,-5.0
12:00:00,382,100.6,103.2,2022-11-07,7.5,15.09,-5.0
04:00:00,12,102.6,101.4,2022-11-08,7.5,15.09,-5.0
08:00:00,272,101.8,103.0,2022-11-08,7.5,15.09,-5.0
12:00:00,732,103.8,104.4,2022-11-08,7.5,15.09,-5.0
04:00:00,4,103.2,103.4,2022-11-09,7.5,15.09,-5.0
08:00:00,205,103.6,102.6,2022-11-09,7.5,15.09,-5.0
12:00:00,92,103.2,102.6,2022-11-09,7.5,15.09,-5.0
04:00:00,13,102.8,102.8,2022-11-10,7.5,15.09,-5.0
08:00:00,1474,102.2,104.4,2022-11-10,7.5,15.09,-5.0
12:00:00,224,105.4,105.8,2022-11-10,7.5,15.09,-5.0
04:00:00,20,104.6,104.2,2022-11-11,7.5,15.09,-5.0
08:00:00,165,104.2,104.6,2022-11-11,7.5,15.09,-5.0
12:00:00,232,105.2,104.0,2022-11-11,7.5,15.09,-5.0
04:00:00,26,101.4,103.4,2022-11-14,7.5,15.09,-5.0
08:00:00,32,104.0,104.4,2022-11-14,7.5,15.09,-5.0
12:00:00,136,104.4,105.4,2022-11-14,7.5,15.09,-5.0
04:00:00,15,105.8,105.0,2022-11-15,7.5,15.09,-5.0
08:00:00,50,105.0,104.8,2022-11-15,7.5,15.09,-5.0
12:00:00,208,105.6,105.0,2022-11-15,7.5,15.09,-5.0
04:00:00,110,105.8,105.8,2022-11-16,7.5,15.09,-5.0
08:00:00,57,105.4,105.8,2022-11-16,7.5,15.09,-5.0
12:00:00,89,105.8,104.2,2022-11-16,7.5,15.09,-5.0
04:00:00,83,102.0,105.0,2022-11-17,7.5,15.09,-5.0
08:00:00,104,106.0,106.0,2022-11-17,7.5,15.09,-5.0
12:00:00,231,105.4,106.4,2022-11-17,7.5,15.09,-5.0
04:00:00,3,105.8,105.2,2022-11-18,7.5,15.09,-5.0
08:00:00,1,105.2,105.2,2022-11-18,7.5,15.09,-5.0
12:00:00,6,105.2,105.8,2022-11-18,7.5,15.09,-5.0
04:00:00,1,105.6,105.6,2022-11-21,7.5,15.09,-5.0
08:00:00,344,106.4,105.2,2022-11-21,7.5,15.09,-5.0
12:00:00,705,105.4,106.0,2022-11-21,7.5,15.09,-5.0
04:00:00,242,107.4,106.2,2022-11-22,7.5,15.09,-5.0
08:00:00,142,106.8,107.4,2022-11-22,7.5,15.09,-5.0
12:00:00,162,107.4,107.2,2022-11-22,7.5,15.09,-5.0
04:00:00,16,107.0,106.4,2022-11-23,7.5,15.09,-5.0
08:00:00,13,107.0,107.0,2022-11-23,7.5,15.09,-5.0
12:00:00,9,106.8,107.0,2022-11-23,7.5,15.09,-5.0
04:00:00,4,106.6,106.8,2022-11-24,7.5,15.09,-5.0
08:00:00,84,106.8,107.6,2022-11-24,7.5,15.09,-5.0
12:00:00,4,107.4,107.4,2022-11-24,7.5,15.09,-5.0
04:00:00,78,107.6,107.8,2022-11-25,7.5,15.09,-5.0
08:00:00,13,107.6,107.0,2022-11-25,7.5,15.09,-5.0
12:00:00,20,107.6,107.6,2022-11-25,7.5,15.09,-5.0
04:00:00,48,107.0,107.0,2022-11-28,7.5,15.09,-5.0
08:00:00,46,107.0,107.2,2022-11-28,7.5,15.09,-5.0
12:00:00,15,107.6,107.0,2022-11-28,7.5,15.09,-5.0
04:00:00,7,107.6,107.0,2022-11-29,7.5,15.09,-5.0
08:00:00,15,107.4,107.0,2022-11-29,7.5,15.09,-5.0
12:00:00,8,107.0,107.4,2022-11-29,7.5,15.09,-5.0
04:00:00,1,107.6,107.6,2022-11-30,7.5,14.3,-4.4
08:00:00,155,107.4,106.8,2022-11-30,7.5,14.3,-4.4
12:00:00,19,107.4,107.6,2022-11-30,7.5,14.3,-4.4
04:00:00,3,107.2,107.2,2022-12-01,7.5,14.3,-4.4
08:00:00,3,107.6,107.6,2022-12-01,7.5,14.3,-4.4
12:00:00,38,107.2,106.8,2022-12-01,7.5,14.3,-4.4
08:00:00,13,106.8,106.8,2022-12-02,7.5,14.3,-4.4
12:00:00,38,106.8,107.0,2022-12-02,7.5,14.3,-4.4
04:00:00,2,107.0,107.0,2022-12-05,7.5,14.3,-4.4
08:00:00,58,107.0,107.6,2022-12-05,7.5,14.3,-4.4
12:00:00,78,107.4,107.4,2022-12-05,7.5,14.3,-4.4
08:00:00,145,107.2,106.8,2022-12-06,7.5,14.3,-4.4
12:00:00,93,107.2,107.0,2022-12-06,7.5,14.3,-4.4
04:00:00,11,107.4,107.0,2022-12-07,7.5,14.3,-4.4
08:00:00,216,107.2,107.0,2022-12-07,7.5,14.3,-4.4
12:00:00,211,107.2,107.0,2022-12-07,7.5,14.3,-4.4
04:00:00,7,106.8,107.4,2022-12-08,7.5,14.3,-4.4
08:00:00,104,108.0,107.2,2022-12-08,7.5,14.3,-4.4
12:00:00,2,107.2,107.2,2022-12-08,7.5,14.3,-4.4
04:00:00,1011,107.2,107.2,2022-12-09,7.5,14.3,-4.4
08:00:00,202,107.2,107.2,2022-12-09,7.5,14.3,-4.4
12:00:00,23,107.2,107.2,2022-12-09,7.5,14.3,-4.4
04:00:00,5,107.0,107.2,2022-12-12,7.5,14.3,-4.4
04:00:00,17,107.2,108.0,2022-12-13,7.5,14.3,-4.4
08:00:00,99,108.0,107.2,2022-12-13,7.5,14.3,-4.4
12:00:00,19,107.8,107.2,2022-12-13,7.5,14.3,-4.4
04:00:00,51,107.8,107.2,2022-12-14,7.5,14.3,-3.7
08:00:00,165,107.8,108.4,2022-12-14,7.5,14.3,-3.7
12:00:00,83,107.6,108.0,2022-12-14,7.5,14.3,-3.7
04:00:00,37,107.4,107.6,2022-12-15,7.5,14.3,-3.7
08:00:00,227,107.6,107.4,2022-12-15,7.5,14.3,-3.7
12:00:00,46,107.6,107.8,2022-12-15,7.5,14.3,-3.7
04:00:00,22,107.8,108.4,2022-12-16,7.5,14.3,-3.7
08:00:00,33,108.2,107.8,2022-12-16,7.5,14.3,-3.7
12:00:00,87,107.8,107.6,2022-12-16,7.5,14.3,-3.7
04:00:00,162,108.2,108.4,2022-12-19,7.5,14.3,-3.7
08:00:00,11,108.2,107.6,2022-12-19,7.5,14.3,-3.7
12:00:00,59,107.6,108.0,2022-12-19,7.5,14.3,-3.7
04:00:00,1,108.0,108.0,2022-12-20,7.5,14.3,-3.7
08:00:00,478,108.0,108.0,2022-12-20,7.5,14.3,-3.7
12:00:00,2,108.0,108.0,2022-12-20,7.5,14.3,-3.7
04:00:00,4,108.2,107.8,2022-12-21,7.5,14.3,-3.7
08:00:00,9,107.8,108.2,2022-12-21,7.5,14.3,-3.7
12:00:00,1009,107.6,108.2,2022-12-21,7.5,14.3,-3.7
04:00:00,5,107.4,107.4,2022-12-22,7.5,14.3,-3.7
08:00:00,5,108.0,107.6,2022-12-22,7.5,14.3,-3.7
12:00:00,11,107.8,108.0,2022-12-22,7.5,14.3,-3.7
04:00:00,7,108.0,107.6,2022-12-23,7.5,14.3,-3.7
08:00:00,23,107.8,108.0,2022-12-23,7.5,14.3,-3.7
12:00:00,178,107.8,107.6,2022-12-23,7.5,14.3,-3.7
04:00:00,9,108.0,108.0,2022-12-26,7.5,14.3,-3.7
08:00:00,1040,107.8,107.8,2022-12-26,7.5,14.3,-3.7
12:00:00,1082,107.8,107.8,2022-12-26,7.5,14.3,-3.7
04:00:00,197,108.6,108.0,2022-12-27,7.5,14.3,-3.7
08:00:00,124,107.8,107.6,2022-12-27,7.5,14.3,-3.7
12:00:00,2140,107.8,107.8,2022-12-27,7.5,14.3,-3.7
04:00:00,3,107.4,107.4,2022-12-28,7.5,14.3,-4.0
08:00:00,110,108.0,107.4,2022-12-28,7.5,14.3,-4.0
12:00:00,146,107.4,107.8,2022-12-28,7.5,14.3,-4.0
04:00:00,1,107.8,107.8,2022-12-29,7.5,14.3,-4.0
08:00:00,9,107.8,107.6,2022-12-29,7.5,14.3,-4.0
12:00:00,144,107.8,107.8,2022-12-29,7.5,14.3,-4.0
04:00:00,6,107.6,108.0,2022-12-30,7.5,14.3,-4.0
08:00:00,5490,107.6,108.2,2022-12-30,7.5,14.3,-4.0
12:00:00,5491,108.0,108.0,2022-12-30,7.5,14.3,-4.0
04:00:00,1,108.2,108.2,2023-01-03,7.5,13.67,-4.0
08:00:00,29,108.4,108.6,2023-01-03,7.5,13.67,-4.0
12:00:00,22,108.4,108.8,2023-01-03,7.5,13.67,-4.0
04:00:00,4,109.0,108.4,2023-01-04,7.5,13.67,-4.0
08:00:00,13,108.8,108.4,2023-01-04,7.5,13.67,-4.0
12:00:00,353,108.2,108.4,2023-01-04,7.5,13.67,-4.0
04:00:00,6,108.4,109.0,2023-01-05,7.5,13.67,-4.0
08:00:00,49,109.0,108.8,2023-01-05,7.5,13.67,-4.0
12:00:00,223,108.8,108.0,2023-01-05,7.5,13.67,-4.0
04:00:00,9,109.0,109.0,2023-01-06,7.5,13.67,-4.0
08:00:00,37,108.6,109.0,2023-01-06,7.5,13.67,-4.0
12:00:00,5,109.0,109.0,2023-01-06,7.5,13.67,-4.0
04:00:00,1,108.8,108.8,2023-01-09,7.5,13.67,-4.0
08:00:00,5,109.4,109.6,2023-01-09,7.5,13.67,-4.0
12:00:00,15,109.0,109.6,2023-01-09,7.5,13.67,-4.0
04:00:00,1,109.4,109.4,2023-01-10,7.5,13.67,-4.0
08:00:00,27,108.8,108.8,2023-01-10,7.5,13.67,-4.0
12:00:00,23,109.2,109.4,2023-01-10,7.5,13.67,-4.0
04:00:00,508,108.8,109.4,2023-01-11,7.5,13.67,-4.0
08:00:00,532,108.8,109.0,2023-01-11,7.5,13.67,-4.0
12:00:00,22,108.6,109.0,2023-01-11,7.5,13.67,-4.0
04:00:00,8,108.0,109.2,2023-01-12,7.5,13.67,-4.0
08:00:00,21,109.2,108.8,2023-01-12,7.5,13.67,-4.0
12:00:00,6,109.2,108.6,2023-01-12,7.5,13.67,-4.0
04:00:00,6,108.4,108.8,2023-01-13,7.5,13.67,-4.0
08:00:00,3,109.0,108.8,2023-01-13,7.5,13.67,-4.0
12:00:00,364,109.0,108.8,2023-01-13,7.5,13.67,-4.0
04:00:00,6,109.4,108.8,2023-01-16,7.5,13.67,-4.0
08:00:00,38,108.8,109.6,2023-01-16,7.5,13.67,-4.0
12:00:00,31,109.0,109.8,2023-01-16,7.5,13.67,-4.0
04:00:00,2,109.2,109.2,2023-01-17,7.5,13.67,-4.0
08:00:00,126,109.2,109.8,2023-01-17,7.5,13.67,-4.0
12:00:00,26,109.2,110.0,2023-01-17,7.5,13.67,-4.0
04:00:00,3,109.4,109.2,2023-01-18,7.5,13.67,-4.0
08:00:00,21,109.4,110.0,2023-01-18,7.5,13.67,-4.0
12:00:00,58,109.8,109.4,2023-01-18,7.5,13.67,-4.0
04:00:00,2,109.8,110.0,2023-01-19,7.5,13.67,-4.0
08:00:00,107,110.8,111.0,2023-01-19,7.5,13.67,-4.0
12:00:00,672,111.0,110.4,2023-01-19,7.5,13.67,-4.0
04:00:00,7,110.4,110.4,2023-01-20,7.5,13.67,-4.0
08:00:00,318,110.6,109.2,2023-01-20,7.5,13.67,-4.0
12:00:00,225,109.8,111.0,2023-01-20,7.5,13.67,-4.0
04:00:00,160,110.2,111.0,2023-01-23,7.5,13.67,-4.0
08:00:00,51,110.8,110.6,2023-01-23,7.5,13.67,-4.0
12:00:00,23,110.6,110.4,2023-01-23,7.5,13.67,-4.0
04:00:00,2,110.0,110.4,2023-01-24,7.5,13.67,-4.0
08:00:00,43,110.2,110.8,2023-01-24,7.5,13.67,-4.0
12:00:00,19,110.2,110.2,2023-01-24,7.5,13.67,-4.0
04:00:00,11,110.6,110.4,2023-01-25,7.5,13.67,-4.0
08:00:00,14,110.4,110.4,2023-01-25,7.5,13.67,-4.0
12:00:00,27,110.4,110.0,2023-01-25,7.5,13.67,-4.0
04:00:00,6,110.6,110.6,2023-01-26,7.5,13.67,-4.0
08:00:00,17,110.6,110.0,2023-01-26,7.5,13.67,-4.0
12:00:00,23,110.0,109.6,2023-01-26,7.5,13.67,-4.0
04:00:00,3,109.8,109.8,2023-01-27,7.5,13.67,-4.0
08:00:00,59,109.8,109.8,2023-01-27,7.5,13.67,-4.0
12:00:00,6,109.8,110.2,2023-01-27,7.5,13.67,-4.0
04:00:00,4,110.6,110.6,2023-01-30,7.5,13.67,-4.0
08:00:00,2,110.4,110.2,2023-01-30,7.5,13.67,-4.0
12:00:00,237,109.6,110.6,2023-01-30,7.5,13.67,-4.0
04:00:00,69,110.4,110.2,2023-01-31,7.5,12.63,-4.0
08:00:00,98,110.2,109.8,2023-01-31,7.5,12.63,-4.0
12:00:00,35,109.8,109.8,2023-01-31,7.5,12.63,-4.0
04:00:00,12,109.8,110.2,2023-02-01,7.5,12.63,-4.0
08:00:00,124,110.2,110.2,2023-02-01,7.5,12.63,-4.0
12:00:00,56,109.6,110.2,2023-02-01,7.5,12.63,-4.0
04:00:00,4,109.8,109.6,2023-02-02,7.5,12.63,-4.0
08:00:00,9,110.4,110.2,2023-02-02,7.5,12.63,-4.0
12:00:00,11,110.2,110.2,2023-02-02,7.5,12.63,-4.0
04:00:00,3,109.6,110.2,2023-02-03,7.5,12.63,-4.0
08:00:00,17,110.4,110.4,2023-02-03,7.5,12.63,-4.0
12:00:00,4,110.0,110.6,2023-02-03,7.5,12.63,-4.0
04:00:00,8,110.8,111.0,2023-02-06,7.5,12.63,-4.0
08:00:00,835,110.8,111.0,2023-02-06,7.5,12.63,-4.0
12:00:00,148,110.8,111.0,2023-02-06,7.5,12.63,-4.0
04:00:00,3,110.8,111.0,2023-02-07,7.5,12.63,-4.0
08:00:00,363,110.8,110.0,2023-02-07,7.5,12.63,-4.0
12:00:00,170,110.2,110.8,2023-02-07,7.5,12.63,-4.0
04:00:00,10,110.0,111.0,2023-02-08,7.5,12.63,-4.0
08:00:00,783,113.6,111.2,2023-02-08,7.5,12.63,-4.0
12:00:00,305,111.8,113.8,2023-02-08,7.5,12.63,-4.0
04:00:00,7310,127.8,155.6,2023-02-09,7.5,12.63,-4.0
08:00:00,14407,159.6,163.6,2023-02-09,7.5,12.63,-4.0
12:00:00,139,163.6,163.6,2023-02-09,7.5,12.63,-4.0
04:00:00,14029,180.0,228.6,2023-02-10,7.5,12.63,-4.0
08:00:00,1577,228.6,228.8,2023-02-10,7.5,12.63,-4.0
12:00:00,203,228.8,228.8,2023-02-10,7.5,12.63,-4.0
04:00:00,25194,251.4,161.6,2023-02-13,7.5,12.63,-4.0
08:00:00,55248,160.6,147.8,2023-02-13,7.5,12.63,-4.0
12:00:00,35693,147.8,137.2,2023-02-13,7.5,12.63,-4.0
04:00:00,19280,137.4,127.4,2023-02-14,7.5,12.63,-4.0
08:00:00,61327,126.6,122.0,2023-02-14,7.5,12.63,-4.0
12:00:00,69209,122.4,114.0,2023-02-14,7.5,12.63,-4.0
04:00:00,29715,115.6,111.8,2023-02-15,7.5,12.63,-4.0
08:00:00,32179,111.8,106.0,2023-02-15,7.5,12.63,-4.0
12:00:00,21465,106.6,105.2,2023-02-15,7.5,12.63,-4.0
04:00:00,13535,105.4,106.2,2023-02-16,7.5,12.63,-4.0
08:00:00,4619,106.2,106.0,2023-02-16,7.5,12.63,-4.0
12:00:00,3807,105.6,105.8,2023-02-16,7.5,12.63,-4.0
04:00:00,1921,106.4,105.8,2023-02-17,7.5,12.63,-4.0
08:00:00,1706,105.8,105.2,2023-02-17,7.5,12.63,-4.0
12:00:00,2398,105.0,104.4,2023-02-17,7.5,12.63,-4.0
04:00:00,2621,105.0,104.6,2023-02-20,7.5,12.63,-4.0
08:00:00,3122,104.8,105.0,2023-02-20,7.5,12.63,-4.0
12:00:00,23531,104.8,109.6,2023-02-20,7.5,12.63,-4.0
04:00:00,36042,110.0,114.0,2023-02-21,7.5,12.63,-4.0
08:00:00,23006,114.0,110.8,2023-02-21,7.5,12.63,-4.0
12:00:00,5022,110.4,111.2,2023-02-21,7.5,12.63,-4.0
04:00:00,2507,111.2,111.2,2023-02-22,7.5,12.63,-4.0
08:00:00,2122,111.2,110.4,2023-02-22,7.5,12.63,-4.0
12:00:00,2555,110.2,111.0,2023-02-22,7.5,12.63,-4.0
04:00:00,1283,111.0,110.2,2023-02-24,7.5,12.63,-4.0
08:00:00,3060,110.6,110.2,2023-02-24,7.5,12.63,-4.0
12:00:00,4066,110.4,110.0,2023-02-24,7.5,12.63,-4.0
04:00:00,6782,105.4,108.6,2023-02-27,7.5,12.63,-4.0
08:00:00,2299,108.6,109.0,2023-02-27,7.5,12.63,-4.0
12:00:00,3021,108.8,110.6,2023-02-27,7.5,12.63,-4.0
04:00:00,849,110.8,110.2,2023-02-28,7.5,11.97,-4.0
08:00:00,1492,110.6,110.0,2023-02-28,7.5,11.97,-4.0
12:00:00,2123,109.8,109.6,2023-02-28,7.5,11.97,-4.0
04:00:00,2193,111.0,109.4,2023-03-01,7.5,11.97,-3.2
08:00:00,4031,109.0,109.0,2023-03-01,7.5,11.97,-3.2
12:00:00,1442,109.0,108.8,2023-03-01,7.5,11.97,-3.2
04:00:00,3056,110.0,109.2,2023-03-02,7.5,11.97,-3.2
08:00:00,3983,109.2,108.6,2023-03-02,7.5,11.97,-3.2
12:00:00,1645,108.4,108.2,2023-03-02,7.5,11.97,-3.2
04:00:00,25318,110.2,116.0,2023-03-03,7.5,11.97,-3.2
08:00:00,22184,116.0,112.8,2023-03-03,7.5,11.97,-3.2
12:00:00,10712,112.8,113.0,2023-03-03,7.5,11.97,-3.2
04:00:00,7281,114.0,114.0,2023-03-06,7.5,11.97,-3.2
08:00:00,13872,114.0,116.0,2023-03-06,7.5,11.97,-3.2
12:00:00,5737,116.2,116.4,2023-03-06,7.5,11.97,-3.2
04:00:00,1729,116.8,115.8,2023-03-07,7.5,11.97,-3.2
08:00:00,8320,116.2,117.6,2023-03-07,7.5,11.97,-3.2
12:00:00,5256,117.8,118.8,2023-03-07,7.5,11.97,-3.2
04:00:00,10241,118.8,119.8,2023-03-09,7.5,11.97,-3.2
08:00:00,6643,119.6,120.4,2023-03-09,7.5,11.97,-3.2
12:00:00,8960,120.6,120.0,2023-03-09,7.5,11.97,-3.2
04:00:00,2632,119.6,119.2,2023-03-10,7.5,11.97,-3.2
08:00:00,2310,119.0,118.6,2023-03-10,7.5,11.97,-3.2
12:00:00,2055,118.8,118.2,2023-03-10,7.5,11.97,-3.2
04:00:00,2638,118.2,116.6,2023-03-13,7.5,11.97,-3.2
08:00:00,9981,116.4,114.6,2023-03-13,7.5,11.97,-3.2
12:00:00,2576,114.6,114.4,2023-03-13,7.5,11.97,-3.2
04:00:00,1507,115.0,113.8,2023-03-14,7.5,11.97,-3.2
08:00:00,7151,113.8,112.0,2023-03-14,7.5,11.97,-3.2
12:00:00,3770,112.0,111.8,2023-03-14,7.5,11.97,-3.2
04:00:00,1700,111.2,112.6,2023-03-15,7.5,11.97,-3.2
08:00:00,3864,112.6,111.4,2023-03-15,7.5,11.97,-3.2
12:00:00,2111,111.6,111.4,2023-03-15,7.5,11.97,-3.2
04:00:00,851,112.0,111.4,2023-03-16,7.5,11.97,-3.2
08:00:00,965,111.4,111.6,2023-03-16,7.5,11.97,-3.2
12:00:00,1763,111.4,111.0,2023-03-16,7.5,11.97,-3.2
04:00:00,4263,111.6,113.2,2023-03-17,7.5,11.97,-3.2
08:00:00,3859,113.2,111.4,2023-03-17,7.5,11.97,-3.2
12:00:00,3788,111.4,113.6,2023-03-17,7.5,11.97,-3.2
04:00:00,3604,114.0,113.6,2023-03-20,7.5,11.97,-3.2
08:00:00,3464,113.6,113.4,2023-03-20,7.5,11.97,-3.2
12:00:00,5935,113.0,115.2,2023-03-20,7.5,11.97,-3.2
04:00:00,1282,115.2,113.8,2023-03-21,7.5,11.97,-3.2
08:00:00,9009,114.0,114.2,2023-03-21,7.5,11.97,-3.2
12:00:00,3722,114.4,112.8,2023-03-21,7.5,11.97,-3.2
04:00:00,972,113.4,113.6,2023-03-22,7.5,11.97,-3.2
08:00:00,5970,113.6,113.2,2023-03-22,7.5,11.97,-3.2
12:00:00,3159,113.2,114.6,2023-03-22,7.5,11.97,-3.2
04:00:00,1325,115.2,113.8,2023-03-23,7.5,11.97,-3.2
08:00:00,2911,113.8,113.6,2023-03-23,7.5,11.97,-3.2
12:00:00,761,113.4,113.0,2023-03-23,7.5,11.97,-3.2
04:00:00,983,113.6,113.6,2023-03-24,7.5,11.97,-3.2
08:00:00,6376,113.6,114.8,2023-03-24,7.5,11.97,-3.2
12:00:00,3030,114.8,114.6,2023-03-24,7.5,11.97,-3.2
04:00:00,5596,114.8,117.6,2023-03-27,7.5,11.97,-3.2
08:00:00,51013,117.6,120.6,2023-03-27,7.5,11.97,-3.2
12:00:00,21462,120.6,121.8,2023-03-27,7.5,11.97,-3.2
04:00:00,6942,123.2,119.8,2023-03-28,7.5,11.97,-3.2
08:00:00,4917,119.8,119.6,2023-03-28,7.5,11.97,-3.2
12:00:00,2138,119.6,119.6,2023-03-28,7.5,11.97,-3.2
04:00:00,4172,120.8,117.8,2023-03-29,7.5,11.97,-3.1
08:00:00,3416,118.2,117.8,2023-03-29,7.5,11.97,-3.1
12:00:00,6588,117.8,117.0,2023-03-29,7.5,11.97,-3.1
04:00:00,1646,116.0,117.0,2023-03-30,7.5,11.97,-3.1
08:00:00,5835,117.0,118.8,2023-03-30,7.5,11.97,-3.1
12:00:00,3136,118.8,118.6,2023-03-30,7.5,11.97,-3.1
04:00:00,1038,118.2,117.8,2023-03-31,7.5,11.92,-3.1
08:00:00,3973,117.6,117.0,2023-03-31,7.5,11.92,-3.1
12:00:00,1655,116.8,117.8,2023-03-31,7.5,11.92,-3.1
04:00:00,1316,118.0,117.8,2023-04-03,7.5,11.92,-3.1
08:00:00,5351,117.8,119.4,2023-04-03,7.5,11.92,-3.1
12:00:00,7482,119.6,118.2,2023-04-03,7.5,11.92,-3.1
04:00:00,5123,119.4,119.4,2023-04-04,7.5,11.92,-3.1
08:00:00,13007,119.2,120.2,2023-04-04,7.5,11.92,-3.1
12:00:00,10913,120.2,118.4,2023-04-04,7.5,11.92,-3.1
04:00:00,2092,118.6,118.2,2023-04-05,7.5,11.92,-3.1
08:00:00,3842,117.8,118.2,2023-04-05,7.5,11.92,-3.1
12:00:00,6420,117.8,117.4,2023-04-05,7.5,11.92,-3.1
04:00:00,3994,117.6,117.8,2023-04-06,7.5,11.92,-3.1
08:00:00,3059,118.4,118.0,2023-04-06,7.5,11.92,-3.1
12:00:00,4805,118.0,118.6,2023-04-06,7.5,11.92,-3.1
04:00:00,3269,118.8,117.8,2023-04-07,7.5,11.92,-3.1
08:00:00,2961,117.8,117.4,2023-04-07,7.5,11.92,-3.1
12:00:00,1960,117.8,117.6,2023-04-07,7.5,11.92,-3.1
04:00:00,1071,118.0,118.4,2023-04-10,7.5,11.92,-3.1
08:00:00,2490,118.0,117.6,2023-04-10,7.5,11.92,-3.1
12:00:00,4226,117.8,118.0,2023-04-10,7.5,11.92,-3.1
04:00:00,2420,118.0,117.6,2023-04-11,7.5,11.92,-3.1
08:00:00,7914,117.6,117.0,2023-04-11,7.5,11.92,-3.1
12:00:00,17160,117.4,114.2,2023-04-11,7.5,11.92,-3.1
04:00:00,2288,114.4,114.0,2023-04-12,7.5,11.92,-3.1
08:00:00,5090,114.4,114.2,2023-04-12,7.5,11.92,-3.1
12:00:00,1827,114.0,113.8,2023-04-12,7.5,11.92,-3.1
04:00:00,1077,114.2,114.0,2023-04-13,7.5,11.92,-3.1
08:00:00,3491,114.0,113.0,2023-04-13,7.5,11.92,-3.1
12:00:00,4286,113.2,113.2,2023-04-13,7.5,11.92,-3.1
04:00:00,148,112.6,113.8,2023-04-14,7.5,11.92,-3.1
08:00:00,4887,113.4,113.8,2023-04-14,7.5,11.92,-3.1
12:00:00,4300,113.6,114.2,2023-04-14,7.5,11.92,-3.1
04:00:00,2035,115.0,114.8,2023-04-17,7.5,11.92,-3.1
08:00:00,3755,114.8,113.8,2023-04-17,7.5,11.92,-3.1
12:00:00,2345,114.0,114.2,2023-04-17,7.5,11.92,-3.1
04:00:00,606,114.2,114.4,2023-04-18,7.5,11.92,-3.1
08:00:00,4133,114.4,113.6,2023-04-18,7.5,11.92,-3.1
12:00:00,1816,113.8,113.6,2023-04-18,7.5,11.92,-3.1
04:00:00,1310,114.0,113.6,2023-04-19,7.5,11.92,-3.1
08:00:00,8930,113.6,113.0,2023-04-19,7.5,11.92,-3.1
12:00:00,3763,113.2,113.0,2023-04-19,7.5,11.92,-3.1
04:00:00,2125,113.2,112.4,2023-04-20,7.5,11.92,-3.1
08:00:00,4911,112.8,111.6,2023-04-20,7.5,11.92,-3.1
12:00:00,8985,111.8,111.0,2023-04-20,7.5,11.92,-3.1
04:00:00,2072,112.0,111.4,2023-04-21,7.5,11.92,-3.1
08:00:00,6683,111.4,111.2,2023-04-21,7.5,11.92,-3.1
12:00:00,6475,111.6,111.6,2023-04-21,7.5,11.92,-3.1
04:00:00,5601,113.0,113.0,2023-04-24,7.5,11.92,-3.1
08:00:00,6028,113.2,112.6,2023-04-24,7.5,11.92,-3.1
12:00:00,7461,113.0,111.0,2023-04-24,7.5,11.92,-3.1
04:00:00,2905,111.6,111.6,2023-04-25,7.5,11.92,-3.1
08:00:00,7179,111.6,111.2,2023-04-25,7.5,11.92,-3.1
12:00:00,7971,111.0,109.2,2023-04-25,7.5,11.92,-3.1
04:00:00,3946,110.8,110.6,2023-04-26,7.5,11.92,-3.1
08:00:00,5724,110.6,109.6,2023-04-26,7.5,11.92,-3.1
12:00:00,4634,109.8,109.4,2023-04-26,7.5,11.92,-3.1
04:00:00,11827,110.4,111.4,2023-04-27,7.5,11.92,-3.1
08:00:00,21884,111.6,111.6,2023-04-27,7.5,11.92,-3.1
12:00:00,15843,111.6,110.6,2023-04-27,7.5,11.92,-3.1
04:00:00,7883,111.2,111.4,2023-04-28,7.5,11.92,-3.1
08:00:00,13118,111.4,109.6,2023-04-28,7.5,11.92,-3.1
12:00:00,8545,109.6,108.8,2023-04-28,7.5,11.92,-3.1
04:00:00,4052,109.2,109.8,2023-05-02,7.5,11.92,-3.1
08:00:00,4515,109.6,108.8,2023-05-02,7.5,11.92,-3.1
12:00:00,8921,108.6,106.4,2023-05-02,7.5,11.92,-3.1
04:00:00,3544,106.6,105.6,2023-05-03,7.5,11.92,-1.1
08:00:00,2930,105.8,104.6,2023-05-03,7.5,11.92,-1.1
12:00:00,4638,104.8,103.8,2023-05-03,7.5,11.92,-1.1
04:00:00,3420,103.8,104.2,2023-05-04,7.5,11.92,-1.1
08:00:00,4588,104.2,102.2,2023-05-04,7.5,11.92,-1.1
12:00:00,1497,102.4,102.4,2023-05-04,7.5,11.92,-1.1
04:00:00,902,103.2,103.4,2023-05-05,7.5,11.92,-1.1
08:00:00,2055,103.4,102.6,2023-05-05,7.5,11.92,-1.1
12:00:00,1665,102.8,102.4,2023-05-05,7.5,11.92,-1.1
04:00:00,957,102.6,102.4,2023-05-08,7.5,11.92,-1.1
08:00:00,707,102.6,102.6,2023-05-08,7.5,11.92,-1.1
12:00:00,884,102.6,102.8,2023-05-08,7.5,11.92,-1.1
04:00:00,2502,102.8,104.6,2023-05-10,7.5,11.92,-1.1
08:00:00,2485,105.0,104.2,2023-05-10,7.5,11.92,-1.1
12:00:00,2009,104.2,103.8,2023-05-10,7.5,11.92,-1.1
04:00:00,1860,104.2,105.4,2023-05-11,7.5,11.92,-1.1
08:00:00,3048,105.2,104.8,2023-05-11,7.5,11.92,-1.1
12:00:00,2046,105.0,105.0,2023-05-11,7.5,11.92,-1.1
04:00:00,2661,105.0,105.6,2023-05-12,7.5,11.92,-1.1
08:00:00,3131,105.6,104.2,2023-05-12,7.5,11.92,-1.1
12:00:00,1497,104.0,104.8,2023-05-12,7.5,11.92,-1.1
04:00:00,1239,105.0,104.2,2023-05-15,7.5,11.92,-1.1
08:00:00,3421,104.4,104.4,2023-05-15,7.5,11.92,-1.1
12:00:00,1736,104.2,104.6,2023-05-15,7.5,11.92,-1.1
04:00:00,1089,103.8,104.8,2023-05-16,7.5,11.92,-1.1
08:00:00,1519,104.6,104.4,2023-05-16,7.5,11.92,-1.1
12:00:00,2687,104.2,104.0,2023-05-16,7.5,11.92,-1.1
04:00:00,877,104.4,104.0,2023-05-17,7.5,11.92,-1.1
08:00:00,3823,104.2,104.6,2023-05-17,7.5,11.92,-1.1
12:00:00,1498,105.0,104.4,2023-05-17,7.5,11.92,-1.1
04:00:00,3922,104.8,105.6,2023-05-18,7.5,11.92,-1.1
08:00:00,4377,105.6,105.0,2023-05-18,7.5,11.92,-1.1
12:00:00,8739,105.2,102.4,2023-05-18,7.5,11.92,-1.1
04:00:00,1946,101.4,103.2,2023-05-19,7.5,11.92,-1.1
08:00:00,3685,103.2,103.0,2023-05-19,7.5,11.92,-1.1
12:00:00,1394,102.8,102.6,2023-05-19,7.5,11.92,-1.1
04:00:00,2923,103.0,102.8,2023-05-22,7.5,11.92,-1.1
08:00:00,2119,102.8,102.8,2023-05-22,7.5,11.92,-1.1
12:00:00,1634,102.6,102.6,2023-05-22,7.5,11.92,-1.1
04:00:00,833,103.2,102.2,2023-05-23,7.5,11.92,-1.1
08:00:00,1352,102.2,101.8,2023-05-23,7.5,11.92,-1.1
12:00:00,2863,101.6,102.0,2023-05-23,7.5,11.92,-1.1
04:00:00,503,103.0,102.2,2023-05-24,7.5,11.92,-1.1
08:00:00,2424,102.0,101.6,2023-05-24,7.5,11.92,-1.1
12:00:00,4673,101.6,101.2,2023-05-24,7.5,11.92,-1.1
04:00:00,420,101.8,101.8,2023-05-25,7.5,11.92,-1.1
08:00:00,1761,101.8,101.0,2023-05-25,7.5,11.92,-1.1
12:00:00,1316,101.2,101.6,2023-05-25,7.5,11.92,-1.1
04:00:00,511,101.6,102.2,2023-05-26,7.5,11.92,-1.1
08:00:00,918,101.8,101.6,2023-05-26,7.5,11.92,-1.1
12:00:00,2951,101.6,101.8,2023-05-26,7.5,11.92,-1.1
04:00:00,1663,102.0,102.6,2023-05-29,7.5,11.92,-1.1
08:00:00,6151,102.6,102.4,2023-05-29,7.5,11.92,-1.1
12:00:00,7507,102.4,102.0,2023-05-29,7.5,11.92,-1.1
04:00:00,6816,101.0,102.8,2023-05-30,7.5,11.92,-1.1
08:00:00,11072,102.8,102.4,2023-05-30,7.5,11.92,-1.1
12:00:00,5904,102.6,100.8,2023-05-30,7.5,11.92,-1.1
04:00:00,1716,101.6,102.2,2023-05-31,7.5,11.76,3.3
08:00:00,8315,102.0,102.0,2023-05-31,7.5,11.76,3.3
12:00:00,2161,102.2,101.4,2023-05-31,7.5,11.76,3.3
04:00:00,801,101.8,102.0,2023-06-01,7.5,11.76,3.3
08:00:00,5879,101.8,103.2,2023-06-01,7.5,11.76,3.3
12:00:00,2747,103.2,102.4,2023-06-01,7.5,11.76,3.3
04:00:00,6202,103.2,104.2,2023-06-02,7.5,11.76,3.3
08:00:00,8855,104.4,104.0,2023-06-02,7.5,11.76,3.3
12:00:00,5311,104.0,104.4,2023-06-02,7.5,11.76,3.3
04:00:00,6559,105.6,105.4,2023-06-05,7.5,11.76,3.3
08:00:00,6545,105.4,105.0,2023-06-05,7.5,11.76,3.3
12:00:00,7201,104.8,103.8,2023-06-05,7.5,11.76,3.3
04:00:00,3360,101.6,103.8,2023-06-06,7.5,11.76,3.3
08:00:00,5861,103.6,104.0,2023-06-06,7.5,11.76,3.3
12:00:00,3487,104.0,104.0,2023-06-06,7.5,11.76,3.3
04:00:00,5439,103.6,105.0,2023-06-07,7.5,11.76,3.3
08:00:00,7628,105.0,105.0,2023-06-07,7.5,11.76,3.3
12:00:00,8947,105.2,104.8,2023-06-07,7.5,11.76,3.3
04:00:00,11101,101.4,102.6,2023-06-08,7.5,11.76,3.3
08:00:00,9903,102.4,103.0,2023-06-08,7.5,11.76,3.3
12:00:00,8127,103.0,103.0,2023-06-08,7.5,11.76,3.3
04:00:00,5488,103.6,103.4,2023-06-09,7.5,11.76,3.3
08:00:00,18504,103.4,102.6,2023-06-09,7.5,11.76,3.3
12:00:00,8048,102.6,102.0,2023-06-09,7.5,11.76,3.3
04:00:00,4494,102.0,102.0,2023-06-13,7.5,11.76,3.3
08:00:00,5881,102.0,102.0,2023-06-13,7.5,11.76,3.3
12:00:00,4903,102.2,102.2,2023-06-13,7.5,11.76,3.3
04:00:00,1765,102.8,102.4,2023-06-14,7.5,11.76,3.3
08:00:00,8348,102.4,102.0,2023-06-14,7.5,11.76,3.3
12:00:00,4341,102.0,101.4,2023-06-14,7.5,11.76,3.3
04:00:00,4074,102.6,101.8,2023-06-15,7.5,11.76,3.3
08:00:00,1982,101.8,101.6,2023-06-15,7.5,11.76,3.3
12:00:00,5088,101.4,101.8,2023-06-15,7.5,11.76,3.3
04:00:00,1037,102.2,102.0,2023-06-16,7.5,11.76,3.3
08:00:00,2857,102.2,102.0,2023-06-16,7.5,11.76,3.3
12:00:00,2271,101.8,101.8,2023-06-16,7.5,11.76,3.3
04:00:00,1289,102.0,101.6,2023-06-19,7.5,11.76,3.3
08:00:00,4542,101.8,102.0,2023-06-19,7.5,11.76,3.3
12:00:00,2668,102.0,102.0,2023-06-19,7.5,11.76,3.3
04:00:00,1826,102.0,101.6,2023-06-20,7.5,11.76,3.3
08:00:00,6032,101.6,101.4,2023-06-20,7.5,11.76,3.3
12:00:00,5368,101.6,101.4,2023-06-20,7.5,11.76,3.3
04:00:00,2010,101.4,101.4,2023-06-21,7.5,11.76,3.3
08:00:00,11028,101.4,101.2,2023-06-21,7.5,11.76,3.3
12:00:00,7449,101.0,100.6,2023-06-21,7.5,11.76,3.3
04:00:00,3102,100.6,100.6,2023-06-22,7.5,11.76,3.3
08:00:00,5014,101.0,101.0,2023-06-22,7.5,11.76,3.3
12:00:00,3532,101.4,101.0,2023-06-22,7.5,11.76,3.3
04:00:00,3918,101.2,100.4,2023-06-23,7.5,11.76,3.3
08:00:00,4360,100.8,100.2,2023-06-23,7.5,11.76,3.3
12:00:00,1319,100.2,100.2,2023-06-23,7.5,11.76,3.3
04:00:00,4792,100.4,99.2,2023-06-26,7.5,11.76,3.3
08:00:00,4806,99.0,99.4,2023-06-26,7.5,11.76,3.3
12:00:00,1570,99.8,99.8,2023-06-26,7.5,11.76,3.3
04:00:00,2258,99.6,99.0,2023-06-27,7.5,11.76,3.3
08:00:00,1675,99.0,99.6,2023-06-27,7.5,11.76,3.3
12:00:00,7505,99.6,99.8,2023-06-27,7.5,11.76,3.3
04:00:00,1268,99.8,99.8,2023-06-28,7.5,11.76,5.4
08:00:00,3888,99.8,99.6,2023-06-28,7.5,11.76,5.4
12:00:00,1246,99.8,99.8,2023-06-28,7.5,11.76,5.4
04:00:00,1885,99.6,100.0,2023-06-29,7.5,11.76,5.4
08:00:00,2305,100.0,99.6,2023-06-29,7.5,11.76,5.4
12:00:00,2018,99.2,99.2,2023-06-29,7.5,11.76,5.4
04:00:00,1241,99.0,98.6,2023-06-30,7.5,10.97,5.4
08:00:00,2517,99.0,98.8,2023-06-30,7.5,10.97,5.4
12:00:00,1503,99.0,98.4,2023-06-30,7.5,10.97,5.4
04:00:00,2141,99.0,98.8,2023-07-03,7.5,10.97,5.4
08:00:00,2487,98.8,99.2,2023-07-03,7.5,10.97,5.4
12:00:00,1271,99.2,98.8,2023-07-03,7.5,10.97,5.4
04:00:00,893,98.8,98.8,2023-07-04,7.5,10.97,5.4
08:00:00,2100,98.6,99.0,2023-07-04,7.5,10.97,5.4
12:00:00,669,99.0,99.2,2023-07-04,7.5,10.97,5.4
04:00:00,1730,98.8,98.6,2023-07-05,7.5,10.97,5.4
08:00:00,771,99.0,99.4,2023-07-05,7.5,10.97,5.4
12:00:00,1570,99.4,99.4,2023-07-05,7.5,10.97,5.4
04:00:00,2948,100.0,99.8,2023-07-06,7.5,10.97,5.4
08:00:00,1949,99.8,99.8,2023-07-06,7.5,10.97,5.4
12:00:00,949,99.8,99.6,2023-07-06,7.5,10.97,5.4
04:00:00,75,100.2,99.6,2023-07-07,7.5,10.97,5.4
08:00:00,1587,99.4,99.2,2023-07-07,7.5,10.97,5.4
12:00:00,460,99.2,99.2,2023-07-07,7.5,10.97,5.4
04:00:00,1320,99.2,99.2,2023-07-10,7.5,10.97,5.4
08:00:00,4001,99.4,98.6,2023-07-10,7.5,10.97,5.4
12:00:00,3168,98.4,99.0,2023-07-10,7.5,10.97,5.4
04:00:00,1337,99.0,99.2,2023-07-11,7.5,10.97,5.4
08:00:00,1467,99.0,99.0,2023-07-11,7.5,10.97,5.4
12:00:00,6627,99.0,100.0,2023-07-11,7.5,10.97,5.4
04:00:00,2531,100.2,100.2,2023-07-12,7.5,10.97,5.4
08:00:00,4135,100.4,100.2,2023-07-12,7.5,10.97,5.4
12:00:00,4917,100.4,100.4,2023-07-12,7.5,10.97,5.4
04:00:00,1299,100.6,100.4,2023-07-13,7.5,10.97,5.4
08:00:00,1589,100.4,99.6,2023-07-13,7.5,10.97,5.4
12:00:00,1036,99.8,100.0,2023-07-13,7.5,10.97,5.4
04:00:00,99,100.2,99.8,2023-07-14,7.5,10.97,5.4
08:00:00,1609,99.6,100.2,2023-07-14,7.5,10.97,5.4
12:00:00,1781,100.2,100.4,2023-07-14,7.5,10.97,5.4
04:00:00,673,99.6,100.4,2023-07-17,7.5,10.97,5.4
08:00:00,1660,100.2,100.0,2023-07-17,7.5,10.97,5.4
12:00:00,2709,100.0,99.6,2023-07-17,7.5,10.97,5.4
04:00:00,618,99.8,100.0,2023-07-18,7.5,10.97,5.4
08:00:00,4278,100.0,100.0,2023-07-18,7.5,10.97,5.4
12:00:00,4882,100.0,100.4,2023-07-18,7.5,10.97,5.4
04:00:00,5616,100.6,102.4,2023-07-19,7.5,10.97,5.4
08:00:00,12726,102.4,102.8,2023-07-19,7.5,10.97,5.4
12:00:00,42445,102.6,104.0,2023-07-19,7.5,10.97,5.4
04:00:00,27003,105.8,105.0,2023-07-20,7.5,10.97,5.4
08:00:00,18802,105.0,104.0,2023-07-20,7.5,10.97,5.4
12:00:00,8100,103.6,103.4,2023-07-20,7.5,10.97,5.4
04:00:00,2224,103.4,103.0,2023-07-21,7.5,10.97,5.4
08:00:00,5358,103.0,103.2,2023-07-21,7.5,10.97,5.4
12:00:00,5108,103.6,103.0,2023-07-21,7.5,10.97,5.4
04:00:00,2538,103.2,104.0,2023-07-24,8.5,10.97,5.4
08:00:00,4869,104.0,103.8,2023-07-24,8.5,10.97,5.4
12:00:00,1401,103.6,103.8,2023-07-24,8.5,10.97,5.4
04:00:00,1884,104.0,104.2,2023-07-25,8.5,10.97,5.4
08:00:00,16096,104.2,105.6,2023-07-25,8.5,10.97,5.4
12:00:00,8350,105.6,105.0,2023-07-25,8.5,10.97,5.4
04:00:00,3593,105.8,104.6,2023-07-26,8.5,10.97,5.4
08:00:00,5708,104.6,105.0,2023-07-26,8.5,10.97,5.4
12:00:00,30875,105.0,107.2,2023-07-26,8.5,10.97,5.4
04:00:00,21757,108.0,109.6,2023-07-27,8.5,10.97,5.4
08:00:00,14041,109.6,108.6,2023-07-27,8.5,10.97,5.4
12:00:00,8192,108.2,107.6,2023-07-27,8.5,10.97,5.4
04:00:00,3036,108.0,107.4,2023-07-28,8.5,10.97,5.4
08:00:00,5384,107.6,107.4,2023-07-28,8.5,10.97,5.4
12:00:00,4364,106.8,107.2,2023-07-28,8.5,10.97,5.4
04:00:00,2352,107.0,108.0,2023-07-31,8.5,3.51,5.4
08:00:00,5403,108.0,107.4,2023-07-31,8.5,3.51,5.4
12:00:00,5793,107.2,107.4,2023-07-31,8.5,3.51,5.4
04:00:00,3587,107.6,106.2,2023-08-01,8.5,3.51,5.4
08:00:00,8156,106.4,105.6,2023-08-01,8.5,3.51,5.4
12:00:00,11315,105.6,105.6,2023-08-01,8.5,3.51,5.4
04:00:00,3615,105.6,105.4,2023-08-02,8.5,3.51,5.3
08:00:00,7001,105.4,105.4,2023-08-02,8.5,3.51,5.3
12:00:00,13088,105.4,106.2,2023-08-02,8.5,3.51,5.3
04:00:00,3311,106.2,106.2,2023-08-03,8.5,3.51,5.3
08:00:00,8484,105.8,106.8,2023-08-03,8.5,3.51,5.3
12:00:00,12045,106.8,106.6,2023-08-03,8.5,3.51,5.3
04:00:00,3118,107.6,107.4,2023-08-04,8.5,3.51,5.3
08:00:00,10920,107.4,106.8,2023-08-04,8.5,3.51,5.3
12:00:00,12671,106.8,104.0,2023-08-04,8.5,3.51,5.3
04:00:00,3200,104.8,105.4,2023-08-07,8.5,3.51,5.3
08:00:00,8359,105.6,105.4,2023-08-07,8.5,3.51,5.3
12:00:00,7871,105.0,104.6,2023-08-07,8.5,3.51,5.3
04:00:00,9645,104.6,102.6,2023-08-08,8.5,3.51,5.3
08:00:00,4452,102.6,103.2,2023-08-08,8.5,3.51,5.3
12:00:00,5311,103.2,104.0,2023-08-08,8.5,3.51,5.3
04:00:00,3048,104.6,104.8,2023-08-09,8.5,3.51,5.3
08:00:00,6306,105.0,105.0,2023-08-09,8.5,3.51,5.3
12:00:00,4608,104.8,104.4,2023-08-09,8.5,3.51,5.3
04:00:00,3395,104.0,104.8,2023-08-10,8.5,3.51,5.3
08:00:00,9243,104.8,104.8,2023-08-10,8.5,3.51,5.3
12:00:00,17789,104.8,105.8,2023-08-10,8.5,3.51,5.3
04:00:00,2458,106.2,106.2,2023-08-11,8.5,3.51,5.3
08:00:00,18599,106.0,106.6,2023-08-11,8.5,3.51,5.3
12:00:00,8146,106.6,107.0,2023-08-11,8.5,3.51,5.3
04:00:00,4481,107.6,108.0,2023-08-14,8.5,3.51,5.3
08:00:00,11135,108.0,107.8,2023-08-14,8.5,3.51,5.3
12:00:00,16056,107.8,104.0,2023-08-14,8.5,3.51,5.3
04:00:00,6854,103.2,104.8,2023-08-15,12.0,3.51,5.3
08:00:00,8668,104.8,105.2,2023-08-15,12.0,3.51,5.3
12:00:00,11358,105.2,103.6,2023-08-15,12.0,3.51,5.3
04:00:00,1659,104.0,104.2,2023-08-16,12.0,3.51,5.3
08:00:00,29462,104.2,103.0,2023-08-16,12.0,3.51,5.3
12:00:00,49503,103.2,107.0,2023-08-16,12.0,3.51,5.3
04:00:00,73916,109.8,110.8,2023-08-17,12.0,3.51,5.3
08:00:00,43321,110.6,107.8,2023-08-17,12.0,3.51,5.3
12:00:00,23937,108.2,108.4,2023-08-17,12.0,3.51,5.3
04:00:00,18375,108.8,107.0,2023-08-18,12.0,3.51,5.3
08:00:00,9834,107.0,106.2,2023-08-18,12.0,3.51,5.3
12:00:00,10061,106.2,105.8,2023-08-18,12.0,3.51,5.3
04:00:00,7783,107.0,106.4,2023-08-21,12.0,3.51,5.3
08:00:00,12136,106.4,107.8,2023-08-21,12.0,3.51,5.3
12:00:00,12471,108.0,108.0,2023-08-21,12.0,3.51,5.3
04:00:00,4930,109.4,107.8,2023-08-22,12.0,3.51,5.3
08:00:00,10452,107.8,108.6,2023-08-22,12.0,3.51,5.3
12:00:00,9343,108.6,108.4,2023-08-22,12.0,3.51,5.3
04:00:00,2679,107.4,107.4,2023-08-23,12.0,3.51,5.3
08:00:00,16817,107.4,105.6,2023-08-23,12.0,3.51,5.3
12:00:00,9216,105.6,106.2,2023-08-23,12.0,3.51,5.3
04:00:00,3220,105.2,105.8,2023-08-24,12.0,3.51,5.3
08:00:00,6551,105.8,106.4,2023-08-24,12.0,3.51,5.3
12:00:00,6369,106.4,106.6,2023-08-24,12.0,3.51,5.3
04:00:00,2132,106.8,106.2,2023-08-25,12.0,3.51,5.3
08:00:00,7412,106.2,106.4,2023-08-25,12.0,3.51,5.3
12:00:00,12496,106.6,105.4,2023-08-25,12.0,3.51,5.3
04:00:00,3157,105.4,105.4,2023-08-28,12.0,3.51,5.3
08:00:00,8047,105.6,105.4,2023-08-28,12.0,3.51,5.3
12:00:00,8484,105.4,105.4,2023-08-28,12.0,3.51,5.3
04:00:00,1888,105.4,105.4,2023-08-29,12.0,3.51,5.3
08:00:00,6573,105.6,105.6,2023-08-29,12.0,3.51,5.3
12:00:00,9142,105.8,105.6,2023-08-29,12.0,3.51,5.3
04:00:00,1737,105.4,105.2,2023-08-30,12.0,3.51,5.0
08:00:00,8250,105.2,105.4,2023-08-30,12.0,3.51,5.0
12:00:00,8450,106.0,105.4,2023-08-30,12.0,3.51,5.0
04:00:00,3157,105.4,106.0,2023-08-31,12.0,2.3,5.0
08:00:00,31922,106.0,107.0,2023-08-31,12.0,2.3,5.0
12:00:00,3465,107.2,107.0,2023-08-31,12.0,2.3,5.0
04:00:00,6622,107.2,105.6,2023-09-01,12.0,2.3,5.0
08:00:00,6565,105.6,106.0,2023-09-01,12.0,2.3,5.0
12:00:00,7408,106.0,106.8,2023-09-01,12.0,2.3,5.0
04:00:00,6588,106.8,107.4,2023-09-04,12.0,2.3,5.0
08:00:00,47175,107.4,109.4,2023-09-04,12.0,2.3,5.0
12:00:00,23657,109.4,112.2,2023-09-04,12.0,2.3,5.0
04:00:00,19085,113.0,113.0,2023-09-05,12.0,2.3,5.0
08:00:00,24139,113.0,109.8,2023-09-05,12.0,2.3,5.0
12:00:00,10097,109.8,110.2,2023-09-05,12.0,2.3,5.0
04:00:00,3299,110.4,109.6,2023-09-06,12.0,2.3,5.0
08:00:00,8075,109.0,108.0,2023-09-06,12.0,2.3,5.0
12:00:00,2625,108.2,108.8,2023-09-06,12.0,2.3,5.0
04:00:00,6946,109.0,109.2,2023-09-07,12.0,2.3,5.0
08:00:00,21148,109.4,108.0,2023-09-07,12.0,2.3,5.0
12:00:00,8830,107.8,107.6,2023-09-07,12.0,2.3,5.0
04:00:00,15282,107.6,106.6,2023-09-08,12.0,2.3,5.0
08:00:00,4511,106.0,106.8,2023-09-08,12.0,2.3,5.0
12:00:00,1558,106.8,107.2,2023-09-08,12.0,2.3,5.0
04:00:00,1532,107.2,106.4,2023-09-11,12.0,2.3,5.0
08:00:00,7597,106.8,106.8,2023-09-11,12.0,2.3,5.0
12:00:00,3590,106.8,105.8,2023-09-11,12.0,2.3,5.0
04:00:00,2573,105.8,107.6,2023-09-12,12.0,2.3,5.0
08:00:00,4598,107.2,107.2,2023-09-12,12.0,2.3,5.0
12:00:00,5366,107.2,108.0,2023-09-12,12.0,2.3,5.0
04:00:00,1109,108.4,108.0,2023-09-13,12.0,2.3,5.0
08:00:00,3212,107.8,106.8,2023-09-13,12.0,2.3,5.0
12:00:00,11035,106.6,106.0,2023-09-13,12.0,2.3,5.0
04:00:00,5223,106.0,104.6,2023-09-14,12.0,2.3,5.0
08:00:00,30410,104.2,102.8,2023-09-14,12.0,2.3,5.0
12:00:00,3109,102.6,102.8,2023-09-14,12.0,2.3,5.0
04:00:00,1091,103.0,102.4,2023-09-15,12.0,2.3,5.0
08:00:00,2875,102.2,103.8,2023-09-15,12.0,2.3,5.0
12:00:00,2872,103.8,103.8,2023-09-15,12.0,2.3,5.0
04:00:00,2473,103.8,104.0,2023-09-18,13.0,2.3,5.0
08:00:00,2453,104.4,104.0,2023-09-18,13.0,2.3,5.0
12:00:00,5065,104.4,103.0,2023-09-18,13.0,2.3,5.0
04:00:00,1073,103.6,103.0,2023-09-19,13.0,2.3,5.0
08:00:00,4280,102.8,101.6,2023-09-19,13.0,2.3,5.0
12:00:00,11145,101.6,100.0,2023-09-19,13.0,2.3,5.0
04:00:00,5525,99.6,101.2,2023-09-20,13.0,2.3,5.0
08:00:00,4641,101.2,102.0,2023-09-20,13.0,2.3,5.0
12:00:00,2138,102.0,101.2,2023-09-20,13.0,2.3,5.0
04:00:00,555,101.6,100.8,2023-09-21,13.0,2.3,5.0
08:00:00,1601,101.2,100.6,2023-09-21,13.0,2.3,5.0
12:00:00,10431,100.6,98.6,2023-09-21,13.0,2.3,5.0
04:00:00,1473,99.0,99.0,2023-09-22,13.0,2.3,5.0
08:00:00,2054,99.4,99.6,2023-09-22,13.0,2.3,5.0
12:00:00,3252,99.4,100.0,2023-09-22,13.0,2.3,5.0
04:00:00,673,100.6,101.2,2023-09-25,13.0,2.3,5.0
08:00:00,404,101.0,100.6,2023-09-25,13.0,2.3,5.0
12:00:00,557,100.2,100.6,2023-09-25,13.0,2.3,5.0
04:00:00,538,100.4,99.8,2023-09-26,13.0,2.3,5.0
08:00:00,3338,100.0,100.6,2023-09-26,13.0,2.3,5.0
12:00:00,937,100.6,101.8,2023-09-26,13.0,2.3,5.0
04:00:00,871,102.0,101.4,2023-09-27,13.0,2.3,5.2
08:00:00,2462,101.8,102.0,2023-09-27,13.0,2.3,5.2
12:00:00,1387,102.0,101.6,2023-09-27,13.0,2.3,5.2
04:00:00,2590,102.6,103.0,2023-09-28,13.0,2.3,5.2
08:00:00,2225,102.8,101.2,2023-09-28,13.0,2.3,5.2
12:00:00,2197,101.0,102.8,2023-09-28,13.0,2.3,5.2
04:00:00,958,103.2,102.8,2023-09-29,13.0,2.3,5.2
08:00:00,3574,102.6,101.4,2023-09-29,13.0,2.3,5.2
12:00:00,1390,101.6,101.4,2023-09-29,13.0,2.3,5.2
04:00:00,1741,101.4,101.8,2023-10-02,13.0,2.5,5.2
08:00:00,1347,101.8,101.8,2023-10-02,13.0,2.5,5.2
12:00:00,4644,102.0,100.2,2023-10-02,13.0,2.5,5.2
04:00:00,6605,100.8,99.4,2023-10-03,13.0,2.5,5.2
08:00:00,1956,99.2,99.6,2023-10-03,13.0,2.5,5.2
12:00:00,2990,99.6,99.6,2023-10-03,13.0,2.5,5.2
04:00:00,2430,99.0,100.2,2023-10-04,13.0,2.5,5.2
08:00:00,942,100.2,99.8,2023-10-04,13.0,2.5,5.2
12:00:00,1267,99.8,99.6,2023-10-04,13.0,2.5,5.2
04:00:00,2771,99.8,100.6,2023-10-05,13.0,2.5,5.2
08:00:00,2556,101.0,100.2,2023-10-05,13.0,2.5,5.2
12:00:00,627,100.2,100.2,2023-10-05,13.0,2.5,5.2
04:00:00,254,100.4,100.4,2023-10-06,13.0,2.5,5.2
08:00:00,837,100.2,100.6,2023-10-06,13.0,2.5,5.2
12:00:00,1544,100.6,100.2,2023-10-06,13.0,2.5,5.2
04:00:00,741,101.2,100.8,2023-10-09,13.0,2.5,5.2
08:00:00,1800,100.4,101.0,2023-10-09,13.0,2.5,5.2
12:00:00,1393,101.0,100.6,2023-10-09,13.0,2.5,5.2
04:00:00,251,100.6,100.8,2023-10-10,13.0,2.5,5.2
08:00:00,1150,100.6,100.6,2023-10-10,13.0,2.5,5.2
12:00:00,1038,100.4,100.4,2023-10-10,13.0,2.5,5.2
04:00:00,189,100.8,101.0,2023-10-11,13.0,2.5,5.2
08:00:00,3468,100.6,100.4,2023-10-11,13.0,2.5,5.2
12:00:00,1241,100.2,100.4,2023-10-11,13.0,2.5,5.2
04:00:00,761,100.0,100.2,2023-10-12,13.0,2.5,5.2
08:00:00,3107,100.2,100.0,2023-10-12,13.0,2.5,5.2
12:00:00,2310,100.0,100.4,2023-10-12,13.0,2.5,5.2
04:00:00,881,100.2,100.4,2023-10-13,13.0,2.5,5.2
08:00:00,644,100.4,100.2,2023-10-13,13.0,2.5,5.2
12:00:00,6116,100.4,100.2,2023-10-13,13.0,2.5,5.2
04:00:00,927,100.4,100.2,2023-10-16,13.0,2.5,5.2
08:00:00,3952,100.2,101.0,2023-10-16,13.0,2.5,5.2
12:00:00,2822,100.8,101.4,2023-10-16,13.0,2.5,5.2
04:00:00,1839,101.6,101.0,2023-10-17,13.0,2.5,5.2
08:00:00,3655,100.4,101.4,2023-10-17,13.0,2.5,5.2
12:00:00,1810,101.6,101.0,2023-10-17,13.0,2.5,5.2
04:00:00,523,101.2,100.4,2023-10-18,13.0,2.5,5.2
08:00:00,1812,100.8,100.8,2023-10-18,13.0,2.5,5.2
12:00:00,488,100.6,100.8,2023-10-18,13.0,2.5,5.2
04:00:00,165,100.8,100.4,2023-10-19,13.0,2.5,5.2
08:00:00,1857,100.6,100.6,2023-10-19,13.0,2.5,5.2
12:00:00,1031,100.6,100.0,2023-10-19,13.0,2.5,5.2
04:00:00,1026,100.2,100.2,2023-10-20,13.0,2.5,5.2
08:00:00,6012,100.2,99.8,2023-10-20,13.0,2.5,5.2
12:00:00,4668,99.8,100.0,2023-10-20,13.0,2.5,5.2
04:00:00,1798,100.0,100.6,2023-10-23,13.0,2.5,5.2
08:00:00,2791,100.0,99.8,2023-10-23,13.0,2.5,5.2
12:00:00,806,99.8,100.0,2023-10-23,13.0,2.5,5.2
04:00:00,1035,100.2,100.2,2023-10-24,13.0,2.5,5.2
08:00:00,2195,100.0,99.8,2023-10-24,13.0,2.5,5.2
12:00:00,2760,99.8,99.8,2023-10-24,13.0,2.5,5.2
04:00:00,279,100.0,100.0,2023-10-25,13.0,2.5,5.2
08:00:00,4397,100.0,99.2,2023-10-25,13.0,2.5,5.2
12:00:00,2617,99.6,99.8,2023-10-25,13.0,2.5,5.2
04:00:00,1591,99.8,99.4,2023-10-26,13.0,2.5,5.2
08:00:00,2460,99.2,100.0,2023-10-26,13.0,2.5,5.2
12:00:00,8515,99.8,99.2,2023-10-26,13.0,2.5,5.2
04:00:00,248,99.8,99.4,2023-10-27,13.0,2.5,5.2
08:00:00,1967,99.4,98.4,2023-10-27,13.0,2.5,5.2
12:00:00,2791,98.6,99.2,2023-10-27,13.0,2.5,5.2
04:00:00,1075,99.2,100.0,2023-10-30,15.0,2.5,5.2
08:00:00,880,99.8,99.2,2023-10-30,15.0,2.5,5.2
12:00:00,1421,98.8,98.8,2023-10-30,15.0,2.5,5.2
04:00:00,2511,98.8,98.4,2023-10-31,15.0,3.24,5.2
08:00:00,1509,98.4,98.2,2023-10-31,15.0,3.24,5.2
12:00:00,1102,98.2,98.0,2023-10-31,15.0,3.24,5.2
04:00:00,1418,98.4,97.8,2023-11-01,15.0,3.24,5.2
08:00:00,3016,97.8,97.8,2023-11-01,15.0,3.24,5.2
12:00:00,2693,97.8,98.2,2023-11-01,15.0,3.24,5.2
04:00:00,280,98.2,98.0,2023-11-02,15.0,3.24,5.2
08:00:00,2350,98.2,98.2,2023-11-02,15.0,3.24,5.2
12:00:00,2539,98.6,98.4,2023-11-02,15.0,3.24,5.2
04:00:00,3278,98.0,97.2,2023-11-03,15.0,3.24,5.2
08:00:00,2286,97.4,97.8,2023-11-03,15.0,3.24,5.2
12:00:00,3776,98.0,98.0,2023-11-03,15.0,3.24,5.2
04:00:00,474,98.2,98.0,2023-11-06,15.0,3.24,5.2
08:00:00,5912,98.0,99.8,2023-11-06,15.0,3.24,5.2
12:00:00,2033,99.8,100.0,2023-11-06,15.0,3.24,5.2
04:00:00,4053,100.0,100.4,2023-11-07,15.0,3.24,5.2
08:00:00,2921,100.2,99.8,2023-11-07,15.0,3.24,5.2
12:00:00,1642,100.0,99.8,2023-11-07,15.0,3.24,5.2
04:00:00,6118,99.8,103.0,2023-11-08,15.0,3.24,5.2
08:00:00,3723,102.6,101.6,2023-11-08,15.0,3.24,5.2
12:00:00,4070,101.4,101.8,2023-11-08,15.0,3.24,5.2
04:00:00,585,102.0,101.6,2023-11-09,15.0,3.24,5.2
08:00:00,690,101.4,100.8,2023-11-09,15.0,3.24,5.2
12:00:00,4162,101.2,101.2,2023-11-09,15.0,3.24,5.2
04:00:00,165,101.2,101.4,2023-11-10,15.0,3.24,5.2
08:00:00,1786,101.2,100.4,2023-11-10,15.0,3.24,5.2
12:00:00,3837,100.4,100.0,2023-11-10,15.0,3.24,5.2
04:00:00,1481,100.4,99.6,2023-11-13,15.0,3.24,5.2
08:00:00,8015,99.6,101.6,2023-11-13,15.0,3.24,5.2
12:00:00,14017,102.0,103.2,2023-11-13,15.0,3.24,5.2
04:00:00,5007,104.0,101.0,2023-11-14,15.0,3.24,5.2
08:00:00,10671,101.0,99.0,2023-11-14,15.0,3.24,5.2
12:00:00,1675,99.4,99.8,2023-11-14,15.0,3.24,5.2
04:00:00,1053,99.2,99.6,2023-11-15,15.0,3.24,5.2
08:00:00,2581,99.4,100.8,2023-11-15,15.0,3.24,5.2
12:00:00,3669,100.4,101.2,2023-11-15,15.0,3.24,5.2
04:00:00,1360,100.2,100.2,2023-11-16,15.0,3.24,5.2
08:00:00,3978,100.6,100.2,2023-11-16,15.0,3.24,5.2
12:00:00,2516,100.2,100.8,2023-11-16,15.0,3.24,5.2
04:00:00,2645,100.2,100.2,2023-11-17,15.0,3.24,5.2
08:00:00,3037,100.0,99.8,2023-11-17,15.0,3.24,5.2
12:00:00,2224,99.8,100.0,2023-11-17,15.0,3.24,5.2
04:00:00,1112,100.8,99.6,2023-11-20,15.0,3.24,5.2
08:00:00,1930,99.8,100.2,2023-11-20,15.0,3.24,5.2
12:00:00,2119,100.6,100.8,2023-11-20,15.0,3.24,5.2
04:00:00,1365,100.2,100.0,2023-11-21,15.0,3.24,5.2
08:00:00,9390,100.0,99.8,2023-11-21,15.0,3.24,5.2
12:00:00,556,100.0,100.0,2023-11-21,15.0,3.24,5.2
04:00:00,2080,100.0,100.8,2023-11-22,15.0,3.24,5.2
08:00:00,4568,100.4,99.8,2023-11-22,15.0,3.24,5.2
12:00:00,1621,99.8,99.6,2023-11-22,15.0,3.24,5.2
04:00:00,2319,99.6,99.8,2023-11-23,15.0,3.24,5.2
08:00:00,523,99.8,99.4,2023-11-23,15.0,3.24,5.2
12:00:00,579,99.4,99.4,2023-11-23,15.0,3.24,5.2
04:00:00,395,99.4,99.6,2023-11-24,15.0,3.24,5.2
08:00:00,1392,99.2,99.0,2023-11-24,15.0,3.24,5.2
12:00:00,2761,99.2,98.8,2023-11-24,15.0,3.24,5.2
04:00:00,837,99.0,98.4,2023-11-27,15.0,3.24,5.2
08:00:00,1429,98.4,98.0,2023-11-27,15.0,3.24,5.2
12:00:00,3164,98.6,98.2,2023-11-27,15.0,3.24,5.2
04:00:00,2272,98.4,97.2,2023-11-28,15.0,3.24,5.2
08:00:00,1390,97.8,98.4,2023-11-28,15.0,3.24,5.2
12:00:00,2283,98.2,98.0,2023-11-28,15.0,3.24,5.2
04:00:00,917,97.4,98.0,2023-11-29,15.0,3.24,5.0
08:00:00,1082,97.8,98.0,2023-11-29,15.0,3.24,5.0
12:00:00,440,97.6,97.8,2023-11-29,15.0,3.24,5.0
04:00:00,714,97.8,97.2,2023-11-30,15.0,4.3,5.0
08:00:00,3758,97.4,97.8,2023-11-30,15.0,4.3,5.0
12:00:00,593,97.8,97.2,2023-11-30,15.0,4.3,5.0
04:00:00,568,97.6,97.6,2023-12-01,15.0,4.3,5.0
08:00:00,1181,97.6,97.6,2023-12-01,15.0,4.3,5.0
12:00:00,3128,97.6,97.0,2023-12-01,15.0,4.3,5.0
04:00:00,3858,97.0,95.0,2023-12-04,15.0,4.3,5.0
08:00:00,2624,95.0,94.2,2023-12-04,15.0,4.3,5.0
12:00:00,5337,94.4,93.0,2023-12-04,15.0,4.3,5.0
04:00:00,3782,93.0,92.6,2023-12-05,15.0,4.3,5.0
08:00:00,4223,92.6,92.0,2023-12-05,15.0,4.3,5.0
12:00:00,1058,92.0,93.8,2023-12-05,15.0,4.3,5.0
04:00:00,936,92.6,93.6,2023-12-06,15.0,4.3,5.0
08:00:00,1311,93.2,92.8,2023-12-06,15.0,4.3,5.0
12:00:00,1705,92.8,93.6,2023-12-06,15.0,4.3,5.0
04:00:00,1129,92.8,92.4,2023-12-07,15.0,4.3,5.0
08:00:00,3191,92.4,92.8,2023-12-07,15.0,4.3,5.0
12:00:00,566,92.8,92.8,2023-12-07,15.0,4.3,5.0
04:00:00,758,92.8,94.4,2023-12-08,15.0,4.3,5.0
08:00:00,1959,94.4,95.0,2023-12-08,15.0,4.3,5.0
12:00:00,924,95.4,94.4,2023-12-08,15.0,4.3,5.0
04:00:00,635,94.4,93.0,2023-12-11,15.0,4.3,5.0
08:00:00,413,93.2,93.4,2023-12-11,15.0,4.3,5.0
12:00:00,2690,93.2,92.8,2023-12-11,15.0,4.3,5.0
04:00:00,163,93.2,93.0,2023-12-12,15.0,4.3,5.0
08:00:00,4528,92.4,91.4,2023-12-12,15.0,4.3,5.0
12:00:00,2445,91.6,91.8,2023-12-12,15.0,4.3,5.0
04:00:00,979,91.4,91.6,2023-12-13,15.0,4.3,5.0
08:00:00,2099,91.6,92.2,2023-12-13,15.0,4.3,5.0
12:00:00,1201,92.6,92.0,2023-12-13,15.0,4.3,5.0
04:00:00,123,92.0,92.2,2023-12-14,15.0,4.3,5.0
08:00:00,1547,92.2,92.4,2023-12-14,15.0,4.3,5.0
12:00:00,2416,92.6,93.6,2023-12-14,15.0,4.3,5.0
04:00:00,215,93.2,93.0,2023-12-15,15.0,4.3,5.0
08:00:00,1470,93.2,93.8,2023-12-15,15.0,4.3,5.0
12:00:00,4428,93.8,94.0,2023-12-15,15.0,4.3,5.0
04:00:00,1075,94.8,95.6,2023-12-18,16.0,4.3,5.0
08:00:00,2339,95.6,94.2,2023-12-18,16.0,4.3,5.0
12:00:00,3712,94.4,95.6,2023-12-18,16.0,4.3,5.0
04:00:00,706,95.6,94.8,2023-12-19,16.0,4.3,5.0
08:00:00,3162,94.8,94.0,2023-12-19,16.0,4.3,5.0
12:00:00,853,93.8,94.2,2023-12-19,16.0,4.3,5.0
04:00:00,1613,94.6,94.8,2023-12-20,16.0,4.3,5.0
08:00:00,4615,94.8,96.0,2023-12-20,16.0,4.3,5.0
12:00:00,2048,96.0,95.4,2023-12-20,16.0,4.3,5.0
04:00:00,1049,95.4,94.8,2023-12-21,16.0,4.3,5.0
08:00:00,2207,94.8,94.2,2023-12-21,16.0,4.3,5.0
12:00:00,3427,94.0,93.6,2023-12-21,16.0,4.3,5.0
04:00:00,683,93.6,94.0,2023-12-22,16.0,4.3,5.0
08:00:00,1460,94.0,93.8,2023-12-22,16.0,4.3,5.0
12:00:00,3050,94.0,94.4,2023-12-22,16.0,4.3,5.0
04:00:00,76460,99.6,103.2,2023-12-25,16.0,4.3,5.0
08:00:00,33124,103.2,99.8,2023-12-25,16.0,4.3,5.0
12:00:00,24155,100.0,98.8,2023-12-25,16.0,4.3,5.0
04:00:00,11428,97.0,96.8,2023-12-26,16.0,4.3,5.0
08:00:00,8923,97.0,97.6,2023-12-26,16.0,4.3,5.0
12:00:00,5358,97.8,97.8,2023-12-26,16.0,4.3,5.0
04:00:00,5918,97.6,95.6,2023-12-27,16.0,4.3,4.4
08:00:00,14889,95.8,96.0,2023-12-27,16.0,4.3,4.4
12:00:00,20066,95.8,99.0,2023-12-27,16.0,4.3,4.4
04:00:00,3313,99.0,99.2,2023-12-28,16.0,4.3,4.4
08:00:00,4660,99.6,99.0,2023-12-28,16.0,4.3,4.4
12:00:00,1681,99.0,99.0,2023-12-28,16.0,4.3,4.4
04:00:00,2600,98.6,98.2,2023-12-29,16.0,4.3,4.4
08:00:00,6600,98.4,97.4,2023-12-29,16.0,4.3,4.4
12:00:00,11765,97.8,102.0,2023-12-29,16.0,4.3,4.4
04:00:00,3998,102.0,101.2,2024-01-03,16.0,5.13,4.4
08:00:00,5230,101.2,101.8,2024-01-03,16.0,5.13,4.4
12:00:00,993,101.4,101.0,2024-01-03,16.0,5.13,4.4
04:00:00,2841,101.2,101.8,2024-01-04,16.0,5.13,4.4
08:00:00,3190,101.6,101.0,2024-01-04,16.0,5.13,4.4
12:00:00,3395,101.2,100.4,2024-01-04,16.0,5.13,4.4
04:00:00,1766,100.4,101.2,2024-01-05,16.0,5.13,4.4
08:00:00,1193,101.0,100.4,2024-01-05,16.0,5.13,4.4
12:00:00,1389,100.4,100.0,2024-01-05,16.0,5.13,4.4
04:00:00,1885,100.2,101.4,2024-01-08,16.0,5.13,4.4
08:00:00,7973,101.4,101.4,2024-01-08,16.0,5.13,4.4
12:00:00,6720,101.4,101.8,2024-01-08,16.0,5.13,4.4
04:00:00,3152,101.8,101.8,2024-01-09,16.0,5.13,4.4
08:00:00,8115,102.2,101.2,2024-01-09,16.0,5.13,4.4
12:00:00,2524,101.4,102.0,2024-01-09,16.0,5.13,4.4
04:00:00,3333,102.6,102.4,2024-01-10,16.0,5.13,4.4
08:00:00,21733,102.4,104.6,2024-01-10,16.0,5.13,4.4
12:00:00,4326,104.6,104.0,2024-01-10,16.0,5.13,4.4
04:00:00,2664,104.0,104.0,2024-01-11,16.0,5.13,4.4
08:00:00,7595,104.0,103.8,2024-01-11,16.0,5.13,4.4
12:00:00,3549,103.8,104.2,2024-01-11,16.0,5.13,4.4
04:00:00,2047,104.2,104.6,2024-01-12,16.0,5.13,4.4
08:00:00,7163,104.6,104.2,2024-01-12,16.0,5.13,4.4
12:00:00,5796,104.2,104.2,2024-01-12,16.0,5.13,4.4
04:00:00,14831,103.6,107.2,2024-01-15,16.0,5.13,4.4
08:00:00,10648,107.2,105.6,2024-01-15,16.0,5.13,4.4
12:00:00,4778,105.4,105.8,2024-01-15,16.0,5.13,4.4
04:00:00,4719,105.4,103.8,2024-01-16,16.0,5.13,4.4
08:00:00,10582,103.8,104.2,2024-01-16,16.0,5.13,4.4
12:00:00,5245,104.2,103.0,2024-01-16,16.0,5.13,4.4
04:00:00,2153,103.0,103.2,2024-01-17,16.0,5.13,4.4
08:00:00,1996,103.2,103.2,2024-01-17,16.0,5.13,4.4
12:00:00,6670,103.2,102.8,2024-01-17,16.0,5.13,4.4
04:00:00,4005,102.4,103.2,2024-01-18,16.0,5.13,4.4
08:00:00,2865,103.0,102.6,2024-01-18,16.0,5.13,4.4
12:00:00,4236,102.4,102.2,2024-01-18,16.0,5.13,4.4
04:00:00,1267,102.0,102.2,2024-01-19,16.0,5.13,4.4
08:00:00,1791,102.2,101.6,2024-01-19,16.0,5.13,4.4
12:00:00,912,102.0,101.8,2024-01-19,16.0,5.13,4.4
04:00:00,3679,102.2,104.4,2024-01-22,16.0,5.13,4.4
08:00:00,4684,104.2,103.0,2024-01-22,16.0,5.13,4.4
12:00:00,1217,103.2,102.4,2024-01-22,16.0,5.13,4.4
04:00:00,549,102.4,102.6,2024-01-23,16.0,5.13,4.4
08:00:00,1843,102.6,102.4,2024-01-23,16.0,5.13,4.4
12:00:00,1114,102.4,103.2,2024-01-23,16.0,5.13,4.4
04:00:00,3720,103.0,104.2,2024-01-24,16.0,5.13,4.4
08:00:00,4492,104.4,103.2,2024-01-24,16.0,5.13,4.4
12:00:00,2216,103.0,102.2,2024-01-24,16.0,5.13,4.4
04:00:00,1868,102.4,101.8,2024-01-25,16.0,5.13,4.4
08:00:00,4318,101.8,102.6,2024-01-25,16.0,5.13,4.4
12:00:00,3377,102.6,103.8,2024-01-25,16.0,5.13,4.4
04:00:00,370,103.6,103.4,2024-01-26,16.0,5.13,4.4
08:00:00,2607,103.4,103.0,2024-01-26,16.0,5.13,4.4
12:00:00,1366,102.8,103.2,2024-01-26,16.0,5.13,4.4
04:00:00,717,103.4,102.6,2024-01-29,16.0,5.13,4.4
08:00:00,1229,102.6,103.0,2024-01-29,16.0,5.13,4.4
12:00:00,3140,102.8,101.8,2024-01-29,16.0,5.13,4.4
04:00:00,2359,102.0,101.4,2024-01-30,16.0,5.13,4.4
08:00:00,9681,101.6,101.6,2024-01-30,16.0,5.13,4.4
12:00:00,1169,101.4,101.4,2024-01-30,16.0,5.13,4.4
04:00:00,725,101.4,101.4,2024-01-31,16.0,6.0,4.4
08:00:00,4324,101.0,101.8,2024-01-31,16.0,6.0,4.4
12:00:00,1743,102.0,101.8,2024-01-31,16.0,6.0,4.4
04:00:00,1695,101.8,102.2,2024-02-01,16.0,6.0,4.4
08:00:00,6160,102.0,104.6,2024-02-01,16.0,6.0,4.4
12:00:00,4955,104.4,104.6,2024-02-01,16.0,6.0,4.4
04:00:00,3875,105.0,102.8,2024-02-02,16.0,6.0,4.4
08:00:00,3289,103.0,102.8,2024-02-02,16.0,6.0,4.4
12:00:00,1266,102.8,103.4,2024-02-02,16.0,6.0,4.4
04:00:00,1655,103.0,102.6,2024-02-05,16.0,6.0,4.4
08:00:00,3831,102.6,103.0,2024-02-05,16.0,6.0,4.4
12:00:00,2356,103.0,103.0,2024-02-05,16.0,6.0,4.4
04:00:00,1304,103.2,103.2,2024-02-06,16.0,6.0,4.4
08:00:00,2179,103.2,103.2,2024-02-06,16.0,6.0,4.4
12:00:00,4634,102.8,103.6,2024-02-06,16.0,6.0,4.4
04:00:00,235,103.2,103.6,2024-02-07,16.0,6.0,4.4
08:00:00,1555,103.8,103.8,2024-02-07,16.0,6.0,4.4
12:00:00,10921,104.2,106.0,2024-02-07,16.0,6.0,4.4
04:00:00,2379,105.6,105.4,2024-02-08,16.0,6.0,4.4
08:00:00,7298,105.2,106.4,2024-02-08,16.0,6.0,4.4
12:00:00,1649,106.0,105.4,2024-02-08,16.0,6.0,4.4
04:00:00,6483,105.4,103.2,2024-02-09,16.0,6.0,4.4
08:00:00,1452,103.4,104.2,2024-02-09,16.0,6.0,4.4
12:00:00,1856,104.4,104.4,2024-02-09,16.0,6.0,4.4
04:00:00,1972,105.0,103.8,2024-02-12,16.0,6.0,4.4
08:00:00,3407,104.2,103.8,2024-02-12,16.0,6.0,4.4
12:00:00,4389,103.8,104.2,2024-02-12,16.0,6.0,4.4
04:00:00,261,104.2,104.4,2024-02-13,16.0,6.0,4.4
08:00:00,343,104.4,104.4,2024-02-13,16.0,6.0,4.4
12:00:00,1269,104.4,104.4,2024-02-13,16.0,6.0,4.4
04:00:00,1977,104.4,104.8,2024-02-14,16.0,6.0,4.4
08:00:00,3283,104.4,105.4,2024-02-14,16.0,6.0,4.4
12:00:00,4319,105.4,105.6,2024-02-14,16.0,6.0,4.4
04:00:00,1922,105.8,105.4,2024-02-15,16.0,6.0,4.4
08:00:00,3438,105.4,105.2,2024-02-15,16.0,6.0,4.4
12:00:00,2136,105.2,105.2,2024-02-15,16.0,6.0,4.4
04:00:00,2874,105.2,105.0,2024-02-16,16.0,6.0,4.4
08:00:00,31016,105.0,110.4,2024-02-16,16.0,6.0,4.4
12:00:00,33236,110.6,111.2,2024-02-16,16.0,6.0,4.4
04:00:00,29063,112.0,114.6,2024-02-19,16.0,6.0,4.4
08:00:00,43182,114.4,116.2,2024-02-19,16.0,6.0,4.4
12:00:00,33846,116.4,111.8,2024-02-19,16.0,6.0,4.4
04:00:00,6764,112.0,110.0,2024-02-20,16.0,6.0,4.4
08:00:00,22832,110.0,107.4,2024-02-20,16.0,6.0,4.4
12:00:00,13462,107.6,107.8,2024-02-20,16.0,6.0,4.4
04:00:00,8253,106.8,105.6,2024-02-21,16.0,6.0,4.4
08:00:00,10482,105.6,103.0,2024-02-21,16.0,6.0,4.4
12:00:00,15029,103.4,101.4,2024-02-21,16.0,6.0,4.4
04:00:00,2612,102.0,102.6,2024-02-22,16.0,6.0,4.4
08:00:00,16883,102.6,101.4,2024-02-22,16.0,6.0,4.4
12:00:00,6703,101.4,100.2,2024-02-22,16.0,6.0,4.4
04:00:00,5159,101.0,101.6,2024-02-26,16.0,6.0,4.4
08:00:00,5433,101.8,102.0,2024-02-26,16.0,6.0,4.4
12:00:00,7167,101.8,103.4,2024-02-26,16.0,6.0,4.4
04:00:00,7364,104.0,102.2,2024-02-27,16.0,6.0,4.4
08:00:00,2856,102.0,102.2,2024-02-27,16.0,6.0,4.4
12:00:00,1678,102.2,102.0,2024-02-27,16.0,6.0,4.4
04:00:00,2767,102.4,102.6,2024-02-28,16.0,6.0,4.6
08:00:00,4513,102.8,103.2,2024-02-28,16.0,6.0,4.6
12:00:00,3632,103.4,103.0,2024-02-28,16.0,6.0,4.6
04:00:00,583,103.0,103.0,2024-02-29,16.0,6.68,4.6
08:00:00,3806,103.0,103.4,2024-02-29,16.0,6.68,4.6
12:00:00,2852,103.4,103.2,2024-02-29,16.0,6.68,4.6
04:00:00,2001,103.4,103.6,2024-03-01,16.0,6.68,4.6
08:00:00,5093,103.6,102.6,2024-03-01,16.0,6.68,4.6
12:00:00,2606,102.6,103.6,2024-03-01,16.0,6.68,4.6
04:00:00,1354,103.4,103.4,2024-03-04,16.0,6.68,4.6
08:00:00,6550,103.6,104.4,2024-03-04,16.0,6.68,4.6
12:00:00,2704,104.4,104.4,2024-03-04,16.0,6.68,4.6
04:00:00,1662,104.2,104.2,2024-03-05,16.0,6.68,4.6
08:00:00,2829,104.2,104.6,2024-03-05,16.0,6.68,4.6
12:00:00,7354,104.6,105.0,2024-03-05,16.0,6.68,4.6
04:00:00,1049,105.0,104.4,2024-03-06,16.0,6.68,4.6
08:00:00,1116,104.6,105.0,2024-03-06,16.0,6.68,4.6
12:00:00,2872,105.0,105.0,2024-03-06,16.0,6.68,4.6
04:00:00,476,104.8,105.0,2024-03-07,16.0,6.68,4.6
08:00:00,3751,105.2,104.4,2024-03-07,16.0,6.68,4.6
12:00:00,2262,104.4,104.4,2024-03-07,16.0,6.68,4.6
04:00:00,2473,104.2,105.2,2024-03-11,16.0,6.68,4.6
08:00:00,1058,105.0,104.8,2024-03-11,16.0,6.68,4.6
12:00:00,4126,104.8,104.2,2024-03-11,16.0,6.68,4.6
04:00:00,3586,104.4,105.6,2024-03-12,16.0,6.68,4.6
08:00:00,9176,105.8,105.6,2024-03-12,16.0,6.68,4.6
12:00:00,2434,105.8,106.6,2024-03-12,16.0,6.68,4.6
04:00:00,1020,107.4,106.4,2024-03-13,16.0,6.68,4.6
08:00:00,4303,106.6,107.6,2024-03-13,16.0,6.68,4.6
12:00:00,5291,107.6,106.0,2024-03-13,16.0,6.68,4.6
04:00:00,2368,106.6,105.4,2024-03-14,16.0,6.68,4.6
08:00:00,74627,105.2,113.8,2024-03-14,16.0,6.68,4.6
12:00:00,142429,113.2,129.4,2024-03-14,16.0,6.68,4.6
04:00:00,85325,142.0,142.0,2024-03-15,16.0,6.68,4.6
08:00:00,306853,142.0,129.2,2024-03-15,16.0,6.68,4.6
12:00:00,98470,129.6,126.0,2024-03-15,16.0,6.68,4.6
04:00:00,142917,128.4,136.4,2024-03-18,16.0,6.68,4.6
08:00:00,226233,136.4,138.4,2024-03-18,16.0,6.68,4.6
12:00:00,91553,138.2,138.4,2024-03-18,16.0,6.68,4.6
04:00:00,162630,142.0,142.6,2024-03-19,16.0,6.68,4.6
08:00:00,127845,142.6,146.2,2024-03-19,16.0,6.68,4.6
12:00:00,120743,146.0,141.0,2024-03-19,16.0,6.68,4.6
04:00:00,38950,141.4,139.6,2024-03-20,16.0,6.68,4.6
08:00:00,548743,139.8,142.8,2024-03-20,16.0,6.68,4.6
12:00:00,392275,142.8,135.2,2024-03-20,16.0,6.68,4.6
04:00:00,61622,135.8,131.4,2024-03-21,16.0,6.68,4.6
08:00:00,70075,131.2,129.0,2024-03-21,16.0,6.68,4.6
12:00:00,79585,128.4,127.0,2024-03-21,16.0,6.68,4.6
04:00:00,45165,125.8,123.4,2024-03-22,16.0,6.68,4.6
08:00:00,90910,123.6,120.2,2024-03-22,16.0,6.68,4.6
12:00:00,74961,120.8,118.6,2024-03-22,16.0,6.68,4.6
04:00:00,25433,118.0,118.8,2024-03-25,16.0,6.68,4.6
08:00:00,25226,118.8,118.6,2024-03-25,16.0,6.68,4.6
12:00:00,39645,118.2,118.4,2024-03-25,16.0,6.68,4.6
04:00:00,36076,119.4,120.8,2024-03-26,16.0,6.68,4.6
08:00:00,29074,120.8,119.8,2024-03-26,16.0,6.68,4.6
12:00:00,7175,119.4,120.4,2024-03-26,16.0,6.68,4.6
04:00:00,8777,121.0,119.8,2024-03-27,16.0,6.68,4.6
08:00:00,33267,119.8,117.4,2024-03-27,16.0,6.68,4.6
12:00:00,18446,117.4,117.2,2024-03-27,16.0,6.68,4.6
04:00:00,14871,118.0,118.6,2024-03-28,16.0,6.68,4.6
08:00:00,12886,118.6,118.2,2024-03-28,16.0,6.68,4.6
12:00:00,22082,118.2,116.2,2024-03-28,16.0,6.68,4.6
04:00:00,11271,116.6,116.4,2024-03-29,16.0,6.68,4.6
08:00:00,30391,116.4,116.6,2024-03-29,16.0,6.68,4.6
12:00:00,25463,116.4,118.8,2024-03-29,16.0,6.68,4.6
04:00:00,23542,118.8,121.4,2024-04-01,16.0,7.47,4.6
08:00:00,42883,121.6,124.0,2024-04-01,16.0,7.47,4.6
12:00:00,32818,124.0,124.6,2024-04-01,16.0,7.47,4.6
04:00:00,9897,124.6,124.0,2024-04-02,16.0,7.47,4.6
08:00:00,20044,124.0,122.0,2024-04-02,16.0,7.47,4.6
12:00:00,10562,122.0,123.0,2024-04-02,16.0,7.47,4.6
04:00:00,5568,123.4,122.4,2024-04-03,16.0,7.47,7.7
08:00:00,6052,122.6,122.4,2024-04-03,16.0,7.47,7.7
12:00:00,13887,122.0,121.0,2024-04-03,16.0,7.47,7.7
04:00:00,6300,121.0,121.6,2024-04-04,16.0,7.47,7.7
08:00:00,9776,122.0,121.8,2024-04-04,16.0,7.47,7.7
12:00:00,5591,121.8,122.8,2024-04-04,16.0,7.47,7.7
04:00:00,3831,123.4,122.6,2024-04-05,16.0,7.47,7.7
08:00:00,3032,122.2,122.0,2024-04-05,16.0,7.47,7.7
12:00:00,8034,121.8,122.8,2024-04-05,16.0,7.47,7.7
04:00:00,1766,122.8,122.6,2024-04-08,16.0,7.47,7.7
08:00:00,14007,122.6,123.4,2024-04-08,16.0,7.47,7.7
12:00:00,7281,123.8,122.6,2024-04-08,16.0,7.47,7.7
04:00:00,74593,124.6,129.2,2024-04-09,16.0,7.47,7.7
08:00:00,171918,129.2,130.0,2024-04-09,16.0,7.47,7.7
12:00:00,60542,129.8,126.0,2024-04-09,16.0,7.47,7.7
04:00:00,16525,127.0,124.6,2024-04-10,16.0,7.47,7.7
08:00:00,13664,124.6,125.2,2024-04-10,16.0,7.47,7.7
12:00:00,37607,125.2,121.8,2024-04-10,16.0,7.47,7.7
04:00:00,12153,121.4,122.0,2024-04-11,16.0,7.47,7.7
08:00:00,18139,122.0,120.8,2024-04-11,16.0,7.47,7.7
12:00:00,16713,120.8,121.2,2024-04-11,16.0,7.47,7.7
04:00:00,5095,122.0,120.6,2024-04-12,16.0,7.47,7.7
08:00:00,9071,120.2,121.4,2024-04-12,16.0,7.47,7.7
12:00:00,11339,121.4,120.2,2024-04-12,16.0,7.47,7.7
04:00:00,3799,121.0,120.4,2024-04-15,16.0,7.47,7.7
08:00:00,12070,120.2,120.4,2024-04-15,16.0,7.47,7.7
12:00:00,9345,120.4,120.0,2024-04-15,16.0,7.47,7.7
04:00:00,5046,119.8,119.4,2024-04-16,16.0,7.47,7.7
08:00:00,14793,119.6,120.8,2024-04-16,16.0,7.47,7.7
12:00:00,15021,120.8,125.2,2024-04-16,16.0,7.47,7.7
04:00:00,7582,125.4,123.8,2024-04-17,16.0,7.47,7.7
08:00:00,6682,123.4,121.8,2024-04-17,16.0,7.47,7.7
12:00:00,9808,121.6,123.2,2024-04-17,16.0,7.47,7.7
04:00:00,10305,123.6,121.2,2024-04-18,16.0,7.47,7.7
08:00:00,4665,121.0,121.2,2024-04-18,16.0,7.47,7.7
12:00:00,6166,121.2,121.8,2024-04-18,16.0,7.47,7.7
04:00:00,4028,121.8,121.8,2024-04-19,16.0,7.47,7.7
08:00:00,7105,121.8,121.8,2024-04-19,16.0,7.47,7.7
12:00:00,7249,121.4,121.2,2024-04-19,16.0,7.47,7.7
04:00:00,3009,121.0,122.0,2024-04-22,16.0,7.47,7.7
08:00:00,8723,122.0,122.8,2024-04-22,16.0,7.47,7.7
12:00:00,3798,122.6,122.6,2024-04-22,16.0,7.47,7.7
04:00:00,39284,122.8,124.8,2024-04-23,16.0,7.47,7.7
08:00:00,26096,124.6,125.8,2024-04-23,16.0,7.47,7.7
12:00:00,32381,125.6,127.6,2024-04-23,16.0,7.47,7.7
04:00:00,114310,128.0,133.8,2024-04-24,16.0,7.47,7.7
08:00:00,76781,134.0,130.8,2024-04-24,16.0,7.47,7.7
12:00:00,67533,130.6,125.0,2024-04-24,16.0,7.47,7.7
04:00:00,57425,126.4,129.2,2024-04-25,16.0,7.47,7.7
08:00:00,62972,129.2,130.8,2024-04-25,16.0,7.47,7.7
12:00:00,38632,130.8,128.8,2024-04-25,16.0,7.47,7.7
04:00:00,18785,129.8,130.8,2024-04-26,16.0,7.47,7.7
08:00:00,17630,130.4,128.2,2024-04-26,16.0,7.47,7.7
12:00:00,12599,127.8,128.4,2024-04-26,16.0,7.47,7.7
04:00:00,11131,129.0,127.4,2024-04-27,16.0,7.47,4.2
08:00:00,4633,127.4,128.0,2024-04-27,16.0,7.47,4.2
12:00:00,7863,128.0,127.2,2024-04-27,16.0,7.47,4.2
04:00:00,1970,128.6,127.8,2024-04-29,16.0,7.47,4.2
08:00:00,8866,127.8,127.0,2024-04-29,16.0,7.47,4.2
12:00:00,9606,126.6,127.0,2024-04-29,16.0,7.47,4.2
04:00:00,5092,127.8,126.4,2024-04-30,16.0,7.42,4.2
08:00:00,3939,126.4,126.2,2024-04-30,16.0,7.42,4.2
12:00:00,4309,126.2,127.2,2024-04-30,16.0,7.42,4.2
04:00:00,2895,127.8,126.8,2024-05-02,16.0,7.42,4.2
08:00:00,5515,127.2,127.8,2024-05-02,16.0,7.42,4.2
12:00:00,11992,128.0,128.0,2024-05-02,16.0,7.42,4.2
04:00:00,3297,128.2,127.4,2024-05-03,16.0,7.42,4.2
08:00:00,17154,127.4,125.8,2024-05-03,16.0,7.42,4.2
12:00:00,5078,125.8,126.6,2024-05-03,16.0,7.42,4.2
04:00:00,4168,126.6,125.8,2024-05-06,16.0,7.42,4.2
08:00:00,11503,126.4,127.8,2024-05-06,16.0,7.42,4.2
12:00:00,11696,127.8,126.0,2024-05-06,16.0,7.42,4.2
04:00:00,7714,126.0,125.0,2024-05-07,16.0,7.42,4.2
08:00:00,8891,125.0,124.6,2024-05-07,16.0,7.42,4.2
12:00:00,7368,124.6,125.6,2024-05-07,16.0,7.42,4.2
04:00:00,8472,126.0,125.6,2024-05-08,16.0,7.42,4.2
08:00:00,7251,125.6,126.6,2024-05-08,16.0,7.42,4.2
12:00:00,33750,126.4,127.6,2024-05-08,16.0,7.42,4.2
04:00:00,5439,129.0,126.4,2024-05-10,16.0,7.42,4.2
08:00:00,4954,126.4,127.0,2024-05-10,16.0,7.42,4.2
12:00:00,2654,127.2,126.8,2024-05-10,16.0,7.42,4.2
04:00:00,4991,127.2,125.8,2024-05-13,16.0,7.42,4.2
08:00:00,15898,126.0,125.6,2024-05-13,16.0,7.42,4.2
12:00:00,7693,125.6,126.6,2024-05-13,16.0,7.42,4.2
04:00:00,1535,126.6,126.2,2024-05-14,16.0,7.42,4.2
08:00:00,7422,126.0,124.6,2024-05-14,16.0,7.42,4.2
12:00:00,12547,124.8,124.0,2024-05-14,16.0,7.42,4.2
04:00:00,3352,124.0,123.4,2024-05-15,16.0,7.42,4.2
08:00:00,7796,123.4,124.0,2024-05-15,16.0,7.42,4.2
12:00:00,14152,124.4,122.4,2024-05-15,16.0,7.42,4.2
04:00:00,7419,122.4,123.2,2024-05-16,16.0,7.42,4.2
08:00:00,5105,123.6,123.2,2024-05-16,16.0,7.42,4.2
12:00:00,3505,123.2,122.6,2024-05-16,16.0,7.42,4.2
04:00:00,4984,122.2,123.4,2024-05-17,16.0,7.42,4.2
08:00:00,3411,123.4,122.6,2024-05-17,16.0,7.42,4.2
12:00:00,17857,122.6,120.2,2024-05-17,16.0,7.42,4.2
04:00:00,7902,120.8,118.2,2024-05-20,16.0,7.42,4.2
08:00:00,18513,118.2,119.0,2024-05-20,16.0,7.42,4.2
12:00:00,2273,119.4,119.8,2024-05-20,16.0,7.42,4.2
04:00:00,2230,118.4,118.4,2024-05-21,16.0,7.42,4.2
08:00:00,7994,118.4,119.2,2024-05-21,16.0,7.42,4.2
12:00:00,4723,118.8,120.2,2024-05-21,16.0,7.42,4.2
04:00:00,980,120.2,120.0,2024-05-22,16.0,7.42,4.2
08:00:00,3094,119.6,119.4,2024-05-22,16.0,7.42,4.2
12:00:00,573,119.4,119.4,2024-05-22,16.0,7.42,4.2
04:00:00,1871,119.6,119.4,2024-05-23,16.0,7.42,4.2
08:00:00,3183,119.4,119.4,2024-05-23,16.0,7.42,4.2
12:00:00,4297,119.4,121.2,2024-05-23,16.0,7.42,4.2
04:00:00,4256,121.2,118.6,2024-05-24,16.0,7.42,4.2
08:00:00,22132,119.0,117.6,2024-05-24,16.0,7.42,4.2
12:00:00,10033,117.6,118.0,2024-05-24,16.0,7.42,4.2
04:00:00,4921,117.4,115.0,2024-05-27,16.0,7.42,4.2
08:00:00,14932,115.2,114.2,2024-05-27,16.0,7.42,4.2
12:00:00,7081,114.4,114.0,2024-05-27,16.0,7.42,4.2
04:00:00,5292,114.2,115.0,2024-05-28,16.0,7.42,4.2
08:00:00,5176,115.2,116.0,2024-05-28,16.0,7.42,4.2
12:00:00,2134,116.0,114.8,2024-05-28,16.0,7.42,4.2
04:00:00,2162,114.4,113.4,2024-05-29,16.0,7.42,4.2
08:00:00,2290,113.6,114.0,2024-05-29,16.0,7.42,4.2
12:00:00,88346,113.8,117.2,2024-05-29,16.0,7.42,4.2
04:00:00,35088,119.4,116.6,2024-05-30,16.0,7.42,4.2
08:00:00,20636,116.6,115.8,2024-05-30,16.0,7.42,4.2
12:00:00,10304,115.8,114.8,2024-05-30,16.0,7.42,4.2
04:00:00,15678,114.4,111.8,2024-05-31,16.0,7.42,4.2
08:00:00,5673,111.8,113.4,2024-05-31,16.0,7.42,4.2
12:00:00,7481,113.4,113.2,2024-05-31,16.0,7.42,4.2
04:00:00,1487,114.4,113.0,2024-06-03,16.0,7.42,4.2
08:00:00,19335,113.0,108.2,2024-06-03,16.0,7.42,4.2
12:00:00,12585,108.2,110.8,2024-06-03,16.0,7.42,4.2
04:00:00,3599,111.0,112.6,2024-06-04,16.0,7.42,4.2
08:00:00,1509,112.6,113.0,2024-06-04,16.0,7.42,4.2
12:00:00,7006,113.0,113.2,2024-06-04,16.0,7.42,4.2
04:00:00,4372,112.0,112.8,2024-06-05,16.0,7.42,4.4
08:00:00,10007,113.2,114.0,2024-06-05,16.0,7.42,4.4
12:00:00,2291,113.6,113.0,2024-06-05,16.0,7.42,4.4
04:00:00,1981,113.0,112.2,2024-06-06,16.0,7.42,4.4
08:00:00,1384,112.2,111.0,2024-06-06,16.0,7.42,4.4
12:00:00,2333,111.6,112.0,2024-06-06,16.0,7.42,4.4
04:00:00,1117,111.4,111.8,2024-06-07,16.0,7.42,4.4
08:00:00,5884,112.0,112.8,2024-06-07,16.0,7.42,4.4
12:00:00,2137,112.2,112.0,2024-06-07,16.0,7.42,4.4
04:00:00,1816,111.8,112.6,2024-06-10,16.0,7.42,4.4
08:00:00,4570,112.6,111.6,2024-06-10,16.0,7.42,4.4
12:00:00,4014,111.6,110.4,2024-06-10,16.0,7.42,4.4
04:00:00,1485,110.4,110.0,2024-06-11,16.0,7.42,4.4
08:00:00,10404,109.8,110.2,2024-06-11,16.0,7.42,4.4
12:00:00,542,110.2,110.0,2024-06-11,16.0,7.42,4.4
04:00:00,7778,107.4,107.8,2024-06-13,16.0,7.42,4.4
08:00:00,1823,108.0,108.6,2024-06-13,16.0,7.42,4.4
12:00:00,3003,108.8,108.8,2024-06-13,16.0,7.42,4.4
04:00:00,2003,109.2,109.2,2024-06-14,16.0,7.42,4.4
08:00:00,4808,109.8,109.6,2024-06-14,16.0,7.42,4.4
12:00:00,2742,109.6,109.6,2024-06-14,16.0,7.42,4.4
04:00:00,1069,109.8,110.0,2024-06-17,16.0,7.42,4.4
08:00:00,1624,110.0,109.0,2024-06-17,16.0,7.42,4.4
12:00:00,3882,109.2,109.0,2024-06-17,16.0,7.42,4.4
04:00:00,1647,108.6,108.6,2024-06-18,16.0,7.42,4.4
08:00:00,1397,108.4,107.8,2024-06-18,16.0,7.42,4.4
12:00:00,3384,108.4,107.2,2024-06-18,16.0,7.42,4.4
04:00:00,3820,107.2,106.2,2024-06-19,16.0,7.42,4.4
08:00:00,3218,106.0,105.8,2024-06-19,16.0,7.42,4.4
12:00:00,5313,105.6,104.6,2024-06-19,16.0,7.42,4.4
04:00:00,2527,105.0,106.6,2024-06-20,16.0,7.42,4.4
08:00:00,9507,107.4,104.8,2024-06-20,16.0,7.42,4.4
12:00:00,10336,104.8,108.0,2024-06-20,16.0,7.42,4.4
04:00:00,1497,108.0,107.6,2024-06-21,16.0,7.42,4.4
08:00:00,3663,107.2,106.2,2024-06-21,16.0,7.42,4.4
12:00:00,1538,106.4,106.2,2024-06-21,16.0,7.42,4.4
04:00:00,301,107.8,107.0,2024-06-24,16.0,7.42,4.4
08:00:00,831,106.8,106.2,2024-06-24,16.0,7.42,4.4
12:00:00,488,106.4,105.8,2024-06-24,16.0,7.42,4.4
04:00:00,682,105.6,105.4,2024-06-25,16.0,7.42,4.4
08:00:00,1480,106.0,105.6,2024-06-25,16.0,7.42,4.4
12:00:00,4383,105.8,105.8,2024-06-25,16.0,7.42,4.4
04:00:00,441,105.8,105.6,2024-06-26,16.0,7.42,4.4
08:00:00,12403,105.6,106.8,2024-06-26,16.0,7.42,4.4
12:00:00,8593,106.8,105.2,2024-06-26,16.0,7.42,4.4
04:00:00,3998,105.8,105.8,2024-06-27,16.0,7.42,4.4
08:00:00,4321,105.8,106.2,2024-06-27,16.0,7.42,4.4
12:00:00,3109,106.4,106.4,2024-06-27,16.0,7.42,4.4
04:00:00,2874,106.6,107.4,2024-06-28,16.0,7.42,4.4
08:00:00,2336,107.0,106.6,2024-06-28,16.0,7.42,4.4
12:00:00,5539,106.4,105.6,2024-06-28,16.0,7.42,4.4
04:00:00,950,105.6,105.8,2024-07-01,16.0,7.42,4.4
08:00:00,1672,106.0,107.0,2024-07-01,16.0,7.42,4.4
12:00:00,1784,107.2,106.2,2024-07-01,16.0,7.42,4.4
04:00:00,1446,106.8,106.8,2024-07-02,16.0,7.42,4.4
08:00:00,1402,106.6,106.8,2024-07-02,16.0,7.42,4.4
12:00:00,532,106.8,106.2,2024-07-02,16.0,7.42,4.4
04:00:00,68,106.6,106.6,2024-07-03,16.0,7.42,4.5
08:00:00,4362,106.6,107.6,2024-07-03,16.0,7.42,4.5
12:00:00,4178,107.6,106.0,2024-07-03,16.0,7.42,4.5
04:00:00,3060,106.0,106.0,2024-07-04,16.0,7.42,4.5
08:00:00,667,106.0,105.6,2024-07-04,16.0,7.42,4.5
12:00:00,9923,105.6,104.4,2024-07-04,16.0,7.42,4.5
04:00:00,192,104.8,104.8,2024-07-05,16.0,7.42,4.5
08:00:00,1605,104.6,104.6,2024-07-05,16.0,7.42,4.5
12:00:00,505,104.6,104.2,2024-07-05,16.0,7.42,4.5
04:00:00,2217,104.2,104.0,2024-07-08,16.0,7.42,4.5
08:00:00,2327,103.6,102.4,2024-07-08,16.0,7.42,4.5
12:00:00,6260,102.4,103.4,2024-07-08,16.0,7.42,4.5
04:00:00,1120,103.4,102.6,2024-07-09,16.0,7.42,4.5
08:00:00,6601,102.8,102.6,2024-07-09,16.0,7.42,4.5
12:00:00,7106,102.6,101.8,2024-07-09,16.0,7.42,4.5
04:00:00,1528,101.6,101.6,2024-07-10,16.0,7.42,4.5
08:00:00,4056,101.6,100.6,2024-07-10,16.0,7.42,4.5
12:00:00,7685,100.6,98.8,2024-07-10,16.0,7.42,4.5
04:00:00,1485,99.4,101.2,2024-07-11,16.0,7.42,4.5
08:00:00,1643,101.2,102.0,2024-07-11,16.0,7.42,4.5
12:00:00,4984,101.6,101.8,2024-07-11,16.0,7.42,4.5
04:00:00,942,102.2,101.8,2024-07-12,16.0,7.42,4.5
08:00:00,537,101.4,101.8,2024-07-12,16.0,7.42,4.5
12:00:00,550,101.4,101.0,2024-07-12,16.0,7.42,4.5
04:00:00,636,101.8,100.6,2024-07-15,16.0,7.42,4.5
08:00:00,575,100.2,102.0,2024-07-15,16.0,7.42,4.5
12:00:00,452,101.6,101.0,2024-07-15,16.0,7.42,4.5
04:00:00,301,100.6,100.2,2024-07-16,16.0,7.42,4.5
08:00:00,1392,100.2,101.6,2024-07-16,16.0,7.42,4.5
12:00:00,713,101.6,101.0,2024-07-16,16.0,7.42,4.5
04:00:00,377,101.6,100.8,2024-07-17,16.0,7.42,4.5
08:00:00,238,100.8,102.0,2024-07-17,16.0,7.42,4.5
12:00:00,5228,101.4,99.4,2024-07-17,16.0,7.42,4.5
04:00:00,265,99.6,99.6,2024-07-18,16.0,7.42,4.5
08:00:00,605,99.4,99.8,2024-07-18,16.0,7.42,4.5
12:00:00,902,100.4,100.0,2024-07-18,16.0,7.42,4.5
04:00:00,1891,101.0,102.6,2024-07-19,16.0,7.42,4.5
08:00:00,666,102.6,102.6,2024-07-19,16.0,7.42,4.5
12:00:00,1842,102.4,101.2,2024-07-19,16.0,7.42,4.5
04:00:00,276,102.0,102.6,2024-07-22,16.0,7.42,4.5
08:00:00,4697,102.4,104.0,2024-07-22,16.0,7.42,4.5
12:00:00,299,104.4,104.2,2024-07-22,16.0,7.42,4.5
04:00:00,232,104.6,104.4,2024-07-23,16.0,7.42,4.5
08:00:00,305,104.4,103.8,2024-07-23,16.0,7.42,4.5
12:00:00,8097,103.8,103.0,2024-07-23,16.0,7.42,4.5
04:00:00,88,103.4,102.8,2024-07-24,16.0,7.42,4.5
08:00:00,3990,102.6,102.4,2024-07-24,16.0,7.42,4.5
12:00:00,1152,102.4,101.8,2024-07-24,16.0,7.42,4.5
04:00:00,488,102.0,101.2,2024-07-25,16.0,7.42,4.5
08:00:00,2810,101.2,101.0,2024-07-25,16.0,7.42,4.5
12:00:00,3840,101.0,101.0,2024-07-25,16.0,7.42,4.5
04:00:00,1036,100.6,101.6,2024-07-26,16.0,7.42,4.5
08:00:00,2200,101.6,101.0,2024-07-26,16.0,7.42,4.5
12:00:00,2821,100.6,99.4,2024-07-26,16.0,7.42,4.5
04:00:00,1170,99.4,99.2,2024-07-29,18.0,7.42,4.5
08:00:00,6872,99.4,97.8,2024-07-29,18.0,7.42,4.5
12:00:00,6564,97.8,97.0,2024-07-29,18.0,7.42,4.5
04:00:00,1311,97.4,97.6,2024-07-30,18.0,7.42,4.5
08:00:00,12276,97.6,98.2,2024-07-30,18.0,7.42,4.5
12:00:00,5051,98.2,99.2,2024-07-30,18.0,7.42,4.5
04:00:00,591,100.0,99.6,2024-07-31,18.0,7.42,3.0
08:00:00,1379,100.6,100.4,2024-07-31,18.0,7.42,3.0
12:00:00,1240,100.4,100.6,2024-07-31,18.0,7.42,3.0
04:00:00,443,101.2,101.6,2024-08-01,18.0,7.42,3.0
08:00:00,407,101.8,102.0,2024-08-01,18.0,7.42,3.0
12:00:00,4366,102.0,101.0,2024-08-01,18.0,7.42,3.0
04:00:00,971,100.8,100.8,2024-08-02,18.0,7.42,3.0
08:00:00,682,100.4,100.2,2024-08-02,18.0,7.42,3.0
12:00:00,1065,100.2,101.2,2024-08-02,18.0,7.42,3.0
04:00:00,2352,100.4,102.6,2024-08-05,18.0,7.42,3.0
08:00:00,2322,102.4,103.0,2024-08-05,18.0,7.42,3.0
12:00:00,1623,103.0,103.0,2024-08-05,18.0,7.42,3.0
04:00:00,8149,103.0,107.4,2024-08-06,18.0,7.42,3.0
08:00:00,18199,107.4,111.6,2024-08-06,18.0,7.42,3.0
12:00:00,14108,111.8,110.8,2024-08-06,18.0,7.42,3.0
04:00:00,3515,111.6,111.2,2024-08-07,18.0,7.42,3.0
08:00:00,6648,111.0,108.6,2024-08-07,18.0,7.42,3.0
12:00:00,2223,108.8,109.2,2024-08-07,18.0,7.42,3.0
04:00:00,1505,110.2,110.4,2024-08-08,18.0,7.42,3.0
08:00:00,7382,110.6,108.8,2024-08-08,18.0,7.42,3.0
12:00:00,887,108.6,108.4,2024-08-08,18.0,7.42,3.0
04:00:00,118,109.2,110.0,2024-08-09,18.0,7.42,3.0
08:00:00,1148,110.0,109.4,2024-08-09,18.0,7.42,3.0
12:00:00,400,109.4,109.6,2024-08-09,18.0,7.42,3.0
04:00:00,329,109.8,108.8,2024-08-12,18.0,7.42,3.0
08:00:00,3592,109.4,113.6,2024-08-12,18.0,7.42,3.0
12:00:00,3930,113.6,110.6,2024-08-12,18.0,7.42,3.0
04:00:00,1262,111.4,113.4,2024-08-13,18.0,7.42,3.0
08:00:00,2596,113.4,111.6,2024-08-13,18.0,7.42,3.0
12:00:00,4015,111.8,110.2,2024-08-13,18.0,7.42,3.0
04:00:00,762,110.4,111.4,2024-08-14,18.0,7.42,3.0
08:00:00,1438,111.2,111.0,2024-08-14,18.0,7.42,3.0
12:00:00,730,111.4,111.2,2024-08-14,18.0,7.42,3.0
04:00:00,185,111.0,110.6,2024-08-15,18.0,7.42,3.0
08:00:00,1394,110.6,109.0,2024-08-15,18.0,7.42,3.0
12:00:00,408,109.2,109.6,2024-08-15,18.0,7.42,3.0
04:00:00,1220,110.2,110.4,2024-08-16,18.0,7.42,3.0
08:00:00,825,110.4,111.0,2024-08-16,18.0,7.42,3.0
12:00:00,57338,111.0,119.8,2024-08-16,18.0,7.42,3.0
04:00:00,12448,119.8,119.8,2024-08-19,18.0,7.42,3.0
08:00:00,8668,119.0,117.2,2024-08-19,18.0,7.42,3.0
12:00:00,3375,117.2,116.8,2024-08-19,18.0,7.42,3.0
04:00:00,3839,117.0,117.2,2024-08-20,18.0,7.42,3.0
08:00:00,4301,117.2,116.8,2024-08-20,18.0,7.42,3.0
12:00:00,2888,117.0,116.6,2024-08-20,18.0,7.42,3.0
04:00:00,3750,116.6,117.2,2024-08-21,18.0,7.42,3.0
08:00:00,2927,117.4,117.6,2024-08-21,18.0,7.42,3.0
12:00:00,3066,117.8,117.8,2024-08-21,18.0,7.42,3.0
04:00:00,1301,118.2,117.8,2024-08-22,18.0,7.42,3.0
08:00:00,1509,117.8,117.4,2024-08-22,18.0,7.42,3.0
12:00:00,6573,117.2,116.0,2024-08-22,18.0,7.42,3.0
04:00:00,7130,115.6,115.0,2024-08-23,18.0,7.42,3.0
08:00:00,9448,115.0,115.2,2024-08-23,18.0,7.42,3.0
12:00:00,9238,115.4,115.4,2024-08-23,18.0,7.42,3.0
04:00:00,1701,116.0,116.0,2024-08-26,18.0,7.42,3.0
08:00:00,2562,116.0,116.2,2024-08-26,18.0,7.42,3.0
12:00:00,2651,116.2,116.6,2024-08-26,18.0,7.42,3.0
04:00:00,1903,117.0,116.4,2024-08-27,18.0,7.42,3.0
08:00:00,2295,116.4,116.6,2024-08-27,18.0,7.42,3.0
12:00:00,4227,116.6,116.8,2024-08-27,18.0,7.42,3.0
04:00:00,1956,117.0,116.6,2024-08-28,18.0,7.42,3.4
08:00:00,19213,116.6,116.4,2024-08-28,18.0,7.42,3.4
12:00:00,2682,116.6,116.8,2024-08-28,18.0,7.42,3.4
04:00:00,699,116.6,117.2,2024-08-29,18.0,7.42,3.4
08:00:00,1967,117.2,117.4,2024-08-29,18.0,7.42,3.4
12:00:00,3050,117.4,116.8,2024-08-29,18.0,7.42,3.4
04:00:00,1403,116.4,117.0,2024-08-30,18.0,7.42,3.4
08:00:00,12059,117.0,117.2,2024-08-30,18.0,7.42,3.4
12:00:00,10309,117.2,117.2,2024-08-30,18.0,7.42,3.4
04:00:00,10723,117.0,114.6,2024-09-02,18.0,7.42,3.4
08:00:00,5237,116.4,116.6,2024-09-02,18.0,7.42,3.4
12:00:00,4205,116.6,116.0,2024-09-02,18.0,7.42,3.4
04:00:00,3541,116.2,116.0,2024-09-03,18.0,7.42,3.4
08:00:00,12318,116.4,115.8,2024-09-03,18.0,7.42,3.4
12:00:00,4038,116.0,116.8,2024-09-03,18.0,7.42,3.4
04:00:00,39829,120.6,119.6,2024-09-04,18.0,7.42,3.4
08:00:00,26666,119.6,120.0,2024-09-04,18.0,7.42,3.4
12:00:00,10855,120.0,120.2,2024-09-04,18.0,7.42,3.4
04:00:00,13882,120.4,120.2,2024-09-05,18.0,7.42,3.4
08:00:00,30819,120.4,121.8,2024-09-05,18.0,7.42,3.4
12:00:00,52090,121.8,122.0,2024-09-05,18.0,7.42,3.4
04:00:00,10386,122.2,123.0,2024-09-06,18.0,7.42,3.4
08:00:00,22803,123.0,122.8,2024-09-06,18.0,7.42,3.4
12:00:00,45403,122.8,123.0,2024-09-06,18.0,7.42,3.4
04:00:00,2810,123.0,122.8,2024-09-09,18.0,7.42,3.4
08:00:00,7572,122.8,123.0,2024-09-09,18.0,7.42,3.4
12:00:00,39695,123.0,123.0,2024-09-09,18.0,7.42,3.4
04:00:00,4811,123.0,123.2,2024-09-10,18.0,7.42,3.4
08:00:00,3083,123.2,123.0,2024-09-10,18.0,7.42,3.4
12:00:00,14776,123.0,123.0,2024-09-10,18.0,7.42,3.4
04:00:00,1387,122.8,123.0,2024-09-11,18.0,7.42,3.4
08:00:00,8349,123.0,123.0,2024-09-11,18.0,7.42,3.4
12:00:00,10093,123.0,123.0,2024-09-11,18.0,7.42,3.4
04:00:00,1161,123.0,123.0,2024-09-12,18.0,7.42,3.4
08:00:00,7205,123.0,123.0,2024-09-12,18.0,7.42,3.4
12:00:00,10036,123.0,123.2,2024-09-12,18.0,7.42,3.4
04:00:00,782,123.2,123.4,2024-09-13,18.0,7.42,3.4
08:00:00,3807,123.4,123.4,2024-09-13,18.0,7.42,3.4
12:00:00,879,123.6,123.6,2024-09-13,18.0,7.42,3.4
04:00:00,749,124.0,123.6,2024-09-16,19.0,7.42,3.4
08:00:00,14282,123.6,123.2,2024-09-16,19.0,7.42,3.4
12:00:00,1737,123.2,123.2,2024-09-16,19.0,7.42,3.4
04:00:00,2337,123.2,123.2,2024-09-17,19.0,7.42,3.4
08:00:00,830,123.2,123.2,2024-09-17,19.0,7.42,3.4
12:00:00,14125,123.2,123.2,2024-09-17,19.0,7.42,3.4
04:00:00,5251,123.2,123.2,2024-09-18,19.0,7.42,3.4
08:00:00,6779,123.2,123.0,2024-09-18,19.0,7.42,3.4
12:00:00,4392,123.0,123.0,2024-09-18,19.0,7.42,3.4
04:00:00,369,123.2,123.0,2024-09-19,19.0,7.42,3.4
08:00:00,19991,122.8,123.0,2024-09-19,19.0,7.42,3.4
12:00:00,488,123.0,123.2,2024-09-19,19.0,7.42,3.4
04:00:00,407,123.2,123.0,2024-09-20,19.0,7.42,3.4
08:00:00,5742,123.0,123.0,2024-09-20,19.0,7.42,3.4
12:00:00,7154,123.0,123.6,2024-09-20,19.0,7.42,3.4
04:00:00,1415,123.2,123.2,2024-09-23,19.0,7.42,3.4
08:00:00,2703,123.0,123.0,2024-09-23,19.0,7.42,3.4
12:00:00,4946,123.0,123.2,2024-09-23,19.0,7.42,3.4
04:00:00,1633,123.4,123.2,2024-09-24,19.0,7.42,3.4
08:00:00,3306,123.0,123.0,2024-09-24,19.0,7.42,3.4
12:00:00,1317,123.0,123.0,2024-09-24,19.0,7.42,3.4
04:00:00,3041,123.2,123.4,2024-09-25,19.0,7.42,3.4
08:00:00,11807,123.4,123.6,2024-09-25,19.0,7.42,3.4
12:00:00,2755,123.6,123.8,2024-09-25,19.0,7.42,3.4
04:00:00,1020,123.6,123.6,2024-09-26,19.0,7.42,3.4
08:00:00,2422,123.6,123.6,2024-09-26,19.0,7.42,3.4
12:00:00,1679,123.8,123.6,2024-09-26,19.0,7.42,3.4
04:00:00,273,123.6,123.6,2024-09-27,19.0,7.42,3.4
08:00:00,3835,123.8,123.8,2024-09-27,19.0,7.42,3.4
12:00:00,1039,123.8,123.8,2024-09-27,19.0,7.42,3.4
04:00:00,1584,124.0,124.0,2024-09-30,19.0,7.42,3.4
08:00:00,9681,124.0,124.8,2024-09-30,19.0,7.42,3.4
12:00:00,1915,124.8,124.4,2024-09-30,19.0,7.42,3.4
04:00:00,7367,124.4,124.4,2024-10-01,19.0,7.42,3.4
08:00:00,914,124.2,124.4,2024-10-01,19.0,7.42,3.4
12:00:00,2218,124.4,124.6,2024-10-01,19.0,7.42,3.4
04:00:00,1067,124.2,124.4,2024-10-02,19.0,7.42,2.4
08:00:00,2214,124.4,124.4,2024-10-02,19.0,7.42,2.4
12:00:00,3721,124.4,124.4,2024-10-02,19.0,7.42,2.4
04:00:00,660,124.6,124.6,2024-10-03,19.0,7.42,2.4
08:00:00,24468,124.8,124.6,2024-10-03,19.0,7.42,2.4
12:00:00,3407,124.8,124.4,2024-10-03,19.0,7.42,2.4
04:00:00,3272,124.6,124.6,2024-10-04,19.0,7.42,2.4
08:00:00,5639,124.6,124.8,2024-10-04,19.0,7.42,2.4
12:00:00,266,124.6,124.6,2024-10-04,19.0,7.42,2.4
04:00:00,658,124.6,124.8,2024-10-07,19.0,7.42,2.4
08:00:00,5030,124.8,125.0,2024-10-07,19.0,7.42,2.4
12:00:00,2745,124.8,124.8,2024-10-07,19.0,7.42,2.4
04:00:00,5180,124.8,124.8,2024-10-08,19.0,7.42,2.4
08:00:00,2842,124.8,124.8,2024-10-08,19.0,7.42,2.4
12:00:00,3141,124.8,125.0,2024-10-08,19.0,7.42,2.4
04:00:00,103,125.0,124.8,2024-10-09,19.0,7.42,2.4
08:00:00,3563,124.8,124.8,2024-10-09,19.0,7.42,2.4
12:00:00,769,124.8,124.8,2024-10-09,19.0,7.42,2.4
04:00:00,3210,124.8,125.0,2024-10-10,19.0,7.42,2.4
08:00:00,5354,125.0,125.0,2024-10-10,19.0,7.42,2.4
12:00:00,3186,125.0,125.2,2024-10-10,19.0,7.42,2.4
04:00:00,6092,125.2,125.2,2024-10-11,19.0,7.42,2.4
08:00:00,1789,125.2,125.4,2024-10-11,19.0,7.42,2.4
12:00:00,264,125.2,125.2,2024-10-11,19.0,7.42,2.4
04:00:00,285,125.4,125.4,2024-10-14,19.0,7.42,2.4
08:00:00,16570,125.4,126.2,2024-10-14,19.0,7.42,2.4
12:00:00,1899,126.2,125.8,2024-10-14,19.0,7.42,2.4
04:00:00,636,125.8,125.6,2024-10-15,19.0,7.42,2.4
08:00:00,1919,125.8,125.8,2024-10-15,19.0,7.42,2.4
12:00:00,342,126.0,126.0,2024-10-15,19.0,7.42,2.4
04:00:00,1959,125.8,126.0,2024-10-16,19.0,7.42,2.4
08:00:00,1282,125.8,126.2,2024-10-16,19.0,7.42,2.4
12:00:00,947,126.2,126.0,2024-10-16,19.0,7.42,2.4
04:00:00,530,126.0,126.2,2024-10-17,19.0,7.42,2.4
08:00:00,1029,126.0,126.2,2024-10-17,19.0,7.42,2.4
12:00:00,929,126.2,126.4,2024-10-17,19.0,7.42,2.4
04:00:00,1067,126.2,126.2,2024-10-18,19.0,7.42,2.4
08:00:00,460,126.2,126.2,2024-10-18,19.0,7.42,2.4
12:00:00,2027,126.2,126.2,2024-10-18,19.0,7.42,2.4
04:00:00,543,126.2,126.4,2024-10-21,19.0,7.42,2.4
08:00:00,2089,126.4,126.4,2024-10-21,19.0,7.42,2.4
12:00:00,498,126.4,126.6,2024-10-21,19.0,7.42,2.4
04:00:00,889,126.4,126.4,2024-10-22,19.0,7.42,2.4
08:00:00,623,126.4,126.6,2024-10-22,19.0,7.42,2.4
12:00:00,617,126.4,126.4,2024-10-22,19.0,7.42,2.4
04:00:00,739,126.4,126.4,2024-10-23,19.0,7.42,2.4
08:00:00,6365,126.4,126.8,2024-10-23,19.0,7.42,2.4
12:00:00,1598,126.6,126.6,2024-10-23,19.0,7.42,2.4
04:00:00,494,126.6,126.6,2024-10-24,19.0,7.42,2.4
08:00:00,863,126.6,126.6,2024-10-24,19.0,7.42,2.4
12:00:00,2333,126.6,126.6,2024-10-24,19.0,7.42,2.4
04:00:00,1748,126.6,126.6,2024-10-25,19.0,7.42,2.4
08:00:00,3742,126.6,126.6,2024-10-25,19.0,7.42,2.4
12:00:00,6885,126.8,126.6,2024-10-25,19.0,7.42,2.4
04:00:00,1564,126.6,126.6,2024-10-28,21.0,7.42,2.4
08:00:00,4077,126.6,126.6,2024-10-28,21.0,7.42,2.4
12:00:00,7030,126.6,126.4,2024-10-28,21.0,7.42,2.4
04:00:00,168,126.6,126.8,2024-10-29,21.0,7.42,2.4
08:00:00,691,126.6,126.6,2024-10-29,21.0,7.42,2.4
12:00:00,949,126.8,126.6,2024-10-29,21.0,7.42,2.4
04:00:00,1653,126.6,127.0,2024-10-30,21.0,7.42,2.9
08:00:00,1716,127.0,127.2,2024-10-30,21.0,7.42,2.9
12:00:00,763,127.0,126.6,2024-10-30,21.0,7.42,2.9
04:00:00,219,126.6,126.6,2024-10-31,21.0,7.42,2.9
08:00:00,539,126.6,126.8,2024-10-31,21.0,7.42,2.9
12:00:00,378,126.6,126.6,2024-10-31,21.0,7.42,2.9
04:00:00,1214,126.8,127.0,2024-11-01,21.0,7.42,2.9
08:00:00,4007,126.8,127.0,2024-11-01,21.0,7.42,2.9
12:00:00,3564,127.0,127.0,2024-11-01,21.0,7.42,2.9
04:00:00,96,127.0,127.0,2024-11-02,21.0,7.42,2.9
08:00:00,283,127.2,127.0,2024-11-02,21.0,7.42,2.9
12:00:00,2149,127.0,127.0,2024-11-02,21.0,7.42,2.9
04:00:00,3326,127.2,127.2,2024-11-05,21.0,7.42,2.9
08:00:00,1330,127.2,127.4,2024-11-05,21.0,7.42,2.9
12:00:00,1063,127.2,127.2,2024-11-05,21.0,7.42,2.9
04:00:00,1798,127.2,127.4,2024-11-06,21.0,7.42,2.9
08:00:00,6916,127.4,127.2,2024-11-06,21.0,7.42,2.9
12:00:00,8365,127.4,126.0,2024-11-06,21.0,7.42,2.9
08:00:00,8124,113.4,125.2,2024-11-07,21.0,7.42,2.9
12:00:00,4018,125.2,125.4,2024-11-07,21.0,7.42,2.9
04:00:00,550,122.2,124.0,2024-11-08,21.0,7.42,2.9
08:00:00,1954,124.4,124.2,2024-11-08,21.0,7.42,2.9
12:00:00,4674,124.2,124.2,2024-11-08,21.0,7.42,2.9
04:00:00,797,125.0,122.4,2024-11-11,21.0,7.42,2.9
08:00:00,1621,122.6,119.8,2024-11-11,21.0,7.42,2.9
12:00:00,2402,120.6,122.4,2024-11-11,21.0,7.42,2.9
